Develop an ontology dedicated to {noun}.		Develop an ontology dedicated to Time.	Time OntologyI. Time: The indefinite continued progress of existence and events that occur in apparently irreversible succession from the past, through the present, into the future.  A. Units of Time     1. Second: The fundamental unit of time.        a. Nanosecond        b. Microsecond        c. Millisecond     2. Minute: Contains 60 seconds     3. Hour: Contains 60 minutes     4. Day: Contains 24 hours.     5. Week: Contains 7 days.     6. Month: A period of time that roughly corresponds with the moon's synodic period        a. Lunar Month        b. Gregorian Month     7. Year: A period of time that approximates the time needed for the earth to complete one orbit around the sun.        a. Calendar Year        b. Fiscal Year        c. Astronomical Year        d. Leap Year     8. Decade: Contains 10 years.     9. Century: Contains 100 years.     10. Millennium: Contains 1000 years.      B. Measurement of Time      1. Clock: An instrument to measure, keep, and indicate time         a. Wall Clock         b. Alarm Clock         c. Stopwatch         d. Hourglass      2. Calendar: A system of organizing days for social, religious, commercial, or administrative purposes.      3. Sundial: Uses the position of the sun to indicate the time.         C. Concepts of Time      1. Past: The time before now.      2. Present: The time occurring now.      3. Future: The time yet to come.      4. Eternity: Infinite or unending time.      5. Temporality: The state of existing within or having some relationship with time.      6. Time Travel: The concept of movement between certain points in time.  D. Process of Time      1. Aging: The process of becoming older.      2. Growth: The process of increasing in size.      3. Decay: The process of decline in quality, power, or vigor.      4. Evolution: The process by which different kinds of living organisms developed and diversified from earlier forms during the history of earth.         E. Time Zones      - Definition: A region of the globe that observes a uniform standard time for legal, commercial, and social purposes.      1. Pacific Time      2. Mountain Time      3. Central Time      4. Eastern Time      5. Greenwich Mean Time      6. Coordinated Universal Time  F. Cultural and Scientific Theories of Time      1. Linear Time      2. Cyclical Time      3. Einstein's Theory of Relativity      4. Quantum Mechanics      5. The Arrow of Time.      6. The Big Bang Theory.
Develop an ontology dedicated to {noun}.	 Provide it in valid Turtle/RDF format, excluding any extra text.	Develop an ontology dedicated to Time. Provide it in valid Turtle/RDF format, excluding any extra text.	```turtle@prefix rdf: <http://www.w3.org/1999/02/22-rdf-syntax-ns#> .@prefix owl: <http://www.w3.org/2002/07/owl#> .@prefix rdfs: <http://www.w3.org/2000/01/rdf-schema#> .@prefix xsd: <http://www.w3.org/2001/XMLSchema#> .@prefix time: <http://www.w3.org/2006/time#> .time:     rdf:type owl:Ontology ;    rdfs:comment "An ontology for describing time" ;    rdfs:label "Time Ontology" .time:Instant     rdf:type owl:Class ;    rdfs:comment "A point in time" ;    rdfs:label "Instant" .time:Interval     rdf:type owl:Class ;    rdfs:comment "A span of time" ;    rdfs:label "Interval" .time:DateTimeDescription     rdf:type owl:Class ;    rdfs:comment "A specific date and time" ;    rdfs:label "DateTimeDescription" .time:hasDateTimeDescription    rdf:type owl:ObjectProperty ;    rdfs:comment "The DateTimeDescription of an Instant" ;    rdfs:domain time:Instant ;    rdfs:range time:DateTimeDescription .time:inXSDDateTime     rdf:type owl:DatatypeProperty ;    rdfs:comment "The xsd:dateTime that represents an Instant" ;    rdfs:domain time:Instant ;    rdfs:range xsd:dateTime .time:hasBeginning     rdf:type owl:ObjectProperty ;    rdfs:comment "The beginning instant of an Interval" ;    rdfs:domain time:Interval ;    rdfs:range time:Instant .time:hasEnd     rdf:type owl:ObjectProperty ;    rdfs:comment "The end instant of an Interval" ;    rdfs:domain time:Interval ;    rdfs:range time:Instant .```
Develop an ontology dedicated to {noun}.	 Return it in Turtle/RDF, without any additional text.	Develop an ontology dedicated to Time. Return it in Turtle/RDF, without any additional text.	@prefix rdf: <http://www.w3.org/1999/02/22-rdf-syntax-ns#> .@prefix rdfs: <http://www.w3.org/2000/01/rdf-schema#> .@prefix owl: <http://www.w3.org/2002/07/owl#> .@prefix xsd: <http://www.w3.org/2001/XMLSchema#> .@prefix time: <http://www.timeontology.org#> .time:Time rdfs:subClassOf rdfs:Resource ;    rdfs:comment "The class of times or durations."@en .time:Instant rdfs:subClassOf time:Time ;    rdfs:comment "A point in time."@en .time:Interval rdfs:subClassOf time:Time ;    rdfs:comment "An extent of time determined by two instants."@en .    time:DateTime rdfs:subClassOf time:Instant ;    rdfs:comment "An instant of time that is connected with a calendar system."@en .time:Duration rdfs:subClassOf time:Time ;    rdfs:comment "A duration or length of time."@en .time:inDateTime rdfs:domain time:Time ;    rdfs:range time:DateTime ;    rdf:type rdf:Property ;    rdfs:comment "Property connecting time with a DateTime."@en .    time:inXSDDateTime rdfs:domain time:DateTime ;    rdfs:range xsd:dateTime ;    rdf:type rdf:Property ;    rdfs:comment "Property connecting DateTime with xsd:dateTime."@en .time:hasBeginning rdfs:domain time:Interval ;    rdfs:range time:Instant ;    rdf:type rdf:Property ;    rdfs:comment "Property indicating the beginning instant of a time interval."@en .time:hasEnd rdfs:domain time:Interval ;    rdfs:range time:Instant ;    rdf:type rdf:Property ;    rdfs:comment "Property indicating the ending instant of a time interval."@en .time:hasDuration rdfs:domain time:Interval ;    rdfs:range time:Duration ;    rdf:type rdf:Property ;    rdfs:comment "Property indicating the duration of a time interval."@en .time:isFollowedBy rdfs:domain time:Instant ;    rdfs:range time:Instant ;    rdf:type rdf:Property ;    owl:inverseOf time:isPrecededBy ;    rdfs:comment "Property indicating one instant is followed by another."@en .time:isPrecededBy rdfs:domain time:Instant ;    rdfs:range time:Instant ;    rdf:type rdf:Property ;    owl:inverseOf time:isFollowedBy ;    rdfs:comment "Property indicating one instant is preceded by another."@en .
Develop an ontology dedicated to {noun}.	 Make it in valid Turtle/RDF, without any explanatory text.	Develop an ontology dedicated to Time. Make it in valid Turtle/RDF, without any explanatory text.	```@prefix rdf: <http://www.w3.org/1999/02/22-rdf-syntax-ns#> .@prefix rdfs: <http://www.w3.org/2000/01/rdf-schema#> .@prefix owl: <http://www.w3.org/2002/07/owl#> .@prefix time: <http://www.example.org/ontology/time#> .# Classestime:Time rdf:type owl:Class .time:Instant rdf:type owl:Class ;    rdfs:subClassOf time:Time .time:Interval rdf:type owl:Class ;    rdfs:subClassOf time:Time .time:Duration rdf:type owl:Class ;    rdfs:subClassOf time:Time .# Propertiestime:hasBeginning rdf:type owl:DatatypeProperty ;    rdfs:range time:Instant ;    rdfs:domain time:Interval .    time:hasEnd rdf:type owl:DatatypeProperty ;    rdfs:range time:Instant ;    rdfs:domain time:Interval .time:hasDuration rdf:type owl:DatatypeProperty ;    rdfs:range time:Duration ;    rdfs:domain time:Interval .# Part relationstime:isPartOf rdf:type owl:TransitiveProperty, owl:SymmetricProperty ;    rdfs:range time:Time ;    rdfs:domain time:Time .```
Develop an ontology dedicated to {noun}.	 Use Turtle/RDF, without any extra textual content.	Develop an ontology dedicated to Time. Use Turtle/RDF, without any extra textual content.	@prefix rdf: <http://www.w3.org/1999/02/22-rdf-syntax-ns#> .@prefix rdfs: <http://www.w3.org/2000/01/rdf-schema#> .@prefix owl: <http://www.w3.org/2002/07/owl#> .@prefix xsd: <http://www.w3.org/2001/XMLSchema#> .@prefix time: <http://www.example.org/time#> .time:    a owl:Ontology ;    rdfs:comment "An Ontology dedicated to Time" ;    rdfs:label "Time Ontology".time:TimePeriod    a rdfs:Class ;    rdfs:label "Time period" ;    rdfs:comment "A specific length of time." .time:Instant    a rdfs:Class ;    rdfs:label "Instant" ;    rdfs:comment "A specific point in time." .time:hasBeginning    a rdf:Property ;    rdfs:domain time:TimePeriod ;    rdfs:range time:Instant ;    rdfs:comment "The beginning of a time period" ;    rdfs:label "has beginning" .time:hasEnd    a rdf:Property ;    rdfs:domain time:TimePeriod ;    rdfs:range time:Instant ;    rdfs:comment "The end of a time period" ;    rdfs:label "has end" .time:hasDateTime    a rdf:Property ;    rdfs:domain time:Instant ;    rdfs:range xsd:dateTime ;    rdfs:comment "Defines the exact date and time of an instant" ;    rdfs:label "has date time" .
Construct an ontology focused on {noun}.		Construct an ontology focused on Time.	I. Time   A. General Concepts    1. Units of Time        a. Seconds        b. Minutes        c. Hours        d. Days        e. Weeks        f. Months        g. Years        h. Decades        i. Centuries    2. Time Zones        a. GMT        b. PST        c. CST        d. EST        e. IST        f. AEST          B. Historical Time    1. Eras        a. Prehistoric Era        b. Ancient Era        c. Medieval Era        d. Modern Era    2. Significant Time Periods        a. The Renaissance        b. The Industrial Revolution        c. World Wars        d. Information Age    C. Time in Science    1. Theoretical Concepts        a. Time Travel        b. Time Dilation        c. Time Perception        d. Quantum of Time    2. Time Measurement Tools        a. Clocks        b. Sundials        c. Hourglass        d. Chronometers        e. Atomic Clocks    D. Metaphysical Concepts of Time    1. Linear Time    2. Cyclical Time    3. Eternal Time  E. Cultural Concepts of Time    1. Time in Religion        a. Creationist Time        b. Cyclic Time in Hinduism        c. Apocalyptic Time in Christianity    2. Time in Philosophy        a. Presentism        b. Eternalism        c. Growing Block Universe  F. Personal Time    1. Biographical Time    2. Psychological Time Perception        a. Time seems to speed up with age        b. Time appears to slow down in danger  G. Social Time    1. Working Hours    2. Holidays    3. Important Dates and Anniversaries
Construct an ontology focused on {noun}.	 Provide it in valid Turtle/RDF format, excluding any extra text.	Construct an ontology focused on Time. Provide it in valid Turtle/RDF format, excluding any extra text.	```ttl@prefix rdf: <http://www.w3.org/1999/02/22-rdf-syntax-ns#> .@prefix rdfs: <http://www.w3.org/2000/01/rdf-schema#> .@prefix owl: <http://www.w3.org/2002/07/owl#> .@prefix xsd: <http://www.w3.org/2001/XMLSchema#> .@prefix time: <http://www.w3.org/2006/time#> .time:TimeInterval rdf:type owl:Class ;    rdfs:label "Time Interval"@en ;    rdfs:comment "An interval of time."@en .time:Instant rdf:type owl:Class ;    rdfs:label "Instant"@en ;    rdfs:comment "A specific point in time."@en ;    rdfs:subClassOf time:TimeInterval .time:TemporalEntity rdf:type owl:Class ;    rdfs:label "Temporal Entity"@en ;    rdfs:comment "Any entity that has temporal extent or location."@en .time:hasTime rdf:type owl:ObjectProperty ;    rdfs:label "has time"@en ;    rdfs:comment "Relates an entity to the TimeIntervals at which it is present."@en ;    rdfs:domain time:TemporalEntity ;    rdfs:range time:TimeInterval .time:inXSDDate rdf:type owl:DatatypeProperty ;    rdfs:label "in XSD Date"@en ;    rdfs:comment "Relates an instant or interval of time with its representation as an xsd:Date."@en ;    rdfs:domain [ rdf:type owl:Class ; owl:unionOf (time:Instant time:TimeInterval) ] ;    rdfs:range xsd:Date .time:before rdf:type owl:ObjectProperty ;    rdfs:label "before"@en ;    rdfs:comment "Indicates that one time interval is completely before another."@en ;    rdfs:domain time:TimeInterval ;    rdfs:range time:TimeInterval .time:after rdf:type owl:ObjectProperty ;    rdfs:label "after"@en ;    rdfs:comment "Indicates that one time interval is completely after another."@en ;    rdfs:domain time:TimeInterval ;    rdfs:range time:TimeInterval .```
Construct an ontology focused on {noun}.	 Return it in Turtle/RDF, without any additional text.	Construct an ontology focused on Time. Return it in Turtle/RDF, without any additional text.	@prefix : <http://example.org/time#> .@prefix rdfs: <http://www.w3.org/2000/01/rdf-schema#> .@prefix owl: <http://www.w3.org/2002/07/owl#> .@prefix xsd: <http://www.w3.org/2001/XMLSchema#> .:Time a owl:Class ;    rdfs:subClassOf owl:Thing ;    rdfs:label "Time"@en ;    rdfs:comment "This class represents time"@en .    :Date a owl:Class ;    rdfs:subClassOf :Time ;    rdfs:label "Date"@en ;    rdfs:comment "A specific day represented in calendar time"@en .    :DateTime a owl:Class ;    rdfs:subClassOf :Date ;    rdfs:label "DateTime"@en ;    rdfs:comment "A specific moment represented in calendar time and clock time"@en .:hasHour a owl:ObjectProperty ;    rdfs:subClassOf owl:topObjectProperty ;    rdfs:domain :DateTime ;    rdfs:range xsd:integer ;    rdfs:label "hasHour"@en ;    rdfs:comment "Represents the hour of a datetime"@en .    :hasMinute a owl:ObjectProperty ;    rdfs:subClassOf owl:topObjectProperty ;    rdfs:domain :DateTime ;    rdfs:range xsd:integer ;    rdfs:label "hasMinute"@en ;    rdfs:comment "Represents the minute of a datetime"@en .:hasSecond a owl:ObjectProperty ;    rdfs:subClassOf owl:topObjectProperty ;    rdfs:domain :DateTime ;    rdfs:range xsd:integer ;    rdfs:label "hasSecond"@en ;    rdfs:comment "Represents the second of a datetime"@en .:hasDay a owl:ObjectProperty ;    rdfs:subClassOf owl:topObjectProperty ;    rdfs:domain :Date ;    rdfs:range xsd:integer ;    rdfs:label "hasDay"@en ;    rdfs:comment "Represents the day of a date"@en .:hasMonth a owl:ObjectProperty ;    rdfs:subClassOf owl:topObjectProperty ;    rdfs:domain :Date ;    rdfs:range xsd:integer ;    rdfs:label "hasMonth"@en ;    rdfs:comment "Represents the month of a date"@en .:hasYear a owl:ObjectProperty ;    rdfs:subClassOf owl:topObjectProperty ;    rdfs:domain :Date ;    rdfs:range xsd:integer ;    rdfs:label "hasYear" ;    rdfs:comment "Represents the year of a date".
Construct an ontology focused on {noun}.	 Make it in valid Turtle/RDF, without any explanatory text.	Construct an ontology focused on Time. Make it in valid Turtle/RDF, without any explanatory text.	```@prefix rdf: <http://www.w3.org/1999/02/22-rdf-syntax-ns#> .@prefix rdfs: <http://www.w3.org/2000/01/rdf-schema#> .@prefix owl: <http://www.w3.org/2002/07/owl#> .@prefix xsd: <http://www.w3.org/2001/XMLSchema#> .@prefix time: <http://www.example.org/time#> .time: a owl:Ontology ;    rdfs:comment "An ontology of Time" .time:Instant a rdfs:Class ;  rdfs:comment "A point in time" ;  rdfs:subClassOf rdfs:Resource .time:Interval a rdfs:Class ;  rdfs:comment "A period of time between two points" ;  rdfs:subClassOf rdfs:Resource .time:hasBeginning a rdf:Property ;  rdfs:range time:Instant ;  rdfs:domain time:Interval ;  rdfs:comment "The time instant at which an interval begins" .time:hasEnd a rdf:Property ;  rdfs:range time:Instant ;  rdfs:domain time:Interval ;  rdfs:comment "The time instant at which an interval ends" .time:inXSDDateTime a rdf:Property ;  rdfs:domain time:Instant ;  rdfs:range xsd:dateTime ;  rdfs:comment "A relationship between a time instant and an xsd:dateTime value" .time:duration a rdf:Property ;  rdfs:domain time:Interval ;  rdfs:range xsd:duration ;  rdfs:comment "The duration of a time interval" . ```
Construct an ontology focused on {noun}.	 Use Turtle/RDF, without any extra textual content.	Construct an ontology focused on Time. Use Turtle/RDF, without any extra textual content.	@prefix owl: <http://www.w3.org/2002/07/owl#> .@prefix rdf: <http://www.w3.org/1999/02/22-rdf-syntax-ns#> .@prefix rdfs: <http://www.w3.org/2000/01/rdf-schema#> .@prefix xsd: <http://www.w3.org/2001/XMLSchema#> .@prefix time: <http://purl.org/temporal/time#> .<http://purl.org/temporal/time#>        rdf:type owl:Ontology ;        rdfs:comment "An ontology model for Time."@en ;        rdfs:label "Time Ontology"@en .        time:Instant rdf:type owl:Class ;        rdfs:comment "A specific point in time."@en ;        rdfs:label "Instant"@en .time:Interval rdf:type owl:Class ;        rdfs:comment "An interval of time, between two instants."@en ;        rdfs:label "Interval"@en .time:Duration rdf:type owl:Class ;        rdfs:comment "A measure of elapsed time."@en ;        rdfs:label "Duration"@en .time:DateTime rdf:type owl:DatatypeProperty ;        rdfs:comment "Date and time of the instant."@en ;        rdfs:range xsd:dateTime ;        rdfs:domain time:Instant ;        rdfs:label "DateTime"@en .time:hasBeginning rdf:type owl:ObjectProperty ;        rdfs:comment "The instant at which the interval begins."@en ;        rdfs:range time:Instant ;        rdfs:domain time:Interval ;        rdfs:label "hasBeginning"@en .        time:hasEnd rdf:type owl:ObjectProperty ;        rdfs:comment "The instant at which the interval ends."@en ;        rdfs:range time:Instant ;        rdfs:domain time:Interval ;        rdfs:label "hasEnd"@en .        time:hasDuration rdf:type owl:ObjectProperty ;        rdfs:comment "The duration of the interval."@en ;        rdfs:range time:Duration ;        rdfs:domain time:Interval ;        rdfs:label "hasDuration"@en .
Build an ontology surrounding the concept of {noun}.		Build an ontology surrounding the concept of Time.	Concept: Time1. Sub-Concepts:   - 1.1 Past: The period of time that has gone before.         - 1.1.1 Event: Something that took place or happened in the past.        - 1.1.2 History: The study of past events.        - 1.1.3 Yesterday: The day before today.   - 1.2 Present: The current moment or period of time.        - 1.2.1 Now: The current moment.        - 1.2.2 Today: The present day.   - 1.3 Future: The period of time that is yet to come.        - 1.3.1 Tomorrow: The day after today.        - 1.3.2 Forecast: Predictions concerning future events.        - 1.3.3 Potential Events: Events that may happen in the future.   2. Properties of Time:   - 2.1 Finite: Time has a beginning and an end.   - 2.2 Continuity: Time is continuous and unbroken.3. Relationships in Time:   - 3.1 Chronological Order: Events arranged in time.   - 3.2 Time Interval: The amount of time between two events.   - 3.3 Time Duration: The length of time an event lasts.   - 3.4 Co-Occurrence: Two or more events happening at the same time.4. Instruments of Time:   - 4.1 Clock: Measures time in hours and minutes.   - 4.2 Calendar: Measures longer periods of time in days, weeks, months, & years.   - 4.3 Stopwatch: Measures precise spans of time.   - 4.4 Sundial: Measures time based on the position of the sun.5. Units of Time:   - 5.1 Seconds: The base unit of time.   - 5.2 Minutes: Comprised of 60 seconds.   - 5.3 Hours: Comprised of 60 minutes.   - 5.4 Days: Comprised of 24 hours.   - 5.5 Weeks: Comprised of 7 days.   - 5.6 Months: Roughly comprised of 30 days.   - 5.7 Years: Comprised of about 12 months or 365 days.   - 5.8 Decades: Comprised of 10 years.   - 5.9 Centuries: Comprised of 100 years.   - 5.10 Millenniums: Comprised of 1,000 years. 6. Time in Culture:    - 6.1 Mythology: Different cultures have various gods and deities representing time.    - 6.2 Philoophy: Various philosophies on the nature of time.    - 6.3 Literature: Time often plays a crucial role in narratives and story-telling.    - 6.4 Science: The study of time in relation to physics, cosmology, etc.   7. Time Theory:    - 7.1 Linear: Time proceeds in a straight line from past to future.    - 7.2 Cyclical: Time is seen as repeating in cycles.    - 7.3 Time Travel: The hypothetical concept of moving between different points in time.    - 7.4 Multiverse: Multiple universes existing concurrently in different timelines.
Build an ontology surrounding the concept of {noun}.	 Provide it in valid Turtle/RDF format, excluding any extra text.	Build an ontology surrounding the concept of Time. Provide it in valid Turtle/RDF format, excluding any extra text.	@prefix rdf: <http://www.w3.org/1999/02/22-rdf-syntax-ns#> .@prefix rdfs: <http://www.w3.org/2000/01/rdf-schema#> .@prefix owl: <http://www.w3.org/2002/07/owl#> .@prefix xsd: <http://www.w3.org/2001/XMLSchema#> .@prefix time: <http://www.example.com/time#> .# Basic ontology definitiontime:     a owl:Ontology ;    rdfs:comment "Ontology of the Time concept"@en ;    rdfs:label "TimeOntology"@en .# Time concept and its propertiestime:Time     a rdfs:Class ;    rdfs:comment "The concept of time"@en ;    rdfs:label "Time" .time:hasSecond    a rdf:Property ;    rdfs:domain time:Time ;    rdfs:range xsd:integer ;    rdfs:comment "The seconds part of a time"@en ;    rdfs:label "has second" .time:hasMinute    a rdf:Property ;    rdfs:domain time:Time ;    rdfs:range xsd:integer ;    rdfs:comment "The minutes part of a time"@en ;    rdfs:label "has minute" .time:hasHour    a rdf:Property ;    rdfs:domain time:Time ;    rdfs:range xsd:integer ;    rdfs:comment "The hour part of a time"@en ;    rdfs:label "has hour" .# Date & its propertiestime:Date     a rdfs:Class ;    rdfs:comment "The concept of date"@en ;    rdfs:label "Date" .time:hasDay    a rdf:Property ;    rdfs:domain time:Date ;    rdfs:range xsd:integer ;    rdfs:comment "The day part of a date"@en ;    rdfs:label "has day" .time:hasMonth    a rdf:Property ;    rdfs:domain time:Date ;    rdfs:range xsd:integer ;    rdfs:comment "The month part of a date"@en ;    rdfs:label "has month" .time:hasYear    a rdf:Property ;    rdfs:domain time:Date ;    rdfs:range xsd:integer ;    rdfs:comment "The year part of a date"@en ;    rdfs:label "has year" .# DateTime concept - combination of Date & Timetime:DateTime     a rdfs:Class ;    rdfs:subClassOf time:Date, time:Time ;    rdfs:comment "The concept of date and time"@en ;    rdfs:label "DateTime" .# Time Zone & its propertiestime:TimeZone    a rdfs:Class ;    rdfs:comment "The concept of time zone"@en ;    rdfs:label "TimeZone" .time:hasOffset    a rdf:Property ;    rdfs:domain time:TimeZone ;    rdfs:range xsd:integer ;    rdfs:comment "The offset part of a time zone"@en ;    rdfs:label "has offset" .time:isInDateTime    a rdf:Property ;    rdfs:domain time:TimeZone ;    rdfs:range time:DateTime ;    rdfs:comment "Specifies that a time zone is part of a DateTime"@en ;    rdfs:label "is in DateTime" .
Build an ontology surrounding the concept of {noun}.	 Return it in Turtle/RDF, without any additional text.	Build an ontology surrounding the concept of Time. Return it in Turtle/RDF, without any additional text.	@prefix rdfs: <http://www.w3.org/2000/01/rdf-schema#> .@prefix owl: <http://www.w3.org/2002/07/owl#> .@prefix xsd: <http://www.w3.org/2001/XMLSchema#> .@prefix time: <http://ex.org/Time#> .time: a owl:Ontology ;      rdfs:comment "An ontology of the concept of time"@en .time:TimePeriod a owl:Class ;      rdfs:label "Time Period"@en ;      rdfs:comment "Represents a period of time"@en .time:DateTime a owl:Class ;      rdfs:label "DateTime"@en ;      rdfs:comment "Represents a specific date and time"@en .time:Duration a owl:Class ;      rdfs:label "Duration"@en ;      rdfs:comment "Represents the length of a time period"@en .time:TimeZone a owl:Class ;      rdfs:label "TimeZone"@en ;      rdfs:comment "Represents a time zone"@en .time:hasStartTime a owl:ObjectProperty ;      rdfs:domain time:TimePeriod ;      rdfs:range time:DateTime ;      rdfs:label "has start time"@en ;      rdfs:comment "Indicates the start time of a time period"@en .time:hasEndTime a owl:ObjectProperty ;      rdfs:domain time:TimePeriod ;      rdfs:range time:DateTime ;      rdfs:label "has end time"@en ;      rdfs:comment "Indicates the end time of a time period"@en .time:hasDuration a owl:DatatypeProperty ;      rdfs:domain time:TimePeriod ;      rdfs:range xsd:duration ;      rdfs:label "has duration"@en ;      rdfs:comment "Indicates the duration of a time period "@en .time:inTimeZone a owl:ObjectProperty ;      rdfs:domain time:DateTime ;      rdfs:range time:TimeZone ;      rdfs:label "in time zone"@en ;      rdfs:comment "Indicates the time zone a date and time is in"@en .
Build an ontology surrounding the concept of {noun}.	 Make it in valid Turtle/RDF, without any explanatory text.	Build an ontology surrounding the concept of Time. Make it in valid Turtle/RDF, without any explanatory text.	```turtle@prefix rdf: <http://www.w3.org/1999/02/22-rdf-syntax-ns#> .@prefix rdfs: <http://www.w3.org/2000/01/rdf-schema#> .@prefix owl: <http://www.w3.org/2002/07/owl#> .@prefix xsd: <http://www.w3.org/2001/XMLSchema#> .@prefix time: <http://www.example.org/time#> .time:    a owl:Ontology ;    rdfs:comment "A simple ontology of time" .time:Time    a rdfs:Class ;    rdfs:label "Time" ;    rdfs:comment "The measure of events occurrence" .time:Clock    a rdfs:Class;    rdfs:subClassOf time:Time ;    rdfs:label "Clock" ;    rdfs:comment "A tool used to measure time" .time:Calendar    a rdfs:Class;    rdfs:subClassOf time:Time ;    rdfs:label "Calendar" ;    rdfs:comment "A system of organizing days for social, religious, commercial or administrative purposes" .time:Second    a rdfs:Class;    rdfs:subClassOf time:Time ;    rdfs:label "Second" ;    rdfs:comment "A unit of time" .time:Minute    a rdfs:Class;    rdfs:subClassOf time:Time ;    rdfs:label "Minute" ;    rdfs:comment "A unit of time" .time:Hour     a rdfs:Class;    rdfs:subClassOf time:Time ;    rdfs:label "Hour" ;    rdfs:comment "A unit of time" .time:Day     a rdfs:Class;    rdfs:subClassOf time:Time ;    rdfs:label "Day" ;    rdfs:comment "A unit of time" .time:Week     a rdfs:Class;    rdfs:subClassOf time:Time ;    rdfs:label "Week" ;    rdfs:comment "A unit of time" .time:Month     a rdfs:Class;    rdfs:subClassOf time:Time ;    rdfs:label "Month" ;    rdfs:comment "A unit of time" .time:Year     a rdfs:Class;    rdfs:subClassOf time:Time ;    rdfs:label "Year" ;    rdfs:comment "A unit of time" .time:hasTime    a rdf:Property ;    rdfs:domain time:Clock ;    rdfs:range time:Time ;    rdfs:label "has time" ;    rdfs:comment "The time indicated by the clock" .```
Build an ontology surrounding the concept of {noun}.	 Use Turtle/RDF, without any extra textual content.	Build an ontology surrounding the concept of Time. Use Turtle/RDF, without any extra textual content.	@prefix rdf: <http://www.w3.org/1999/02/22-rdf-syntax-ns#> .@prefix rdfs: <http://www.w3.org/2000/01/rdf-schema#> .@prefix xsd: <http://www.w3.org/2001/XMLSchema#> .@prefix time: <http://www.example.org/time#> .time:Time    rdf:type rdfs:Class ;    rdfs:label "Time" ;    rdfs:comment "The concept of time" .	time:Instant    rdf:type rdfs:Class ;    rdfs:subClassOf time:Time ;    rdfs:label "Instant" ;    rdfs:comment "A point in time".time:Interval    rdf:type rdfs:Class ;    rdfs:subClassOf time:Time ;    rdfs:label "Interval" ;    rdfs:comment "A duration of time" .time:DateTime    rdf:type rdfs:Class ;    rdfs:subClassOf time:Instant ;    rdfs:label "DateTime" ;    rdfs:comment "A date and time pair specifying an instant" .time:hasBeginning    rdf:type rdf:Property ;    rdfs:domain time:Interval ;    rdfs:range time:Instant ;    rdfs:label "has beginning" ;    rdfs:comment "The beginning of an interval" .    time:hasEnd    rdf:type rdf:Property ;    rdfs:domain time:Interval ;    rdfs:range time:Instant ;    rdfs:label "has end" ;    rdfs:comment "The end of an interval" .time:inDateTime    rdf:type rdf:Property ;    rdfs:domain time:Instant ;    rdfs:range time:DateTime ;    rdfs:label "in date time" ;    rdfs:comment "Specifies the DateTime of an Instant" .time:Duration	rdf:type rdfs:Class;	rdfs:subClassOf time:Interval;	rdfs:label "Duration";	rdfs:comment "A measure of the amount of time".time:durationMeasure    rdf:type rdf:Property ;    rdfs:domain time:Duration ;    rdfs:range xsd:decimal ;    rdfs:label "duration measure" ;    rdfs:comment "Measurement of a duration in arbitrary units." .time:TimeUnit    rdf:type rdfs:Class ;    rdfs:label "Time unit" ;    rdfs:comment "Unit in which time is measured." .time:unitType    rdf:type rdf:Property ;    rdfs:linkTo time:TimeUnit ;    rdfs:label "unit type" ;    rdfs:comment "The type of unit in which a duration is measured." .
Formulate an ontology related to {noun}.		Formulate an ontology related to Time.	Ontology Concepts:1. Time: The key concept of this ontology. It is measured or measurable period, a continuum that lacks spatial dimensions.2. Past: Period of time that has already happened, in contrast to the present and the future. 3. Present: The period of time occurring now. 4. Future: The period of time that will come after the present or the time that is yet to come.5. Second: The base unit of time in the international system of units. 6. Minute: A unit of time equal to sixty seconds or a sixtieth of an hour.7. Hour: A unit of time equal to sixty minutes. 8. Day: A unit of time. In common usage, it is an interval equal to 24 hours. It also can be used to refer to a period of light (daylight hours) as opposed to night.9. Week: A period of seven days.10. Month: A unit of time, used with calendars, which is approximately as long as a natural period related to the motion of the Moon.11. Year: A unit of time usually representing 12 months or 365 or 366 days.12. Decade: A period of 10 years.13. Century: A period of 100 years.14. Millennium: A period of 1000 years.15. Time Zone: A region of the Earth that has the same standard time.16. Daylight Saving Time: The practice of setting the clock ahead by one hour from standard time during the warmer part of the year, so evenings have more daylight and mornings have less.17. Leap Year: A year, occurring once every four years, which has 366 days including February 29 as an extra day.18. Timeline: A visual representation of a chronological sequence of events.19. Workday: The period of the day during which one is at work.20. Break Time: A short period of time when you stop working and relax.Relationships:- Second is part of Minute- Minute is part of Hour- Hour is part of Day- Day is part of Week- Week is part of Month- Month is part of Year- Year is part of Decade- Decade is part of Century- Century is part of Millennium- Past, Present, Future are part of Time- Time Zone, Daylight Saving Time are related to Day- Leap Year is related to Year- Workday, Break Time are part of Day- Timeline is related to Past, Present, Future.
Formulate an ontology related to {noun}.	 Provide it in valid Turtle/RDF format, excluding any extra text.	Formulate an ontology related to Time. Provide it in valid Turtle/RDF format, excluding any extra text.	```turtle@prefix rdf: <http://www.w3.org/1999/02/22-rdf-syntax-ns#> .@prefix rdfs: <http://www.w3.org/2000/01/rdf-schema#> .@prefix owl: <http://www.w3.org/2002/07/owl#> .@prefix xsd: <http://www.w3.org/2001/XMLSchema#> .@prefix time: <http://purl.org/NET/c4dm/timeline.owl#> .# Class Definitionstime:TimePoint a owl:Class ;    rdfs:comment "A specific point in time" ;    rdfs:label "Time Point" ;    rdfs:subClassOf time:Instant .time:TimeInterval a owl:Class ;    rdfs:comment "A specific interval in time" ;    rdfs:label "Time Interval" ;    rdfs:subClassOf time:Interval .# Property Definitionstime:inDateTime a owl:DatatypeProperty ;    rdfs:comment "The date-time associated with a time point" ;    rdfs:label "in DateTime" ;    rdfs:domain time:TimePoint ;    rdfs:range xsd:dateTime .time:before a owl:ObjectProperty ;    rdfs:comment "Indicates a time point occurred before another" ;    rdfs:label "before" ;    rdfs:domain time:TimePoint ;    rdfs:range time:TimePoint .time:after a owl:ObjectProperty ;    rdfs:comment "Indicates a time point occurred after another" ;    rdfs:label "after" ;    rdfs:domain time:TimePoint ;    rdfs:range time:TimePoint .time:duration a owl:DatatypeProperty ;    rdfs:comment "The duration of a time interval" ;    rdfs:label "duration" ;    rdfs:domain time:TimeInterval ;    rdfs:range xsd:duration .```
Formulate an ontology related to {noun}.	 Return it in Turtle/RDF, without any additional text.	Formulate an ontology related to Time. Return it in Turtle/RDF, without any additional text.	@prefix rdf: <http://www.w3.org/1999/02/22-rdf-syntax-ns#> .@prefix rdfs: <http://www.w3.org/2000/01/rdf-schema#> .@prefix owl: <http://www.w3.org/2002/07/owl#> .@prefix xsd: <http://www.w3.org/2001/XMLSchema#> .@prefix time: <http://www.ontology-of-time.org#> .time:Time     rdf:type owl:Class ;    rdfs:label "Time"@en ;    rdfs:comment "Temporal measure or indication"@en .time:Instant    rdf:type owl:Class ;    rdfs:label "Instant"@en ;    rdfs:comment "A specific point in time"@en ;    rdfs:subClassOf time:Time .time:Interval    rdf:type owl:Class ;    rdfs:label "Interval"@en ;    rdfs:comment "A stretch or duration of time"@en ;    rdfs:subClassOf time:Time .time:hasBeginning    rdf:type owl:ObjectProperty ;    rdfs:label "has beginning"@en ;    rdfs:domain time:Interval ;    rdfs:range time:Instant .time:hasEnd    rdf:type owl:ObjectProperty ;    rdfs:label "has end"@en ;    rdfs:domain time:Interval ;    rdfs:range time:Instant .time:inDateTime    rdf:type owl:DatatypeProperty ;    rdfs:label "in date time"@en ;    rdfs:domain time:Instant ;    rdfs:range xsd:dateTime .time:durationInMilliseconds    rdf:type owl:DatatypeProperty ;    rdfs:label "duration in milliseconds"@en ;    rdfs:domain time:Interval ;    rdfs:range xsd:integer .
Formulate an ontology related to {noun}.	 Make it in valid Turtle/RDF, without any explanatory text.	Formulate an ontology related to Time. Make it in valid Turtle/RDF, without any explanatory text.	```turtle@prefix xsd: <http://www.w3.org/2001/XMLSchema#> .@prefix owl: <http://www.w3.org/2002/07/owl#> .@prefix rdfs: <http://www.w3.org/2000/01/rdf-schema#> .@prefix time: <http://www.w3.org/2006/time#> .@base <http://example.org/TimeOntology/> .<#TimeInstant> a owl:Class ;    rdfs:subClassOf time:TemporalEntity ;    rdfs:label "Time Instant" ;    rdfs:comment "A specific point in time."@en .<#TimeInterval> a owl:Class ;    rdfs:subClassOf time:TemporalEntity ;    rdfs:label "Time Interval" ;    rdfs:comment "A duration of time."@en .<#hasBeginning> a owl:ObjectProperty ;    rdfs:domain <#TimeInterval> ;    rdfs:range <#TimeInstant> ;    rdfs:label "has beginning" ;    rdfs:comment "An interval of time has a beginning instant."@en .<#hasEnd> a owl:ObjectProperty ;    rdfs:domain <#TimeInterval> ;    rdfs:range <#TimeInstant> ;    rdfs:label "has end" ;    rdfs:comment "An interval of time has an end instant."@en .<#inDateTime> a owl:DatatypeProperty ;    rdfs:domain <#TimeInstant> ;    rdfs:range xsd:dateTime ;    rdfs:label "in date time" ;    rdfs:comment "A time instant in date time representation."@en .<#duration> a owl:DatatypeProperty ;    rdfs:domain <#TimeInterval> ;    rdfs:range xsd:duration ;    rdfs:label "duration" ;    rdfs:comment "The duration of a time interval."@en .```
Formulate an ontology related to {noun}.	 Use Turtle/RDF, without any extra textual content.	Formulate an ontology related to Time. Use Turtle/RDF, without any extra textual content.	```turtle@prefix : <http://www.example.org/time#> .@prefix rdf: <http://www.w3.org/1999/02/22-rdf-syntax-ns#> .@prefix owl: <http://www.w3.org/2002/07/owl#> .@prefix xsd: <http://www.w3.org/2001/XMLSchema#> .:TimeUnit a owl:Class .:Second a :TimeUnit .:Minute a :TimeUnit ;    :containsExactly60 :Second .:Hour a :TimeUnit ;    :containsExactly60 :Minute .:Day a :TimeUnit ;    :containsExactly24 :Hour .:Week a :TimeUnit ;    :containsExactly7 :Day .:Year a :TimeUnit ;    :containsApproximately365 :Day .:TimePoint a owl:Class .:Interval a owl:Class ;    owl:disjointWith :TimePoint .:Instant a owl:Class ;    owl:disjointWith :Interval ;    owl:equivalentClass :TimePoint .:Duration a owl:Class .:TemporalEntity a owl:Class .:TemporalUnit a owl:Class .:GeneralizedInstant a owl:Class .:TemporalEntity owl:unionOf (:Duration :Instant).:hasTemporalDuration a rdf:Property ;    rdfs:domain :TemporalEntity ;    rdfs:range :Duration .:inTemporalUnit a rdf:Property ;    rdfs:domain :Duration ;    rdfs:range :TemporalUnit .:TimeStandard a owl:Class ;    owl:oneOf (:UTC :TAI :TT :TCG :TCB :GPS) .```
Establish an ontology based on {noun}.		Establish an ontology based on Time.	An ontology is essentially a structured set of concepts that describe a particular domain. Below is an ontology based on the concept of "Time".1. **Temporal Units:** These are the basic units used to measure time, such as seconds, minutes, hours, days, weeks, months, years, decades, centuries, and millennia.2. **Clock Time:** This pertains to the system of measuring time according to hours and minutes on a clock.3. **Calendar Time:** This pertains to the system of organizing and measuring time into days, weeks, months, and years, typically seen in a calendar.4. **Historical Time:** This refers to the chronological order of past events or periods.5. **Geological Time:** This deals with the timescale over which geological processes occur, from seconds to millions of years.6. **Biological Time:** This concerns the timescale over which biological processes occur, typically tied to circadian rhythms, seasons, life cycles, and evolutionary time.7. **Physical Time:** This is a concept in physics relating to the progression of events from the past to the present into the future.8. **Astronomical Time:** The concept of time that pertains to sky observation, distances between celestial bodies, cosmic events, etc.9. **Relative Time:** This refers to a measure of time based on non-standard, varying measurements, like 'dinner time' or 'bed time'.10. **Human Perception of Time:** The subjective experience and awareness of time, which includes psychological concepts such as past, present, future, the feeling of time passing quickly or slowly, timelessness, etc.11. **Time Zones:** These are regions of the Earth that have the same standard time.12. **Duration:** This pertains to the length of time an event or condition persists.13. **Time Measurement Tools:** This refers to tools used to measure time, such as clocks, watches, sundials, hourglasses, timers, stopwatches, etc.14. **Time in Literature and Art:** This concerns the representation, perception, and manipulation of time in various artistic and literary contexts.15. **Philosophy of Time:** This involves philosophical view and studies about the nature of time, its changes, and its relation to space.Accordingly, each of these concepts can be further broken down into more specific subclasses. Overall, an ontology based on time enables the structured understanding of this abstract and yet universal concept.
Establish an ontology based on {noun}.	 Provide it in valid Turtle/RDF format, excluding any extra text.	Establish an ontology based on Time. Provide it in valid Turtle/RDF format, excluding any extra text.	```@prefix rdf: <http://www.w3.org/1999/02/22-rdf-syntax-ns#> .@prefix rdfs: <http://www.w3.org/2000/01/rdf-schema#> .@prefix owl: <http://www.w3.org/2002/07/owl#> .@prefix xsd: <http://www.w3.org/2001/XMLSchema#> .@prefix time: <http://www.w3.org/2006/time#> .time:Instant  rdf:type owl:Class ;  rdfs:subClassOf time:TemporalEntity .time:Interval  rdf:type owl:Class ;  rdfs:subClassOf time:TemporalEntity .time:TemporalEntity  rdf:type owl:Class . time:hasBeginning  rdf:type owl:ObjectProperty ;  rdfs:range time:Instant ;  rdfs:domain time:Interval .time:hasEnd  rdf:type owl:ObjectProperty ;  rdfs:range time:Instant ;  rdfs:domain time:Interval .time:inDateTime  rdf:type owl:DatatypeProperty ;  rdfs:range xsd:dateTime ;  rdfs:domain time:Instant .```
Establish an ontology based on {noun}.	 Return it in Turtle/RDF, without any additional text.	Establish an ontology based on Time. Return it in Turtle/RDF, without any additional text.	@prefix rdf: <http://www.w3.org/1999/02/22-rdf-syntax-ns#> .@prefix rdfs: <http://www.w3.org/2000/01/rdf-schema#> .@prefix owl: <http://www.w3.org/2002/07/owl#> .@prefix xsd: <http://www.w3.org/2001/XMLSchema#> .@prefix time: <http://www.semanticweb.org/ontology#> .time:DateTime    rdf:type owl:Class ;    rdfs:label "DateTime" ;    rdfs:comment "A specific point in time." .time:Duration    rdf:type owl:Class ;    rdfs:label "Duration" ;    rdfs:comment "A length of time." .time:Interval    rdf:type owl:Class ;    rdfs:label "Interval" ;    rdfs:comment "A time interval." .time:TimeZone    rdf:type owl:Class ;    rdfs:label "TimeZone" ;    rdfs:comment "A time zone." .time:hasStart    rdf:type owl:DatatypeProperty ;    rdfs:label "has start" ;    rdfs:comment "Property linking an interval to its start time." ;    rdfs:domain time:Interval ;    rdfs:range time:DateTime .time:hasEnd    rdf:type owl:DatatypeProperty ;    rdfs:label "has end" ;    rdfs:comment "Property linking an interval to its end time." ;    rdfs:domain time:Interval ;    rdfs:range time:DateTime .time:hasDuration    rdf:type owl:DatatypeProperty ;    rdfs:label "has duration" ;    rdfs:comment "Property linking an interval to its duration." ;    rdfs:domain time:Interval ;    rdfs:range time:Duration .time:inTimeZone    rdf:type owl:ObjectProperty ;    rdfs:label "in time zone" ;    rdfs:comment "Property linking a DateTime or Duration to its time zone." ;    rdfs:domain owl:unionOf (time:DateTime time:Duration) ;    rdfs:range time:TimeZone .
Establish an ontology based on {noun}.	 Make it in valid Turtle/RDF, without any explanatory text.	Establish an ontology based on Time. Make it in valid Turtle/RDF, without any explanatory text.	```ttl@prefix rdf: <http://www.w3.org/1999/02/22-rdf-syntax-ns#> .@prefix owl: <http://www.w3.org/2002/07/owl#> .@prefix rdfs: <http://www.w3.org/2000/01/rdf-schema#> .@prefix xsd: <http://www.w3.org/2001/XMLSchema#> .@prefix time: <http://myOntology.org/time#> .time:    a owl:Ontology ;    rdfs:comment "A time-based ontology"@en .time:DateTime    a owl:Class ;    rdfs:comment "A specific point in time."@en ;    rdfs:subClassOf rdfs:Resource .time:DateTimeStamp    a owl:DatatypeProperty ;    rdfs:domain time:DateTime ;    rdfs:range xsd:dateTimeStamp ;    rdfs:comment "The DateTime represented in ISO 8601 format."@en.time:Interval    a owl:Class ;    rdfs:comment "A duration of time."@en ;    rdfs:subClassOf rdfs:Resource .time:hasBeginning    a owl:ObjectProperty ;    rdfs:domain time:Interval ;    rdfs:range time:DateTime ;    rdfs:comment "The beginning of a time interval."@en .time:hasEnd    a owl:ObjectProperty ;    rdfs:domain time:Interval ;    rdfs:range time:DateTime ;    rdfs:comment "The end of a time interval."@en .time:Duration    a owl:Class ;    rdfs:subClassOf time:Interval ;    rdfs:comment "A specific length of time."@en .time:inSeconds    a owl:DatatypeProperty ;    rdfs:domain time:Duration ;    rdfs:range xsd:decimal ;    rdfs:comment "The duration in seconds."@en.time:inMinutes    a owl:DatatypeProperty ;    rdfs:domain time:Duration ;    rdfs:range xsd:decimal ;    rdfs:comment "The duration in minutes."@en.time:inHours    a owl:DatatypeProperty ;    rdfs:domain time:Duration ;    rdfs:range xsd:decimal ;    rdfs:comment "The duration in hours."@en.```
Establish an ontology based on {noun}.	 Use Turtle/RDF, without any extra textual content.	Establish an ontology based on Time. Use Turtle/RDF, without any extra textual content.	```turtle@prefix rdf: <http://www.w3.org/1999/02/22-rdf-syntax-ns#> .@prefix rdfs: <http://www.w3.org/2000/01/rdf-schema#> .@prefix owl: <http://www.w3.org/2002/07/owl#> .@prefix xsd: <http://www.w3.org/2001/XMLSchema#> .@prefix time: <http://www.example.com/time#> .# Classestime:Time rdf:type owl:Class .time:Second rdf:type owl:Class .time:Minute rdf:type owl:Class .time:Hour rdf:type owl:Class .time:Day rdf:type owl:Class .time:Month rdf:type owl:Class .time:Year rdf:type owl:Class .time:Calendar rdf:type owl:Class .# Object propertiestime:hasSecond rdf:type owl:ObjectProperty ;    rdfs:domain time:Minute;    rdfs:range time:Second .time:hasMinute rdf:type owl:ObjectProperty ;    rdfs:domain time:Hour ;    rdfs:range time:Minute .time:hasHour rdf:type owl:ObjectProperty ;    rdfs:domain time:Day ;    rdfs:range time:Hour .time:hasDay rdf:type owl:ObjectProperty ;    rdfs:domain time:Month ;    rdfs:range time:Day .time:hasMonth rdf:type owl:ObjectProperty ;    rdfs:domain time:Year ;    rdfs:range time:Month .time:hasYear rdf:type owl:ObjectProperty ;    rdfs:domain time:Calendar ;    rdfs:range time:Year .# Datatype propertiestime:number rdf:type owl:DatatypeProperty ;    rdfs:domain time:Time ;    rdfs:range xsd:integer .# The actual data:january01 rdf:type time:Day ;    time:hasHour :hour0, :hour1 ;    time:number 1 .:hour0 rdf:type time:Hour ;    time:hasMinute :minute0, :minute30 ;    time:number 0 .:minute0 rdf:type time:Minute ;    time:hasSecond :second0 ;    time:number 0 .:second0 rdf:type time:Second ;    time:number 0 .```
Design an ontology to encompass {noun}.		Design an ontology to encompass Time.	An ontology for Time would cover numerous broad aspects, each having subcategories and attributes. Here is a simplified version of a possible ontology.1. Time    - Secular        -Attributes: seconds, minutes, hours, days, weekdays, weekends, weeks, months, years, decade, century, millennium    - Astronomical        - Solar time            -  Attributes: sunrise, noon, sunset, midnight, solar second, solar hour, solar day, solar year        - Sidereal time            -  Attributes: sidereal second, sidereal hour, sidereal day, sidereal year        - Galactic year            -  Attributes: times based on rotation of the Galaxy    - Geological Time        - Attributes: aeons, eras, periods, epochs, ages    - Biological Time        - Attributes: circadian rhythms, infradian rhythms, ultradian rhythms, seasonal rhythms, lunar rhythms, tidal rhythms    - Future        - Attributes: immediate future, foreseeable future, distant future    - Past        - Attributes: recent past, remote past    - Present        - Attributes: now    - Properties        - Attributes: continuity, directionality, duration, order, changefulness, measure    - Instruments to measure Time        - Sundials        - Mechanical clocks        - Electronic clocks        - Atomic clocks        - Cesium Clocks        - Hydrogen Maser Clocks    - Time Zone        - Attributes: pacific time, mountain time, central time, eastern time etc.    - Units of Time Measurement        - SI Units            - Attributes: attosecond, femtosecond, picosecond, nanosecond, microsecond, millisecond, centisecond, decisecond        - Non-SI Units            - Attributes: shake, moment, jiffy    - Time in Physics        - Attributes: relative time, absolute time, spacetime, time dilation, arrow of time    - Time in Philosophy        - Attributes: presentism, eternalism, growing block universe    - Time in Religion and Mythology        - Christian view of time        - Hindu view of time        - Buddhist view of time        - Maya view of time    - Time Travel        - In fiction        - In sciencePlease note this is a very abstract overview. To capture all aspects of the concept of Time in a true ontology, it will be more detailed and interconnected.
Design an ontology to encompass {noun}.	 Provide it in valid Turtle/RDF format, excluding any extra text.	Design an ontology to encompass Time. Provide it in valid Turtle/RDF format, excluding any extra text.	```@prefix xsd: <http://www.w3.org/2001/XMLSchema#> .@prefix time: <http://www.example.org/time#> .# Classestime:TimeUnit a rdfs:Class .time:Second a rdfs:Class ;  rdfs:subClassOf time:TimeUnit .time:Minute a rdfs:Class ;  rdfs:subClassOf time:TimeUnit .time:Hour a rdfs:Class ;  rdfs:subClassOf time:TimeUnit .time:Day a rdfs:Class ;  rdfs:subClassOf time:TimeUnit .time:Week a rdfs:Class ;  rdfs:subClassOf time:TimeUnit .time:Month a rdfs:Class ;  rdfs:subClassOf time:TimeUnit .time:Year a rdfs:Class ;  rdfs:subClassOf time:TimeUnit .# Propertiestime:hasTime a rdf:Property ;  rdfs:domain rdfs:Resource ;  rdfs:range time:TimeUnit .time:inSeconds a rdf:Property ;  rdfs:domain time:TimeUnit ;  rdfs:range xsd:integer .time:inMinutes a rdf:Property ;  rdfs:domain time:TimeUnit ;  rdfs:range xsd:integer .time:inHours a rdf:Property ;  rdfs:domain time:TimeUnit ;  rdfs:range xsd:integer .time:inDays a rdf:Property ;  rdfs:domain time:TimeUnit ;  rdfs:range xsd:integer .time:inWeeks a rdf:Property ;  rdfs:domain time:TimeUnit ;  rdfs:range xsd:integer .time:inMonths a rdf:Property ;  rdfs:domain time:TimeUnit ;  rdfs:range xsd:integer .time:inYears a rdf:Property ;  rdfs:domain time:TimeUnit ;  rdfs:range xsd:integer .```
Design an ontology to encompass {noun}.	 Return it in Turtle/RDF, without any additional text.	Design an ontology to encompass Time. Return it in Turtle/RDF, without any additional text.	```@prefix rdf: <http://www.w3.org/1999/02/22-rdf-syntax-ns#> .@prefix rdfs: <http://www.w3.org/2000/01/rdf-schema#> .@prefix xsd: <http://www.w3.org/2001/XMLSchema#> .@prefix owl: <http://www.w3.org/2002/07/owl#> .@prefix time: <http://www.w3.org/2006/time#> .time:  rdf:type owl:Ontology ;  rdfs:comment "An ontology of time for RDF" ;  rdfs:seeAlso <http://www.w3.org/TR/owl-time/> ;  owl:imports <http://www.w3.org/2002/07/owl#> .time:TemporalEntity  rdf:type owl:Class ;  rdfs:label "Temporal Entity" ;  rdfs:comment "The concepts of events and time intervals" .time:Instant  rdf:type owl:Class ;  rdfs:label "Instant" ;  rdfs:comment "A zero-dimensional entity that has position on a temporal axis" ;  rdfs:subClassOf time:TemporalEntity .time:Interval  rdf:type owl:Class ;  rdfs:label "Interval" ;  rdfs:comment "A one-dimensional entity that has extent on a temporal axis" ;  rdfs:subClassOf time:TemporalEntity .time:inXSDDateTimeStamp  rdf:type owl:DatatypeProperty ;  rdfs:label "in xsd:dateTimeStamp" ;  rdfs:comment "The xsd:dateTimeStamp of a temporal entity, as a string in the xsd:dateTimeStamp datatype" ;  rdfs:domain time:TemporalEntity ;  rdfs:range xsd:dateTimeStamp .  time:hasBeginning  rdf:type owl:ObjectProperty ;  rdfs:label "has beginning" ;  rdfs:comment "The beginning of a temporal interval" ;  rdfs:domain time:Interval ;  rdfs:range time:Instant .time:hasEnd  rdf:type owl:ObjectProperty ;  rdfs:label "has end" ;  rdfs:comment "The end of a temporal interval" ;  rdfs:domain time:Interval ;  rdfs:range time:Instant .```
Design an ontology to encompass {noun}.	 Make it in valid Turtle/RDF, without any explanatory text.	Design an ontology to encompass Time. Make it in valid Turtle/RDF, without any explanatory text.	@prefix rdf: <http://www.w3.org/1999/02/22-rdf-syntax-ns#> .@prefix rdfs: <http://www.w3.org/2000/01/rdf-schema#> .@prefix xsd: <http://www.w3.org/2001/XMLSchema#> .@prefix owl: <http://www.w3.org/2002/07/owl#> .@prefix time: <http://purl.org/time/> .time:     rdf:type owl:Ontology ;    rdfs:label "Time ontology" ;    rdfs:comment "An ontology to describe the temporal concepts" .time:Instant    rdf:type rdfs:Class ;    rdfs:label "Instant" ;    rdfs:comment "A point in time" .time:Interval    rdf:type rdfs:Class ;    rdfs:label "Interval" ;    rdfs:comment "A duration of time" .time:DateTime     rdf:type rdfs:Datatype ;    rdfs:label "DateTime" ;    rdfs:comment "A specific date and time" ;    rdfs:subClassOf xsd:dateTime .time:inXSDDateTime    rdf:type owl:DatatypeProperty ;    rdfs:domain time:Instant ;    rdfs:range time:DateTime ;    rdfs:label "in XSD Date Time" ;    rdfs:comment "The DateTime of an Instant in XSD Date Time format" .time:hasBeginning    rdf:type owl:ObjectProperty ;    rdfs:domain time:Interval ;    rdfs:range time:Instant ;    rdfs:label "has beginning" ;    rdfs:comment "The start of a time Interval" .time:hasEnd    rdf:type owl:ObjectProperty ;    rdfs:domain time:Interval ;    rdfs:range time:Instant ;    rdfs:label "has end" ;    rdfs:comment "The end of a time Interval" .time:duration    rdf:type owl:DatatypeProperty ;    rdfs:domain time:Interval ;    rdfs:range xsd:duration ;    rdfs:label "duration" ;    rdfs:comment "The duration of a time Interval" .
Design an ontology to encompass {noun}.	 Use Turtle/RDF, without any extra textual content.	Design an ontology to encompass Time. Use Turtle/RDF, without any extra textual content.	```xml@prefix rdf: <http://www.w3.org/1999/02/22-rdf-syntax-ns#> .@prefix rdfs: <http://www.w3.org/2000/01/rdf-schema#> .@prefix owl: <http://www.w3.org/2002/07/owl#> .@prefix xsd: <http://www.w3.org/2001/XMLSchema#> .<http://example.org/ontology#> a owl:Ontology .# Classes:TimePoint a owl:Class ;  rdfs:label "Time Point"@en ;  rdfs:subClassOf [    a owl:Restriction ;    owl:onProperty :hasTimeStamp ;    owl:allValuesFrom xsd:dateTime  ] .:TimeInterval a owl:Class ;  rdfs:label "Time Interval"@en ;  rdfs:subClassOf [    a owl:Restriction ;    owl:onProperty :hasStartTime ;    owl:allValuesFrom :TimePoint  ] , [    a owl:Restriction ;    owl:onProperty :hasEndTime ;    owl:allValuesFrom :TimePoint  ] .# Object Properties:hasStartTime a owl:ObjectProperty ;  rdfs:label "has start time"@en ;  rdfs:domain :TimeInterval ;  rdfs:range :TimePoint .:hasEndTime a owl:ObjectProperty ;  rdfs:label "has end time"@en ;  rdfs:domain :TimeInterval ;  rdfs:range :TimePoint .# Data Properties:hasTimeStamp a rdf:Property ;  rdfs:label "has timestamp"@en ;  rdfs:domain :TimePoint ;  rdfs:range xsd:dateTime .```This ontology describes a simple time model where each point in time and interval has a specific point or interval in real-world time. Time points are associated with precise timestamps, while intervals have a start time and an end time. This is a core ontology for time, other features such as duration, time zone, recurrence, etc. are not included but can be added if required. This ontology is flexible enough to be extended and integrated with more complex temporal models, and it can be a starting point for developing more specialized time ontologies.
Generate an ontology that covers {noun}.		Generate an ontology that covers Time.	Class: TimeSub-Classes: - Relative time- Absolute time- Real time- Past- Present- FutureProperties:- Has unit (Seconds, Minutes, Hours, Days, Weeks, Months, Years, Decades, Centuries, Millenniums)- Has direction (Forward, Rewind)- Is non-physicalIndividuals:- An instance of a point in time e.g., Tomorrow, Next year, Yesterday, Seconds ago- Specific historical times e.g., Renaissance, World War II, Stone AgeRelationships: - Is part of (One moment is part of a day, A day is part of a week, A week is part of a month)- Precedes (The past precedes the present, The present precedes the future)- Follows (The future follows the present, The present follows the past)- Is measured in (Time is measured in years, months, weeks, days, hours, minutes, seconds)- Is relative to (Time can be relative to another point in time)Rules:- Past precedes Present- Present precedes Future- Time is always moving forward
Generate an ontology that covers {noun}.	 Provide it in valid Turtle/RDF format, excluding any extra text.	Generate an ontology that covers Time. Provide it in valid Turtle/RDF format, excluding any extra text.	```@prefix rdf: <http://www.w3.org/1999/02/22-rdf-syntax-ns#> .@prefix rdfs: <http://www.w3.org/2000/01/rdf-schema#> .@prefix owl: <http://www.w3.org/2002/07/owl#> .@prefix xsd: <http://www.w3.org/2001/XMLSchema#> .@prefix time: <http://www.w3.org/2006/time#> .time:     a owl:Ontology ;    owl:imports <http://www.w3.org/2006/time#> .time:Instant     a rdfs:Class ;    rdfs:label "Instant" ;    rdfs:comment "A point in time." .time:Interval     a rdfs:Class ;    rdfs:label "Interval" ;    rdfs:comment "A span of time." ;time:hasBeginning     a rdf:Property ;    rdfs:label "has beginning" ;    rdfs:domain time:Interval ;    rdfs:range time:Instant ;    rdfs:comment "The point in time at which an Interval begins." ;time:hasEnd     a rdf:Property ;    rdfs:label "has end" ;    rdfs:domain time:Interval ;    rdfs:range time:Instant ;    rdfs:comment "The point in time at which an Interval ends." ;time:inXSDDateTime     a rdf:Property ;    rdfs:label "in XSD Date Time" ;    rdfs:domain time:Instant ;    rdfs:range xsd:dateTime ;    rdfs:comment "The XSD DateTime representation of an Instant." ;time:duration     a rdf:Property ;    rdfs:label "duration" ;    rdfs:domain time:Interval ;    rdfs:range xsd:duration ;    rdfs:comment "The duration of an Interval, represented in XSD duration format." .```
Generate an ontology that covers {noun}.	 Return it in Turtle/RDF, without any additional text.	Generate an ontology that covers Time. Return it in Turtle/RDF, without any additional text.	```@prefix rdf: <http://www.w3.org/1999/02/22-rdf-syntax-ns#> .@prefix rdfs: <http://www.w3.org/2000/01/rdf-schema#> .@prefix owl: <http://www.w3.org/2002/07/owl#> .@prefix xsd: <http://www.w3.org/2001/XMLSchema#> .@prefix time: <http://www.example.org/time#> .time:Time    rdf:type owl:Class ;    rdfs:comment "A period of time" ;    rdfs:label "Time"@en .time:Interval    rdf:type owl:Class ;    rdfs:subClassOf time:Time ;    rdfs:label "Interval"@en ;    rdfs:comment "A duration of time with start and end points" .time:Instant    rdf:type owl:Class ;    rdfs:subClassOf time:Time ;    rdfs:label "Instant"@en ;    rdfs:comment "A specific point in time" .time:DateTime    rdf:type owl:DatatypeProperty ;    rdfs:domain time:Instant ;    rdfs:range xsd:dateTime ;    rdfs:label "DateTime"@en ;    rdfs:comment "The date time of a specific point in time" .time:hasStart    rdf:type owl:ObjectProperty ;    rdfs:domain time:Interval ;    rdfs:range time:Instant ;    rdfs:label "has start"@en ;    rdfs:comment "The starting moment of a time interval" .time:hasEnd    rdf:type owl:ObjectProperty ;    rdfs:domain time:Interval ;    rdfs:range time:Instant ;    rdfs:label "has end"@en ;    rdfs:comment "The ending moment of a time interval" .```
Generate an ontology that covers {noun}.	 Make it in valid Turtle/RDF, without any explanatory text.	Generate an ontology that covers Time. Make it in valid Turtle/RDF, without any explanatory text.	@prefix owl: <http://www.w3.org/2002/07/owl#> .@prefix rdfs: <http://www.w3.org/2000/01/rdf-schema#> .@prefix xsd: <http://www.w3.org/2001/XMLSchema#> .@prefix time: <http://www.w3.org/2006/time#> .<http://www.example.org/ontology/time#>  a owl:Ontology ;  rdfs:comment "An ontology of time"@en .time:Instant  a owl:Class ;  rdfs:comment "A point in time"@en .time:Interval  a owl:Class ;  rdfs:comment "A period of time"@en ;  rdfs:subClassOf time:TemporalEntity .time:TemporalEntity  a owl:Class ;  rdfs:comment "An entity that exists in time"@en .time:hasTime  a owl:ObjectProperty ;  rdfs:domain time:TemporalEntity ;  rdfs:range time:Instant .time:hasBeginning  a owl:ObjectProperty ;  rdfs:domain time:Interval ;  rdfs:range time:Instant .time:hasEnd  a owl:ObjectProperty ;  rdfs:domain time:Interval ;  rdfs:range time:Instant .time:duration  a owl:DatatypeProperty ;  rdfs:domain time:Interval ;  rdfs:range xsd:duration .time:inDateTime  a owl:DatatypeProperty ;  rdfs:domain time:Instant ;  rdfs:range xsd:dateTime .
Generate an ontology that covers {noun}.	 Use Turtle/RDF, without any extra textual content.	Generate an ontology that covers Time. Use Turtle/RDF, without any extra textual content.	@prefix rdfs: <http://www.w3.org/2000/01/rdf-schema#> .@prefix owl: <http://www.w3.org/2002/07/owl#> .@prefix xsd: <http://www.w3.org/2001/XMLSchema#> .@prefix time: <http://www.example.org/time#> .time:DateTime    a rdfs:Class ;    rdfs:label "Date Time" ;    rdfs:comment "Point in time with Date and Time" .time:TimeUnit    a rdfs:Class ;    rdfs:label "Time Unit" ;    rdfs:comment "Unit for representing time like seconds, minutes, hours, etc." .time:Interval    a rdfs:Class ;    rdfs:label "Interval" ;    rdfs:comment "Interval of time duration" .time:DateTimeInterval    a rdfs:Class ;    rdfs:label "Date Time Interval" ;    rdfs:subClassOf time:Interval ;    rdfs:comment "Interval of time with start and end DateTime" .time:containsDateTime    a owl:ObjectProperty ;    rdfs:domain time:Interval ;    rdfs:range time:DateTime ;    rdfs:label "contains date time" ;    rdfs:comment "Datetime contained in an interval" .time:inTimeUnit    a owl:ObjectProperty ;    rdfs:domain time:Interval ;    rdfs:range time:TimeUnit ;    rdfs:label "in time unit" ;    rdfs:comment "An interval represented in specific time unit" .time:duration    a owl:DatatypeProperty ;    rdfs:domain time:Interval ;    rdfs:range xsd:double ;    rdfs:label "duration" ;    rdfs:comment "Duration of a time interval" . time:hasDateTime    a owl:DatatypeProperty ;    rdfs:domain time:DateTime ;    rdfs:range xsd:dateTime ;    rdfs:label "has date time" ;    rdfs:comment "The actual date time of the DateTime instance" . time:hasTimeUnit    a owl:DatatypeProperty ;    rdfs:domain time:TimeUnit ;    rdfs:range xsd:string ;    rdfs:label "has time unit" ;    rdfs:comment "The unit of the TimeUnit instance, e.g. 'second', 'minute', 'hour' etc." .
Produce an ontology specifically for {noun}.		Produce an ontology specifically for Time.	Ontology for Time:I. Time Measurement  A. Standard Units of Time     1. Seconds     2. Minutes     3. Hours     4. Days     5. Weeks     6. Months     7. Years     8. Decades     9. Centuries     10. Millennia  B. Non-Standard Units of Time     1. Moment     2. Jiffy     3. InstantII. Time Concepts  A. Past     1. History     2. Memory     3. Reminiscence  B. Present     1. Now     2. Moment     3. Instant  C. Future     1. Expectation     2. Forecast     3. Prediction  D. Eternity     1. Forever     2. Timelessness  E. Time Travel     1. Backward time travel     2. Forward time travelIII. Time Zones  A. Coordinated Universal Time (UTC)  B. Greenwich Mean Time (GMT)  C. Standard Time Zones  D. Daylight Saving TimeIV. Time Devices  A. Clocks      1. Digital Clock     2. Analog Clock     3. Sundial  B. Calendars     1. Gregorian Calendar     2. Julian Calendar     3. Lunar Calendar  C. Atomic Clocks  D. Hourglass  E. Stopwatch  F. Timer  G. Timekeeper  H. Alarm clockV. Time in Physics  A. Absolute Time and Space  B. Spacetime  C. Time Dilation  D. Quantum Mechanics and TimeVI. Philosophical Concept of Time  A. Temporality  B. Time and Existentialism  C. Perceptions and Consciousness of Time  D. Time and RelativityVII. Cultural Concepts of Time  A. Linear Time  B. Cyclical Time  C. Time in Various Religions  D. Mythology and TimeVIII. Biological Times   A. Circadian Rhythms   B. Ageing   C. GenerationsIX. Cosmic Times   A. Cosmic Calendar   B. Planetary Timescales   C. Geological TimescalesX. Time in Technology   A. Timestamps   B. Real-Time Systems   C. Time Synchronization   D. Time in Computing
Produce an ontology specifically for {noun}.	 Provide it in valid Turtle/RDF format, excluding any extra text.	Produce an ontology specifically for Time. Provide it in valid Turtle/RDF format, excluding any extra text.	```@prefix rdf: <http://www.w3.org/1999/02/22-rdf-syntax-ns#> .@prefix rdfs: <http://www.w3.org/2000/01/rdf-schema#> .@prefix owl: <http://www.w3.org/2002/07/owl#> .@prefix xsd: <http://www.w3.org/2001/XMLSchema#> .@prefix time: <http://www.w3.org/2006/time#> .time:     rdf:type owl:Ontology ;    rdfs:comment "An ontology for describing the temporal characteristics of things."@en ;    rdfs:label "Time Ontology"@en .time:Instant    rdf:type owl:Class ;    rdfs:comment "An instant is a zero-dimensional temporal entity that has position on a time coordinate."@en ;    rdfs:label "Instant"@en ;    rdfs:subClassOf time:TemporalEntity .time:Interval    rdf:type owl:Class ;    rdfs:comment "An interval is a one-dimensional temporal entity that has an extent or duration."@en ;    rdfs:label "Interval"@en ;    rdfs:subClassOf time:TemporalEntity .time:TemporalEntity    rdf:type owl:Class ;    rdfs:comment "TemporalEntity is the class of entities that have temporal extent or location within the time-line."@en ;    rdfs:label "Temporal Entity"@en .time:hasTime     rdf:type owl:ObjectProperty ;    rdfs:domain owl:Thing ;    rdfs:range time:TemporalEntity ;    rdfs:label "hasTime"@en;    rdfs:comment "The property that connects a thing to a temporal entity associated with it."@en .time:inXSDDateTime     rdf:type owl:DatatypeProperty ;    rdfs:domain time:Instant ;    rdfs:range xsd:dateTime ;    rdfs:label "in XSD Date Time"@en;    rdfs:comment "The property that connects an instant to a representation of its position in time, formatted according to XML schema date time."@en .time:after     rdf:type owl:ObjectProperty ;    rdfs:domain time:TemporalEntity ;    rdfs:range time:TemporalEntity ;    rdfs:label "after"@en;    rdfs:comment "The property that connects two temporal entities where one follows the other in time."@en .time:before     rdf:type owl:ObjectProperty ;    rdfs:domain time:TemporalEntity ;    rdfs:range time:TemporalEntity ;    rdfs:label "before"@en;    rdfs:comment "The property that connects two temporal entities where one precedes the other in time."@en .time:duration     rdf:type owl:DatatypeProperty ;    rdfs:domain time:Interval ;    rdfs:range xsd:duration ;    rdfs:label "duration"@en;    rdfs:comment "The property that connects an interval to a representation of its duration, formatted according to XML schema duration."@en .   ```
Produce an ontology specifically for {noun}.	 Return it in Turtle/RDF, without any additional text.	Produce an ontology specifically for Time. Return it in Turtle/RDF, without any additional text.	```@prefix rdf: <http://www.w3.org/1999/02/22-rdf-syntax-ns#> .@prefix rdfs: <http://www.w3.org/2000/01/rdf-schema#> .@prefix owl: <http://www.w3.org/2002/07/owl#> .@prefix xsd: <http://www.w3.org/2001/XMLSchema#> .@prefix time: <http://www.ontology.org/time#> .# Classestime:Time a rdfs:Class ;    rdfs:label "Time" ;    rdfs:comment "A specific point in time." .time:Interval a rdfs:Class ;    rdfs:label "Interval" ;    rdfs:comment "A period of time between two times." ;    rdfs:subClassOf time:Time .time:Instant a rdfs:Class ;    rdfs:label "Instant" ;    rdfs:comment "A point in time." ;    rdfs:subClassOf time:Time .# Propertiestime:hasTime a rdf:Property ;    rdfs:label "hasTime" ;    rdfs:domain time:Time ;    rdfs:range xsd:dateTime .time:before a rdf:Property ;    rdfs:label "before" ;    rdfs:domain time:Time ;    rdfs:range time:Time .time:after a rdf:Property ;    rdfs:label "after" ;    rdfs:domain time:Time ;    rdfs:range time:Time .time:hasBeginning a rdf:Property ;    rdfs:label "hasBeginning" ;    rdfs:domain time:Interval ;    rdfs:range time:Instant .time:hasEnd a rdf:Property ;    rdfs:label "hasEnd" ;    rdfs:domain time:Interval ;    rdfs:range time:Instant .time:inDateTime a rdf:Property ;    rdfs:label "inDateTime" ;    rdfs:domain time:Instant ;    rdfs:range xsd:dateTime .```
Produce an ontology specifically for {noun}.	 Make it in valid Turtle/RDF, without any explanatory text.	Produce an ontology specifically for Time. Make it in valid Turtle/RDF, without any explanatory text.	@prefix rdf: <http://www.w3.org/1999/02/22-rdf-syntax-ns#> .@prefix rdfs: <http://www.w3.org/2000/01/rdf-schema#> .@prefix owl: <http://www.w3.org/2002/07/owl#> .@prefix xsd: <http://www.w3.org/2001/XMLSchema#> .@prefix time: <http://www.w3.org/2006/time#> .time:   rdf:type owl:Ontology ;   rdfs:label "Time Ontology" ;   rdfs:comment "An ontology for describing temporal concepts" .time:Instant   rdf:type rdfs:Class ;   rdfs:label "Instant" ;   rdfs:comment "A point in time." .time:Interval   rdf:type rdfs:Class ;   rdfs:label "Interval" ;   rdfs:comment "A range in time." .time:DateTime   rdf:type rdfs:DataType ;   rdfs:label "DateTime" ;   rdfs:comment "A specific date and time." .time:inXSDDateTime   rdf:type rdf:Property ;   rdfs:label "inXSDDateTime" ;   rdfs:comment "A property relating an instant to a DateTime literal." ;   rdfs:domain time:Instant ;   rdfs:range time:DateTime .time:hasDateTimeDescription   rdf:type rdf:Property ;   rdfs:label "hasDateTimeDescription" ;   rdfs:comment "A property relating a temporal entity to a DateTime Description." ;   rdfs:domain time:Interval ;   rdfs:range time:DateTime .time:before   rdf:type rdf:Property ;   rdfs:label "before" ;   rdfs:comment "A property relating an instant or interval to another that ends before the beginning of the former." ;   rdfs:domain [ rdf:type owl:Class ; owl:unionOf (time:Instant time:Interval) ] ;   rdfs:range [ rdf:type owl:Class ; owl:unionOf (time:Instant time:Interval) ] .time:after   rdf:type rdf:Property ;   rdfs:label "after" ;   rdfs:comment "A property relating an instant or interval to another that begins after the end of the former." ;   rdfs:domain [ rdf:type owl:Class ; owl:unionOf (time:Instant time:Interval) ] ;   rdfs:range [ rdf:type owl:Class ; owl:unionOf (time:Instant time:Interval) ] .
Produce an ontology specifically for {noun}.	 Use Turtle/RDF, without any extra textual content.	Produce an ontology specifically for Time. Use Turtle/RDF, without any extra textual content.	```ttl@prefix rdf: <http://www.w3.org/1999/02/22-rdf-syntax-ns#> .@prefix rdfs: <http://www.w3.org/2000/01/rdf-schema#> .@prefix owl: <http://www.w3.org/2002/07/owl#> .@prefix xsd: <http://www.w3.org/2001/XMLSchema#> .@prefix time: <http://www.w3.org/2006/time#> .# Class Definitions:TimeEntity rdf:type owl:Class ;    rdfs:subClassOf rdfs:Resource ;    rdfs:comment "Generalized concept of time entities" ;    rdfs:label "Time Entity" .:Instant rdf:type owl:Class ;    rdfs:subClassOf :TimeEntity ;    rdfs:comment "A point in time" ;    rdfs:label "Instant" .:Interval rdf:type owl:Class ;    rdfs:subClassOf :TimeEntity ;    rdfs:comment "A span of time" ;    rdfs:label "Interval" .:DateTimeDescription rdf:type owl:Class ;    rdfs:subClassOf :TimeEntity ;    rdfs:comment "A time description in terms of calendar and clock" ;    rdfs:label "DateTimeDescription" .# Property Definitions:inXSDDateTime rdf:type owl:DatatypeProperty ;    rdfs:domain :Instant ;    rdfs:range xsd:dateTime ;    rdfs:comment "The date and time in xsd:dateTime format" ;    rdfs:label "in xsd:dateTime" .:hasBeginning rdf:type owl:ObjectProperty ;    rdfs:domain :Interval ;    rdfs:range :Instant ;    rdfs:comment "The beginning of a time interval" ;    rdfs:label "has beginning" .:hasEnd rdf:type owl:ObjectProperty ;    rdfs:domain :Interval ;    rdfs:range :Instant ;    rdfs:comment "The end of a time interval" ;    rdfs:label "has end" .:hasDateTimeDescription rdf:type owl:ObjectProperty ;    rdfs:domain :Instant ;    rdfs:range :DateTimeDescription ;    rdfs:comment "The date and time description of an instant" ;    rdfs:label "has date and time description" .```
Compose an ontology to represent {noun}.		Compose an ontology to represent Time.	Ontology Name: Time OntologyClasses and subclasses:1. Time    - Absolute Time    - Relative Time2. Unit of Time    - Seconds    - Minutes    - Hours    - Days    - Weeks    - Months    - Years    - Decades    - Centuries    - Millenniums3. Calendar System    - Gregorian Calendar    - Julian Calendar    - Islamic Calendar    - Jewish Calendar    - Chinese Calendar    - Hindu Calendar4. Time Zones    - Cooperate Time Zones     - CET    - CST     - GMT    - PST    - EST5. Daylight Saving Time    - Start Day and Time    - End Day and Time6. Time Measurement Tools    - Clocks    - Calendars    - Sundials    - Hourglass    - Atomic clocks7. Historical Time Periods    - Ancient Time Periods    - Medieval Time Periods    - Modern Time Periods8. Futuristic Time Concepts    - Time Travel    - Multiverse TheoryProperties:- hasUnit: linking Time with Unit of Time- follows: linking various Calendar Systems denoting which ones follow others- isMeasuredBy: linking Time with Time Measurement Tools- belongsIn: linking Time with Time Zones- startsWith: denoting start of Daylight Saving Time- endsWith: denoting end of Daylight Saving Time- represents: linking Historical Time Periods to specific Time Periods- conceives: linking Futuristic Time Concepts with TimeIndividuals:- Might include specific moments in time (e.g., the signing of a significant treaty, the birth of a critical figure, etc.), named days (e.g., Christmas Day), named years (e.g., Year of the Rat in Chinese Calendar), specific time zones (e.g., Pacific Standard Time), etc.
Compose an ontology to represent {noun}.	 Provide it in valid Turtle/RDF format, excluding any extra text.	Compose an ontology to represent Time. Provide it in valid Turtle/RDF format, excluding any extra text.	```@prefix rdf: <http://www.w3.org/1999/02/22-rdf-syntax-ns#> .@prefix rdfs: <http://www.w3.org/2000/01/rdf-schema#> .@prefix xsd: <http://www.w3.org/2001/XMLSchema#> .@prefix owl: <http://www.w3.org/2002/07/owl#> .@prefix time: <http://www.w3.org/2006/time#> .time:Instant    a rdfs:Class ;    rdfs:comment "A point in time" ;    rdfs:subClassOf time:TemporalEntity .time:Interval    a rdfs:Class ;    rdfs:comment "A span of time" ;    rdfs:subClassOf time:TemporalEntity .time:TemporalEntity    a rdfs:Class ;    rdfs:comment "A temporal entity, either an instant or an interval." .time:inXSDDateTime    a owl:DatatypeProperty ;    rdfs:comment "The xsd:dateTime that is the beginning of the temporal entity." ;    rdfs:domain time:TemporalEntity ;    rdfs:range xsd:dateTime .time:duration    a owl:DatatypeProperty ;    rdfs:comment "The xsd:duration of the temporal entity" ;    rdfs:domain time:Interval ;    rdfs:range xsd:duration .```
Compose an ontology to represent {noun}.	 Return it in Turtle/RDF, without any additional text.	Compose an ontology to represent Time. Return it in Turtle/RDF, without any additional text.	@prefix rdf: <http://www.w3.org/1999/02/22-rdf-syntax-ns#> .@prefix rdfs: <http://www.w3.org/2000/01/rdf-schema#> .@prefix owl: <http://www.w3.org/2002/07/owl#> .@prefix time: <http://www.example.com/time#> .time: a owl:Ontology ;    rdfs:comment "An ontology for Time representation" .time:Time a rdfs:Class ;    rdfs:label "Time" ;    rdfs:comment "Class representing time" .time:hasHour a rdf:Property ;    rdfs:label "has Hour" ;    rdfs:comment "Relates a time to its hour" ;    rdfs:domain time:Time ;    rdfs:range rdf:integer .time:hasMinute a rdf:Property ;    rdfs:label "has Minute" ;    rdfs:comment "Relates a time to its minute" ;    rdfs:domain time:Time ;    rdfs:range rdf:integer .time:hasSecond a rdf:Property ;    rdfs:label "has Second" ;    rdfs:comment "Relates a time to its second" ;    rdfs:domain time:Time ;    rdfs:range rdf:integer . time:isPartOf a rdf:Property ;    rdfs:label "is part of" ;    rdfs:comment "Relates a time to the day, month, year it is part of" ;    rdfs:domain time:Time ;    rdfs:range rdfs:Resource . time:Day a rdfs:Class ;    rdfs:label "Day" ;    rdfs:comment "Class representing the day" .time:Month a rdfs:Class ;    rdfs:label "Month" ;    rdfs:comment "Class representing the month" .time:Year a rdfs:Class ;    rdfs:label "Year" ;    rdfs:comment "Class representing the year" . time:hasDate a rdf:Property ;    rdfs:label "has date" ;    rdfs:comment "Relates a Time to its specific date (day, month, year)" ;    rdfs:domain time:Time ;    rdfs:range rdfs:Resource .
Compose an ontology to represent {noun}.	 Make it in valid Turtle/RDF, without any explanatory text.	Compose an ontology to represent Time. Make it in valid Turtle/RDF, without any explanatory text.	```@prefix rdf: <http://www.w3.org/1999/02/22-rdf-syntax-ns#> .@prefix owl: <http://www.w3.org/2002/07/owl#> .@prefix xsd: <http://www.w3.org/2001/XMLSchema#> .@prefix rdfs: <http://www.w3.org/2000/01/rdf-schema#> .@prefix time: <http://www.w3.org/2006/time#> .<http://www.example.org/time#>    a owl:Ontology ;    rdfs:comment "An ontology representing Time" ;    rdfs:label "TimeOntology" .time:TemporalEntity    a owl:Class ;    rdfs:comment "A temporal entity that occurs in time" ;    rdfs:label "TemporalEntity" .time:Instant    a owl:Class ;    rdfs:subClassOf time:TemporalEntity ;    rdfs:comment "An instant of time" ;    rdfs:label "Instant" .time:Interval    a owl:Class ;    rdfs:subClassOf time:TemporalEntity ;    rdfs:comment "A time interval" ;    rdfs:label "Interval" .time:inXSDDateTime    a owl:DatatypeProperty ;    rdfs:domain time:Instant ;    rdfs:range xsd:dateTime ;    rdfs:comment "Expresses an instant of time in the xsd:dateTime format" ;    rdfs:label "inXSDDateTime" .time:hasBeginning    a owl:ObjectProperty ;    rdfs:domain time:Interval ;    rdfs:range time:Instant ;    rdfs:comment "The beginning instant of a time interval" ;    rdfs:label "hasBeginning" .time:hasEnd    a owl:ObjectProperty ;    rdfs:domain time:Interval ;    rdfs:range time:Instant ;    rdfs:comment "The end instant of a time interval" ;    rdfs:label "hasEnd" .time:hasDuration    a owl:DatatypeProperty ;    rdfs:domain time:Interval ;    rdfs:range xsd:duration ;    rdfs:comment "The duration of a time interval" ;    rdfs:label "hasDuration" .```
Compose an ontology to represent {noun}.	 Use Turtle/RDF, without any extra textual content.	Compose an ontology to represent Time. Use Turtle/RDF, without any extra textual content.	@prefix rdf: <http://www.w3.org/1999/02/22-rdf-syntax-ns#> .@prefix rdfs: <http://www.w3.org/2000/01/rdf-schema#> .@prefix owl: <http://www.w3.org/2002/07/owl#> .@prefix xsd: <http://www.w3.org/2001/XMLSchema#> .@prefix time: <http://www.example.org/time#> .time:Time    rdf:type rdfs:Class ;    rdfs:label "Time" ;    rdfs:comment "Representation of time which can be broken up into days, hours, minutes or seconds" .time:hasUnit    rdf:type rdf:Property ;    rdfs:label "hasUnit" ;    rdfs:range time:TimeUnit ;    rdfs:domain time:Time ;    rdfs:comment "Property to represent the unit of time for a specific interval" .time:TimeUnit    rdf:type rdfs:Class ;    rdfs:label "Time Unit" ;    rdfs:subClassOf time:Time ;    rdfs:comment "Units used to represent time e.g. days, hours, minutes and seconds" .time:hour    rdf:type time:TimeUnit ;    rdfs:label "hour" .time:minute    rdf:type time:TimeUnit ;    rdfs:label "minute" .time:second    rdf:type time:TimeUnit ;    rdfs:label "second" .time:day    rdf:type time:TimeUnit ;    rdfs:label "day" .time:quantity    rdf:type rdf:Property ;    rdfs:label "quantity" ;    rdfs:domain time:Time ;    rdfs:range xsd:int ;    rdfs:comment "Property to denote the number quantity for a time entity" .
Make an ontology that pertains to {noun}.		Make an ontology that pertains to Time.	I. Time   A. Type of Time       1. Linear        2. Cyclical       3. Relative       4. Absolute    B. Units of Time        1. Seconds       2. Minutes       3. Hours       4. Days       5. Weeks       6. Months       7. Years       8. Decades       9. Centuries       10. Millennia   C. Periods of Time       1. Past       2. Present       3. Future   D. Measurement of Time       1. Clocks          a. Analog          b. Digital       2. Calendars       3. Sundials       4. Hourglasses       5. Chronometers   E. Concepts of Time       1. Time Zone       2. Daylight Saving Time       3. Leap Year       4. Time Travel   F. Scientific Theories of Time       1. Einstein's Theory of Relativity       2. Quantum Mechanics   G. Philosophical Concepts of Time       1. Time as Illusion       2. Time as A-Series and B-Series   H. Cultural Concepts of Time        1. Sacred Time        2. Profane Time       3. Cyclical Time   I. Personal Time Management       1. Schedules       2. Timelines       3. Deadlines       4. Alarms and Reminders       5. Time Blocking
Make an ontology that pertains to {noun}.	 Provide it in valid Turtle/RDF format, excluding any extra text.	Make an ontology that pertains to Time. Provide it in valid Turtle/RDF format, excluding any extra text.	```turtle@prefix rdf: <http://www.w3.org/1999/02/22-rdf-syntax-ns#> .@prefix rdfs: <http://www.w3.org/2000/01/rdf-schema#> .@prefix xsd: <http://www.w3.org/2001/XMLSchema#> .@prefix owl: <http://www.w3.org/2002/07/owl#> .@prefix time: <http://www.w3.org/2006/time#> .time:Instant rdf:type owl:Class ;    rdfs:comment "A position or point in time" ;    rdfs:subClassOf rdfs:Resource .time:Interval rdf:type owl:Class ;    rdfs:comment "A duration or extent in time, defined by two instants" ;    rdfs:subClassOf rdfs:Resource .time:DateTimeDescription rdf:type owl:Class ;    rdfs:comment "Description of a date and time" ;    rdfs:subClassOf rdfs:Resource .time:hasBeginning rdf:type owl:ObjectProperty ;    rdfs:domain time:Interval ;    rdfs:range time:Instant ;    rdfs:comment "The beginning of a time interval" .time:hasEnd rdf:type owl:ObjectProperty ;    rdfs:domain time:Interval ;    rdfs:range time:Instant ;    rdfs:comment "The end of a time interval".time:inXSDDateTime rdf:type owl:DatatypeProperty ;    rdfs:domain time:DateTimeDescription ;    rdfs:range xsd:dateTime ;    rdfs:comment "Date and time in xsd:dateTime format".```
Make an ontology that pertains to {noun}.	 Return it in Turtle/RDF, without any additional text.	Make an ontology that pertains to Time. Return it in Turtle/RDF, without any additional text.	```@prefix rdf: <http://www.w3.org/1999/02/22-rdf-syntax-ns#> .@prefix rdfs: <http://www.w3.org/2000/01/rdf-schema#> .@prefix owl: <http://www.w3.org/2002/07/owl#> .@prefix xsd: <http://www.w3.org/2001/XMLSchema#> .@prefix time: <http://www.w3.org/2006/time#> .time: 	a owl:Ontology ;	rdfs:comment "An ontology that pertains to Time."@en ;	rdfs:label "Time Ontology"@en .time:Instant 	a rdfs:Class ;	rdfs:comment "A point in time."@en ;	rdfs:label "Instant"@en ;	rdfs:subClassOf time:TemporalEntity .time:TemporalEntity 	a rdfs:Class ;	rdfs:comment "An entity that has temporal extent or position."@en ;	rdfs:label "Temporal Entity"@en .time:Interval 	a rdfs:Class ;	rdfs:comment "A temporal entity with extent or duration."@en ;	rdfs:label "Interval"@en ;	rdfs:subClassOf time:TemporalEntity .time:hasBeginning 	a rdf:Property ;	rdfs:comment "Relation between a temporal entity and a time instant at which it starts."@en ;	rdfs:label "Has beginning"@en ;	rdfs:domain time:TemporalEntity ;	rdfs:range time:Instant .time:hasEnd 	a rdf:Property ;	rdfs:comment "Relation between a temporal entity and a time instant at which it ends."@en ;	rdfs:label "Has end"@en ;	rdfs:domain time:TemporalEntity ;	rdfs:range time:Instant .time:inDateTime 	a rdf:Property ;	rdfs:comment "Relation between a time instant and the dateTime that identifies it."@en ;	rdfs:label "In DateTime"@en ;	rdfs:domain time:Instant ;	rdfs:range xsd:dateTime .```
