Develop an ontology dedicated to {noun}.		Develop an ontology dedicated to Father.	Ontology is the philosophical study of being or existence as well as the basic categories of being and their relations.For the concept of "Father," the ontology would include various categories and their interrelations, like:Concept: Father- Sub-concepts: Biological Father, Adoptive Father, Step-Father, Foster Father, Legal Guardian, Spiritual Father.- Characteristics: Male, Adult, Progenitor, Protector, Provider.- Roles: Child's Discipline & Guidance, Emotional Support, Financial Support, Teaching and Role Modelling.- Relationships: Father-Child, Father-Mother, Father-Other Family Members.- Emotional Connection: Love, Respect, Fear, Attachment, Influence.- Responsibilities: Feeding, Clothing, Sheltering, Educating, Securing, Instilling values and morals.- Types: Single Parent, Married Parent, Divorced Parent, Widowed Parent, Separated Parent.- Legislation: Parental Rights, Duties and Responsibilities, Child support law etc.This ontology would help to understand and look at the concept, roles and responsibilities of a father from multiple dimensions and aspects.
Develop an ontology dedicated to {noun}.	 Provide it in valid Turtle/RDF format, excluding any extra text.	Develop an ontology dedicated to Father. Provide it in valid Turtle/RDF format, excluding any extra text.	```@prefix rdfs: <http://www.w3.org/2000/01/rdf-schema#> .@prefix owl: <http://www.w3.org/2002/07/owl#> .@prefix xsd: <http://www.w3.org/2001/XMLSchema#> .@prefix fatherOnto: <http://www.example.com/fatherOntology#> .fatherOnto:Father    a               owl:Class;    rdfs:subClassOf owl:Thing;    rdfs:label      "Father"@en.fatherOnto:hasChild    a            owl:ObjectProperty;    rdfs:label   "has child"@en;    rdfs:domain  fatherOnto:Father;    rdfs:range   fatherOnto:Person.fatherOnto:Person    a            owl:Class;    rdfs:label   "Person"@en;    rdfs:subClassOf owl:Thing.fatherOnto:hasSpouse    a            owl:ObjectProperty;    rdfs:domain  fatherOnto:Father;    rdfs:range   fatherOnto:Mother;    rdfs:label   "has spouse"@en.fatherOnto:Mother    a            owl:Class;    rdfs:label   "Mother"@en.fatherOnto:FatherAge    a               owl:DatatypeProperty;    rdfs:label      "father's age"@en;    rdfs:domain     fatherOnto:Father;    rdfs:range      xsd:integer.fatherOnto:FatherOccupation    a               owl:DatatypeProperty;    rdfs:label      "father's occupation"@en;    rdfs:domain     fatherOnto:Father;    rdfs:range      xsd:string.```
Construct an ontology focused on {noun}.		Construct an ontology focused on Father.	Ontology Name: Fatherhood OntologyI. Entities1. Father - Individual directly involved in the process of raising and/or giving birth to a child.2. Biological Father - Individual who contributed the genetic material for a child's conception.3. Adoptive Father - Individual who has legally taken on the responsibilities of raising a child.4. Step-father - Individual who is the husband of a child's mother but not the biological father.5. Single Father - Individual who looks after a child or children without a partner.6. Foster Father - Individual who takes care of a child temporarily, whose own parents are unable to do so.7. Surrogate Father - Individual who steps in and assumes the role of a father for a certain time period.8. Child - Individual who has a father.9. Sibling - Other children of the same father.10. Family - Social unit that includes a father and a child or children.11. Female Partner/ Wife - Woman who is legally or traditionally married to the father.II. Attributes1. Father's Name - The Name by which a father is known.2. Father's Age - Age of the father in years.3. Father's Occupation - Profession or trade of the father.4. Father's Marital Status - Legal relationship status of the father (single, married, divorced, widowed).5. Father's Health status - Overall well-being and medical conditions of the father.6. Father's Personality Traits - Characteristics that make up a father's unique personality.7. Father's Parenting Style - The way in which a father raises his children.III. Relationships1. Has-child - Direct Father-child relationship2. Is-married-to - Relationship between a father and his wife.3. Has-sibling - Relationship between children of the same father.4. Has-responsibility-for - Relationship between a father and his obligations towards his child or children.5. Supports - Relationship between a father and the child or children he provides for.6. Loves - Emotional connection between a father and his child or children.7. Raises - Relationship between a father and the child or children he is bringing up.IV. Actions1. Providing - Act of giving what is necessary for the child's health, welfare, maintenance, and protection.2. Educating - Act of teaching, instructing or guiding the child in his/her growth.3. Discipline - Act of setting rules for the child's behavior.4. Nurturing - Act of caring for and encouraging the child's growth or development.5. Play - Engaging in activities for enjoyment and recreation with the child.6. Protecting - Act of keeping the child safe from harm or injury.7. Guiding - Act of showing the way or advising the child in their personal life or career choices.
Construct an ontology focused on {noun}.	 Provide it in valid Turtle/RDF format, excluding any extra text.	Construct an ontology focused on Father. Provide it in valid Turtle/RDF format, excluding any extra text.	@prefix rdf: <http://www.w3.org/1999/02/22-rdf-syntax-ns#> .@prefix rdfs: <http://www.w3.org/2000/01/rdf-schema#> .@prefix xsd: <http://www.w3.org/2001/XMLSchema#> .@prefix owl: <http://www.w3.org/2002/07/owl#> .@prefix fam: <http://ontology.example.com/family/> .fam:Father a rdfs:Class ;    rdfs:label "Father" ;    rdfs:comment "A man in relation to his natural child or children" ;    rdfs:subClassOf fam:Parent .fam:hasFather a rdf:Property ;    rdfs:label "has father" ;    rdfs:comment "has father relation from a child to their father" ;    rdfs:domain fam:Child ;    rdfs:range fam:Father .fam:hasChild a rdf:Property ;    rdfs:label "has child" ;    rdfs:comment "has child relation from a father to their child" ;    rdfs:domain fam:Father ;    rdfs:range fam:Child .    fam:isMarriedTo a rdf:Property ;    rdfs:label "is married to" ;    rdfs:comment "is married to relation from a father to their spouse" ;    rdfs:domain fam:Father ;    rdfs:range fam:Mother .fam:Father rdfs:seeAlso fam:Mother.fam:Father rdfs:seeAlso fam:Child.fam:Father rdfs:seeAlso fam:Parent.fam:Father owl:disjointWith fam:Mother.fam:Father owl:disjointWith fam:Child.
Build an ontology surrounding the concept of a {noun}.		Build an ontology surrounding the concept of a Father.	1. **Superclass**: Parent    - **Related terms**: Mother, Guardian, Caregiver2. **Class**: Father    - **Attributes**:         - Biological Father        - Step-Father        - Foster Father        - Adoptive Father        - Grandfather        - Father-in-law    - **Skills**: Nurturing, caring, guidance    - **Roles**: Primary male role model, provider, protector     - **Relationships**:         - Child (biological, foster, adoptive)        - Spouse/Partner        - Ex-spouse/ex-partner3. **Individuals/Instances**:      - Single fathers     - Stay-at-home fathers     - Working fathers4. **Actions/Verbs**:      - To nurture     - To guide     - To protect     - To provide     - To teach5. **Values**:     - Paternal love     - Responsibility     - Dedication     - Sacrifice6. **Stereotypes**:     - Authoritative     - Disciplinarian     - Less emotionally expressive7. **Related Concepts**:      - Paternity leave     - Patenting styles     - Father's rights/movement     - Father's Day     - Fatherhood8. **Related Discipline**:     - Family studies     - Social science     - Psychology     - Anthropology     - Law 9. **Cultural Differences**:     - Varying expectations and roles across different cultures and societies.  10. **Issues/Challenges**:       - Absentee fathers       - Single parenthood      - Paternal rights and custody battles      - Policies affecting fathers such as paternal leave.
Build an ontology surrounding the concept of a {noun}.	 Provide it in valid Turtle/RDF format, excluding any extra text.	Build an ontology surrounding the concept of a Father. Provide it in valid Turtle/RDF format, excluding any extra text.	@prefix rdf: <http://www.w3.org/1999/02/22-rdf-syntax-ns#> .@prefix rdfs: <http://www.w3.org/2000/01/rdf-schema#> .@prefix owl: <http://www.w3.org/2002/07/owl#> .@prefix ex: <http://example.org/family/> .# Class definitionsex:Person rdf:type owl:Class .ex:Father rdf:type owl:Class ;    rdfs:subClassOf ex:Person .# Properties definitionsex:hasFather rdf:type owl:ObjectProperty;    rdfs:domain ex:Person ;    rdfs:range ex:Father .ex:hasChild rdf:type owl:ObjectProperty;    rdfs:domain ex:Father ;    rdfs:range ex:Person .ex:isMarriedTo rdf:type owl:ObjectProperty;    rdfs:domain ex:Father ;    rdfs:range ex:Person .ex:hasName rdf:type owl:DatatypeProperty ;    rdfs:domain ex:Person ;    rdfs:range xsd:string . ex:hasAge rdf:type owl:DatatypeProperty ;    rdfs:domain ex:Person ;    rdfs:range xsd:integer . ex:hasGender rdf:type owl:DatatypeProperty ;    rdfs:domain ex:Person ;    rdfs:range xsd:string . # A father Individual exampleex:John rdf:type ex:Father ;    ex:hasName "John" ;    ex:hasAge 40 ;    ex:hasGender "Male" .# A Person (John's child) Individual exampleex:Mike rdf:type ex:Person ;    ex:hasName "Mike" ;    ex:hasAge 20 ;    ex:hasGender "Male" ;    ex:hasFather ex:John .# John has a child (Mike)ex:John ex:hasChild ex:Mike .
Formulate an ontology related to {noun}.		Formulate an ontology related to Father.	1. Concept: Father   Attributes: Parent, Male, Biological or adopted relation, Adult2. Sub-concepts:    - Biological Father: Attributes: Biological relationship, Male, Parent, Provider of genetic material   - Adoptive Father: Attributes: Legal Relationship, Male, Parent, Chose to accept the role of parent    - Step-Father: Attributes: Relationship through marriage, Male, Parent, Takes care of spouse's children    - Foster Father: Attributes: Temporary Legal Relationship, Male, Parent, Provides care and shelter   - Godfather: Attributes: Cultural/religious relationship, Male, Parental role, Provides moral guidance and support3. Related Concepts:   - Son: Attributes: Male, Child, Biological or adopted relation   - Daughter: Attributes: Female, Child, Biological or adopted relation   - Wife: Attributes: Female, Married, Possibly mother of the children   - Husband: Attributes: Male, Married, Possibly father of the children4. Actions:    - Parenting: Attributes: Raising, Protecting, Nurturing, Guiding, Teaching   - Working: Attributes: Providing, Supporting, Earning   - Loving: Attributes: Emotional Bond, Affectionate, Supportive, Caring   - Disciplining: Attributes: Setting boundaries, Correcting, Guiding5. Contexts:    - Family: A collection of individuals related by blood, adoption or marriage   - Parenthood: The state or role of being a parent   - Childhood: The time period in which one is a child of their parents   - Adoption: The process by which one becomes the legal parent of another person's biological child6. Emotional aspects:   - Affection: Feeling and demonstrating love and care   - Responsibility: The duty to take care of and protect someone   - Pride: Satisfaction derived from one's children achievements   - Worry: Anxiety about one's children well-being and future.7. Cultural aspects: the role and expectations for fathers can vary widely depending on cultural norms and values.
Formulate an ontology related to {noun}.	 Provide it in valid Turtle/RDF format, excluding any extra text.	Formulate an ontology related to Father. Provide it in valid Turtle/RDF format, excluding any extra text.	@prefix rdf: <http://www.w3.org/1999/02/22-rdf-syntax-ns#> .@prefix rdfs: <http://www.w3.org/2000/01/rdf-schema#> .@prefix xsd: <http://www.w3.org/2001/XMLSchema#> .@prefix schema: <http://schema.org/> .schema:Person a rdf:Class ;    rdfs:comment "A person or individual"@en ;    rdfs:subClassOf schema:Thing .schema:father a rdf:Property ;    rdfs:comment "The male parent of an individual" @en ;    rdfs:domain schema:Person ;    rdfs:range schema:Person .schema:name a rdf:Property ;    rdfs:comment "The name of an individual" @en ;    rdfs:domain schema:Person ;    rdfs:range xsd:string ._:b1 a schema:Person ;    schema:name "John Doe"^^xsd:string ;    schema:father _:b2 ._:b2 a schema:Person ;    schema:name "Robert Doe"^^xsd:string .
Establish an ontology based on {noun}.		Establish an ontology based on Father.	An ontology is a set of concepts and categories in a subject area that shows their properties and the relations between them. Here's an ontology based on the concept of "Father":1. Father: A man in relation to his natural child or children.Properties:i. Age: The number of years that the father has been alive.ii. Name: The designation or identification given to the father.iii. Occupation: The job or profession of the father.Relationships:i. Has-Child: Relates a father to his child or childrenii. Has-Spouse: Relates a father to his wifeiii. Has-Parents: Relates a father to his parents2. Child: A young human being below the age of full physical development, son or daughter of a person.Properties:i. Age: The number of years that the child has been alive.ii. Name: The designation or identification given to the child.iii. Gender: The state of being male or female.Relationships:i. Has-Father: Relates a child to his or her fatherii. Has-Sibling: Relates a child to brothers or sisters, if any.3. Spouse: A partner in marriage.Properties:i. Age: The number of years that the spouse has been alive.ii. Name: The designation or identification given to the spouse.iii. Occupation: The job or profession of the spouse.Relationships:i. Has-Husband: Relates a wife to her spouse, who is father.ii. Has-Child: Relates spouse to their child or children.4. Grandparents: The parents of one's father.Properties:i. Age: The number of years that the grandparents have been alive.ii. Name: The designation or identification given to the grandparents.Relationships:i. Has-Son: Relates grandparents to their son, who is a father.ii. Has-Grandchild: Relates grandparents to their grandchildren.
Establish an ontology based on {noun}.	 Provide it in valid Turtle/RDF format, excluding any extra text.	Establish an ontology based on Father. Provide it in valid Turtle/RDF format, excluding any extra text.	```@prefix rdf: <http://www.w3.org/1999/02/22-rdf-syntax-ns#> .@prefix rdfs: <http://www.w3.org/2000/01/rdf-schema#> .@prefix xsd: <http://www.w3.org/2001/XMLSchema#> .@prefix ex: <http://example.com/> .ex:Father rdf:type rdfs:Class .ex:hasFather rdf:type rdf:Property ;    rdfs:domain ex:Person ;    rdfs:range ex:Father .    ex:hasChild rdf:type rdf:Property ;    rdfs:domain ex:Father ;    rdfs:range ex:Person .    ex:John rdf:type ex:Person ;    ex:hasFather ex:Mike .ex:Mike rdf:type ex:Father ;    ex:hasChild ex:John .```
Design an ontology to encompass {noun}.		Design an ontology to encompass Father.	An ontology for the concept of "Father" might look like this:1. **Concept: Father**    - Relation:      - Part of: Factor for Procreation.      - Role in: Family.   -  Specialization of: Parent.      - SubClassOf: Man, Adult.   -  Property:       - Has Children (zero or more).      - Has Male Children (Son).      - Has Female Children (Daughter).   -  Related concepts:        - Spouse (could be Wife, Partner).       - Biological Father.       - Adoptive Father.       - Stepfather.       - Grandfather.   -  Characteristics:       - Has the responsibility to support and care for children.       - Has legal obligations towards children.   2. **Concept: Biological Father**   -  Relation:       - Specialization of: Father.   -  Property:        - Has shared genetics with children.3. **Concept: Adoptive Father**   -  Relation:       - Specialization of: Father.   -  Property:        - Has legal responsibility for non-biological children.4. **Concept: Stepfather**   -  Relation:       - Specialization of: Father.   -  Property:        - Married to biological mother but not a biological father of the children.5. **Concept: Grandfather**   -  Relation:       - Specialization of: Father.   -  Property:        - Father of one's parent.Note: This ontology is not exhaustive and can be extended based on the requirements of a particular system/application.
Design an ontology to encompass {noun}.	 Provide it in valid Turtle/RDF format, excluding any extra text.	Design an ontology to encompass Father. Provide it in valid Turtle/RDF format, excluding any extra text.	@prefix foaf: <http://xmlns.com/foaf/0.1/> .@prefix rel: <http://purl.org/vocab/relationship/> .@prefix rdfs: <http://www.w3.org/2000/01/rdf-schema#> .rel:fatherOf a rdfs:Class ;    rdfs:label "Father" ;    rdfs:comment "A man in relation to his natural child or children." .rel:fatherOf rdfs:subClassOf foaf:Person ;    rdfs:domain foaf:Person ;    rdfs:range foaf:Person .foaf:Person a rdfs:Class ;    rdfs:label "Person" ;    rdfs:comment "A person." .rel:hasFather a rdf:Property ;    rdfs:domain foaf:Person ;    rdfs:range rel:fatherOf ;    rdfs:label "has father" ;    rdfs:comment "A property indicating a person's father." .rel:isFatherOf a rdf:Property ;    rdfs:domain rel:fatherOf ;    rdfs:range foaf:Person ;    rdfs:label "is father of" ;    rdfs:comment "A property indicating someone a person is the father of." .
Generate an ontology that covers {noun}.		Generate an ontology that covers Father.	1. Ontology Class: Human Subclasses:    - Male   - Female2. Ontology Class: Male Subclasses:    - Boy   - Man   - Father   Properties:    - HasGender   - HasName   - HasAge   - HasChild3. Ontology Class: Father Properties:   - HasChild   - IsMarried   - HasParent   - HasSibling   - HasSpouse   - IsDivorced   - IsWidower4. Ontology Class: Child Subclasses   - Son   - Daughter Properties:   - HasParent   - HasSibling   - HasGender   - HasAge   - HasName5. Ontology Class: Parent Subclasses:   - Mother   - Father  Properties:   - HasChild   - IsMarried   - HasParent   - HasSibling   - HasSpouse   - IsDivorced   - IsWidower6. Ontology Class: Married Person Subclasses:   - Husband   - Wife Properties:   - HasSpouse   - IsMarried7. Ontology Class: Divorced Person Subclasses:   - Ex-Husband   - Ex-Wife Properties:   - HasExSpouse   - IsDivorced8. Ontology Class: Widow/Widower Properties:   - HasLateSpouse   - IsWidower/Widow9. Ontology Class: Age Properties:   - HasBirthDate10. Ontology Class: Name Properties:  - HasFirstName  - HasLastName  - HasMiddleName  Every class and its subclasses have the property 'typeOf' to define the relationship with the superclass and 'instanceOf' for the objects of the classes. In addition to these, the 'partOf' property can be used to define which other classes or subclasses a certain instance can be linked to.
Generate an ontology that covers {noun}.	 Provide it in valid Turtle/RDF format, excluding any extra text.	Generate an ontology that covers Father. Provide it in valid Turtle/RDF format, excluding any extra text.	@prefix rdf: <http://www.w3.org/1999/02/22-rdf-syntax-ns#> .@prefix rdfs: <http://www.w3.org/2000/01/rdf-schema#> .@prefix owl: <http://www.w3.org/2002/07/owl#> .@prefix xsd: <http://www.w3.org/2001/XMLSchema#> .@prefix ex: <http://example.com/> .ex:Father rdf:type owl:Class ;    rdfs:subClassOf ex:Parent ;    rdfs:label "Father"@en ;    rdfs:comment "A man in relation to his child or children."@en .ex:hasFather rdf:type owl:ObjectProperty ;    rdfs:domain ex:Person ;    rdfs:range ex:Father ;    rdfs:label "has father"@en ;    rdfs:comment "A property linking a person to his/her father."@en .ex:isFatherOf rdf:type owl:ObjectProperty ;    rdfs:domain ex:Father ;    rdfs:range ex:Person ;    rdfs:inverseOf ex:hasFather ;    rdfs:label "is father of"@en ;    rdfs:comment "A property linking a father to his child or children."@en .
Produce an ontology specifically for {noun}.		Produce an ontology specifically for Father.	1. Father    - Biological Father: The male parent from which an offspring inherits its genetic material.         - Single Father: A man raising his child(ren) without a partner.         - Absent Father: A father who is not present in the child's life, physically, mentally, or emotionally.         - Involved Father: A father who is actively participating in the upbringing and care of his children.    - Step-Father: The husband of one's biological mother other than one's biological father.    - Foster Father: A man who acts as a child's guardian without being the child's biological or adoptive father.    - Adoptive Father: A man who has legally adopted a child.    - Godfather: A man who promises to help a child in its religious education and is chosen by the biological parents.    - Father-in-law: The father of one's spouse.    - Religious Father: Also known as “Father” or clergyman in Christianity.    - Father Figure: A man who inspires and encourages similar emotions to those induced by a biological father.    - Founding Father: A man who founds or establishes something, like a movement, institute, or country.- Attributes of Father    - Gender: Male    - Role: Fatherhood, parenting    - Responsibility: Provides economic, moral, emotional support, guidance, protection    - Relationship: To a child, a father could be biological, adoptive, step, or foster. To a spouse, he is a husband. To his biological parents, he is a son.- Activities of Father    - Parenting: Engaging in raising children and providing their physical, emotional, and intellectual needs.    - Providing: Earning and providing for the family financially.    - Teaching: Guiding children about life lessons, moral values, and education.    - Protecting: Ensuring the safety and well-being of the family.- Rights of Father    - Decision Making: Involvement in decisions regarding child education, upbringing.    - Access and Custody: Depending on jurisdiction and individual circumstance, may have rights to custody or visitation after divorce or separation.    - Inheritance: In many societies father has the right to inherit property from his parents.- Duties of Father    - Care: Responsible for the care and upbringing of his child(ren).    - Support: Required to provide financial, emotional support to his child(ren).    - Respect: Must respect the rights of his child(ren) and spouse.     - Guidance: Moral, educational, life guidance to children.    - Protection: Ensuring the safety and security of his family.
Produce an ontology specifically for {noun}.	 Provide it in valid Turtle/RDF format, excluding any extra text.	Produce an ontology specifically for Father. Provide it in valid Turtle/RDF format, excluding any extra text.	@prefix rdf: <http://www.w3.org/1999/02/22-rdf-syntax-ns#> .@prefix rdfs: <http://www.w3.org/2000/01/rdf-schema#> .@prefix owl: <http://www.w3.org/2002/07/owl#> .@prefix xsd: <http://www.w3.org/2001/XMLSchema#> .@prefix : <http://example.org/father#> .:Father a owl:Class ;    rdfs:subClassOf :Human ;    rdfs:comment "A male parent" ;    rdfs:label "Father" .:hasSon a owl:ObjectProperty ;    rdfs:domain :Father ;    rdfs:range :Son ;    rdfs:label "has son" ;    rdfs:comment "Relates a father to his son" .:hasDaughter a owl:ObjectProperty ;    rdfs:domain :Father ;    rdfs:range :Daughter ;    rdfs:label "has daughter" ;    rdfs:comment "Relates a father to his daughter" .:Son a owl:Class ;    rdfs:subClassOf :Human ;    rdfs:comment "The male offspring of a father" ;     rdfs:label "Son".:Daughter a owl:Class ;    rdfs:subClassOf :Human ;    rdfs:comment "The female offspring of a father" ;    rdfs:label "Daughter" .:Human a owl:Class ;    rdfs:comment "A human being" ;    rdfs:label "Human" .
Compose an ontology to represent {noun}.		Compose an ontology to represent Father.	An ontology for the representation of "Father" would incorporate the concept along with the relationships, properties, and roles associated with being a father.1. Concept: Father2. Sub-Concepts: Biological Father, Stepfather, Adoptive Father, Foster Father, Godfather, Single Father, Grandfather3. Attributes:    - HasChildren: Boolean that states if an individual has children or not.    - NumberOfChildren: Integer reflecting the number of children.    - IsMarried: Boolean indicating if a father is married.    - HasCustody: Boolean indicating if a father has custody of his child(ren).  4. Relationships:    - IsParentOf: Relationship between father and child.    - IsSpouseOf: Relationship between father and spouse (if exists).    5. Duties/Roles: Provider, protector, nurturer, educator, guide, role model.6. Instances: The instances would be all individual fathers based on the attributes and relationships described. Please note that this is a simple ontology. Depending on how in-depth one plans to go into the ontology and the context of the usage, one might need to consider additional sub-concepts, relationships, and attributes, the complexity can vary greatly.
Compose an ontology to represent {noun}.	 Provide it in valid Turtle/RDF format, excluding any extra text.	Compose an ontology to represent Father. Provide it in valid Turtle/RDF format, excluding any extra text.	@prefix rdf: <http://www.w3.org/1999/02/22-rdf-syntax-ns#> . @prefix rdfs: <http://www.w3.org/2000/01/rdf-schema#> . @prefix xsd: <http://www.w3.org/2001/XMLSchema#> . @prefix owl: <http://www.w3.org/2002/07/owl#> .@prefix ex: <http://example.com/> .ex:Father rdf:type owl:Class .ex:hasFather rdf:type owl:ObjectProperty ;    rdfs:domain ex:Person ;    rdfs:range ex:Father .ex:Person rdf:type owl:Class . ex:John rdf:type ex:Person .ex:David rdf:type ex:Father ;    rdfs:label "David"^^xsd:string .ex:John ex:hasFather ex:David .
Make an ontology that pertains to {noun}.		Make an ontology that pertains to Father.	1. Ontology Name: "Father"   2. Nodes:	2.1 Individual: This node represents the specific individual who is identified as a father.	2.2 Biological Father: This node represents the biological relation of a father to his offspring	2.3 Legal Father: This node represents a man who is a legal guardian of a child, this can be through adoption, or surrogate, etc. 	2.4 Step-Father: Represents a man who is not the biological father but married to the biological mother.	2.5 Father-In-Law: Represents the father of one's spouse.	2.6 Grandfather: Represents the father of one's parent.	2.7 Great Grandfather: Represents the father of one's grandparent. 	2.8 Godfather: Represents a man who sponsors a child in baptism.	2.9 Single Father: Represents a man raising his child(ren) without a partner.	2.10 Father Figure: Represents a man who serves as a father-like role model to someone.3. Relations:	3.1 Is Biological Father Of: Indicates the biological lineage between a father and his offspring.	3.2 Is Legal Father Of: Indicates the legal connection between a father and his child. 	3.3 Is Step-Father Of: Indicates a man is the step-father of someone due to his marriage to the biological mother.	3.4 Is Father-In-Law Of: Indicates a man is the father of someone's spouse.	3.5 Is Grandfather Of: Indicates a man is father of someone's parent.	3.6 Is Great Grandfather Of: Indicates a man is the father of someone's grandparent.	3.7 Is Godfather Of: Indicates the role of a man who sponsors a child in baptism.	3.8 Is Single Father Of: Indicates a man raises his child alone without a partner.  	3.9 Is a Father Figure To: Indicates a man that serves as a father-like role model to someone.4. Attributes:	4.1 Name: The name of the father.	4.2 Age: The age of the father.	4.3 Nationality: The nationality of the father.	4.4 Occupation: The job or profession of the father.	4.5 Marital Status: The marital status of the father (e.g. Single, Married, Divorced, Widowed).	4.6 Number Of Children: The number of children the father has. 	4.7 Residency : Place where Father currently lives.This represents a basic ontology pertaining to the term "Father". Depending on the use case or application, much more detailed nodes, relations, and attributes could be added.
Make an ontology that pertains to {noun}.	 Provide it in valid Turtle/RDF format, excluding any extra text.	Make an ontology that pertains to Father. Provide it in valid Turtle/RDF format, excluding any extra text.	@prefix rdf: <http://www.w3.org/1999/02/22-rdf-syntax-ns#> .@prefix rdfs: <http://www.w3.org/2000/01/rdf-schema#> .@prefix owl: <http://www.w3.org/2002/07/owl#> .@prefix xsd: <http://www.w3.org/2001/XMLSchema#> .@prefix ex: <http://example.com/family#> .ex:Father rdf:type owl:Class ;  rdfs:label "Father"@en ;  rdfs:subClassOf ex:Male .ex:hasFather rdf:type owl:ObjectProperty ;  rdfs:label "has father"@en ;  rdfs:domain ex:Person ;  rdfs:range ex:Father ;  owl:inverseOf ex:isFatherOf .ex:isFatherOf rdf:type owl:ObjectProperty ;  rdfs:label "is father of"@en ;  rdfs:domain ex:Father ;  rdfs:range ex:Person ;  owl:inverseOf ex:hasFather .ex:Male rdf:type owl:Class ;  rdfs:label "Male"@en ;  rdfs:subClassOf ex:Person .ex:Person rdf:type owl:Class ;  rdfs:label "Person"@en .
Develop an ontology dedicated to the following: {noun}.		Develop an ontology dedicated to the following: Father.	1) Entity: Father2) Sub-entities: - Biological Father- Step-Father- Adoptive Father- Single Father- Grandfather- Great Grandfather3) Properties:- Name- Date of Birth- Nationality- Occupation- Contact Information- Marital Status- Children4) Relation to other entities:- Child (direct relation)- Mother (partner)- Grandchild (descendants)- Wife (spouse)- Ex-wife (former spouse)5) Actions: - Nurture- Teach- Provide- Support- Disciple- Adopt6) Attributes:- Patient- Kind- Hardworking- Responsible- Loving- Inspiring- Protective7) Roles: - Head of Family- Caregiver- Income provider- Decision maker- Role model8) Rules: - A father must provide for the welfare of his children.- A father has the responsibility to guide and discipline his children.- A father should provide moral and emotional support to his children.9) Standards: - Any male parent of a child.- A man who has assumed the parental role for a child that does not biologically belong to him. - A man who has given birth to or raised a child in the role of a male parent.10) Constraints: - Age: Generally, a father will be older than his children.- Biological Limitations: Typically, a man can only be a biological father if he contributed sperm to the conception of a child.  11) Assumptions:- A man is assumed to be the biological father if he is married to the child's mother at the time of the child's birth.- A man is assumed to be responsible for a child's upbringing and financial support if he is recognized socially or legally as the child's father.  12) Scenarios:- A father uses his knowledge to guide his children through life.- A father provides for his family by working and earning money.- A man becomes a father through adoption, taking on the parental role for a child that does not biologically belong to him.
Develop an ontology dedicated to the following: {noun}.	 Provide it in valid Turtle/RDF format, excluding any extra text.	Develop an ontology dedicated to the following: Father. Provide it in valid Turtle/RDF format, excluding any extra text.	```@prefix ex: <http://example.com/> .@prefix rdfs: <http://www.w3.org/2000/01/rdf-schema#> .ex:Father a rdfs:Class ;    rdfs:subClassOf ex:Parent ;    rdfs:label "Father" ;    rdfs:comment "A male parent" .ex:hasFather a rdfs:Property ;    rdfs:domain ex:Person ;    rdfs:range ex:Father ;    rdfs:label "has father" ;    rdfs:comment "A relation between a person and their male parent" .ex:isFatherOf a rdfs:Property ;    rdfs:domain ex:Father ;    rdfs:range ex:Person ;    rdfs:label "is father of" ;    rdfs:comment "A relation between a male parent and their child" .```
Construct an ontology focused on the following: {noun}.		Construct an ontology focused on the following: Father.	An ontology for the concept "Father" could be structured as follows:- Entity: Father  - Definition: A man in relation to his natural child or children.  - Related Concepts:    - Parent: A person that is progenitor, a father or mother.    - Male: Identifying gender that typically relates to being a father.    - Child: The direct offspring, whom the father shares a direct blood line.    - Role: The father often plays a significant role in the upbringing and development of the child.  - Subtypes:    - Biological Father: The biological male parent of an individual.    - Stepfather: A woman's spouse who is not the biological father of her children but raises them as his own.    - Adoptive Father: A man who has become the parent of a child legally through the process of adoption.    - Foster Father: A man who acts as a child's guardian without being the child's biological or adoptive father.   - Responsibilities:     - Providing: Fathers are generally responsible to provide financially for their child's needs.     - Nurturing: Fathers provide emotional support and care.     - Teaching: They help in guiding their children, teaching them life skills.     - Protection: Ensuring the safety and security of their children.   - Rights:     - Decision Making: Fathers have rights to making decisions for their child's wellbeing.     - Custody: In the event of a separation, fathers have rights to claim custody of their child.     - Visitation: Even if not having custody, fathers typically have rights for visitation.   - Traits:        - Paternal: Is of or appropriate to a father.     - Loving: Expresses affection towards his children.     - Supportive: Offers help and encouragement to his children.     - Responsible: Ambitious to fulfill all the responsibilities.  - Associated Actions/Events:    - Fatherhood: The state of being a father.    - Birth: The event, which often initiates individual into being a father.    - Upbringing: The process of raising and educating a child, a pivotal aspect of "father's" role.    - Adoption: The process in which a man may become a father to a child that is not biologically his. This is just a starter ontology and may be expanded or modified, depending on the nature and requirements of the usage. For example, cultural nuances, societal norms, single father, and other elements may also be included depending on the specificity and application of the ontology.
Construct an ontology focused on the following: {noun}.	 Provide it in valid Turtle/RDF format, excluding any extra text.	Construct an ontology focused on the following: Father. Provide it in valid Turtle/RDF format, excluding any extra text.	@prefix rdf: <http://www.w3.org/1999/02/22-rdf-syntax-ns#> .@prefix rdfs: <http://www.w3.org/2000/01/rdf-schema#> .@prefix xsd: <http://www.w3.org/2001/XMLSchema#> .@prefix foaf: <http://xmlns.com/foaf/0.1/> .@prefix rel: <http://purl.org/vocab/relationship/> .#Class of Father:Father a rdfs:Class ;    rdfs:label "Father"@en ;    rdfs:comment "Class of all fathers"@en .    #Property of hasFather:hasFather a rdf:Property ;    rdfs:domain foaf:Person ;    rdfs:range :Father ;    rdfs:label "has father"@en ;    rdfs:comment "The property that relates a person to their father"@en .#Subclass of Male:Father rdfs:subClassOf foaf:Male .    #Individual Example:John a foaf:Person, :Father ;    foaf:firstName "John"^^xsd:string ;    foaf:familyName "Doe"^^xsd:string .    :Sam a foaf:Person ;    foaf:firstName "Sam"^^xsd:string ;    foaf:familyName "Doe"^^xsd:string ;    :hasFather :John .
Build an ontology surrounding the concept of the following: {noun}.		Build an ontology surrounding the concept of the following: Father.	I. Class: Human    A. Subclass: Male        1. Instance: Father            a. Properties: Name, Age, Nationality, Occupation            b. Relations:                 i. ParentOf (Children)                ii. SonOf (Parents)                iii. HusbandOf (Spouse)            c. Functions:                 i. Provide (for family)                ii. Protect (children and spouse)                iii. Teach (Children)II. Class: Biological Role    A. Subclass: Procreation        1. Instance: Sperm Donor            a. Relations:                 i. BiologicalFatherOf (Children)III. Class: Legal Role    A. Subclass: Parental Responsibility        1. Instance: Custodial Parent            a. Relations:                i. LegalFatherOf (Children)                ii. MarriedTo (Spouse)            b. Functions:                i. Protect rights (of children)                ii. Provide care (to children)IV. Class: Emotional Role    A. Subclass: Guidance        1. Instance: Mentor            a. Properties: Years of Experience, Skills            b. Relations:                 i. MentorOf (Mentee)            c. Functions:                 i. Guide (Mentee)                ii. Support (Mentee)V. Class: Societal Role    A. Subclass: Traditional Roles        1. Instance: Patriarch            a. Properties: Social Status, Wealth            b. Relations:                 i. HeadOf (Family, Clan, Tribe)            c. Functions:                 i. Manage (Family affairs)                ii. Represent (Family, Clan, Tribe in society)
Build an ontology surrounding the concept of the following: {noun}.	 Provide it in valid Turtle/RDF format, excluding any extra text.	Build an ontology surrounding the concept of the following: Father. Provide it in valid Turtle/RDF format, excluding any extra text.	```turtle@prefix rdf: <http://www.w3.org/1999/02/22-rdf-syntax-ns#> .@prefix rdfs: <http://www.w3.org/2000/01/rdf-schema#> .@prefix xsd: <http://www.w3.org/2001/XMLSchema#> .@prefix rel: <http://purl.org/vocab/relationship/> .rel:Father rdf:type rdfs:Class ;  rdfs:label "Father"@en ;  rdfs:comment "The male parent of a child."@en ;  rdfs:subClassOf rel:Parent .rel:fatherOf rdf:type rdf:Property ;  rdfs:label "father of"@en ;  rdfs:comment "Indicates that the subject is the father of the object."@en ;  rdfs:domain rel:Father ;  rdfs:range rdfs:Resource .rel:childOf rdf:type rdf:Property ;  rdfs:label "child of"@en ;  rdfs:comment "Indicates that the subject is a child of the object."@en ;  rdfs:domain rdfs:Resource ;  rdfs:range rel:Father .rel:hasSpouse rdf:type rdf:Property ;  rdfs:label "has spouse"@en ;  rdfs:comment "Indicates the spouse of the father."@en ;  rdfs:domain rel:Father ;  rdfs:range rdfs:Resource .rel:Son rdf:type rdfs:Class ;  rdfs:label "Son"@en ;  rdfs:comment "The male child of a parent."@en ;  rdfs:subClassOf rdfs:Resource .  rel:Daughter rdf:type rdfs:Class ;  rdfs:label "Daughter"@en ;  rdfs:comment "The female child of a parent."@en ;  rdfs:subClassOf rdfs:Resource .```
Formulate an ontology related to  the following: {noun}.		Formulate an ontology related to  the following: Father.	An ontology related to the term "Father" would include the following:Concepts:1. Father: A male parent of a child or offspring.2. Parent: A mother or a father.3. Child: A son or daughter, a person's offspring.4. Son: A male child in relation to his parents.5. Daughter: A female child in relation to her parents.6. Sibling: A brother or sister.7. Grandfather: The father of a person's parent.8. Male: A man, boy, or male animal.9. Family: A basic social unit consisting of parents and their children.10. Paternity: The state of being someone's father.11. Biological Father: The man whose sperm resulted in a child.12. Adoptive Father: The man who has legally adopted a child.13. Stepfather: The man who is married to one's mother after the divorce of one's parents or the death of one's father.Relationships:1. Father is kind of (isa) Parent.2. Father is opposite of Mother.3. Father has (possesses) Child.4. Father can be Biological, Adoptive, or Stepfather.5. Father has gender Male.6. Father could have role of Grandfather.7. Father and Mother together form a Family.8. Son and Daughter are kinds of Child for Father.Attributes:1. Name: The name of the father.2. Age: The age of the father.3. Nationality: The nationality of the father.4. Occupation: The occupational role of the father.5. Status (Biological, Adoptive, Stepfather): The type of the fatherhood.6. Number of Children: The number of children the father has.The above formulation captures the concepts, relationships, and attributes related to the term "Father", and their interrelationships thereby forming an ontology.
Formulate an ontology related to  the following: {noun}.	 Provide it in valid Turtle/RDF format, excluding any extra text.	Formulate an ontology related to  the following: Father. Provide it in valid Turtle/RDF format, excluding any extra text.	```@prefix rdf: <http://www.w3.org/1999/02/22-rdf-syntax-ns#> .@prefix rdfs: <http://www.w3.org/2000/01/rdf-schema#> .@prefix xsd: <http://www.w3.org/2001/XMLSchema#> .@prefix ex: <http://example.com/> .ex:Father a rdfs:Class ;    rdfs:label "Father" ;    rdfs:comment "A male parent" .<http://example.com/john_doe> a ex:Father ;    rdfs:label "John Doe" ;    ex:hasChild <http://example.com/jane_doe> .<http://example.com/jane_doe> a rdfs:Resource .```  This ontology defines a Father as a class and John Doe as an Instance of that class (a specific Father). John Doe's relationship to another entity (his child: Jane Doe) is defined through the property hasChild.
Establish an ontology based on the following: {noun}.		Establish an ontology based on the following: Father.	Hierarchy:- Being:     - Human:       - Male:           - FatherProperties/Attributes:- Name- Age- Occupation- Nationality- Number of children- Marital StatusRelationships:- Is a parent of: Child- Is a husband of: Wife- Is a son of: Parents- Is a brother of: Siblings- Has Role: RelativeActions:- Raises: Children- Works: Job- Protects: Family- Loves: Family
Establish an ontology based on the following: {noun}.	 Provide it in valid Turtle/RDF format, excluding any extra text.	Establish an ontology based on the following: Father. Provide it in valid Turtle/RDF format, excluding any extra text.	```@prefix rdf: <http://www.w3.org/1999/02/22-rdf-syntax-ns#> .@prefix rdfs: <http://www.w3.org/2000/01/rdf-schema#> .@prefix ex: <http://example.org/ontology#> .ex:Father rdf:type rdfs:Class .ex:hasFather rdf:type rdf:Property ;             rdfs:domain ex:Person ;             rdfs:range ex:Father .```
Design an ontology to encompass the following: {noun}.		Design an ontology to encompass the following: Father.	Ontology Entity: FatherSub-classes: - Biological Father- Stepfather- Adoptive Father- Foster Father- Legal Guardian- Grandfather- Father-in-lawAttributes/Properties:- Name- Age - Occupation- Nationality- Marital_status- Number_of_children- Health_statusRelationships/Associations:- Son- Daughter- Wife- Ex-wife- Parents- Siblings- Grandchildren- Daughter-in-law- Son-in-lawActions/Methods:- Provide- Protect- Educate- Guide- Support- Nurture Values/DataType:- Name (string)- Age (integer)- Occupation (string)- Nationality (string)- Marital_status (string)- Number_of_children (integer)- Health_status (string)Instances:- John, a 40-year-old, American, married, businessman with two kids, who is in good health. - Michael, a 55-year-old, British, divorced, retired teacher with one child, who is in fair health. Note: This ontology is basic and doesn't encompass all aspects of the entity 'Father'. Depending on the purpose, it can be further elaborated to include other relevant facts and aspects.
Design an ontology to encompass the following: {noun}.	 Provide it in valid Turtle/RDF format, excluding any extra text.	Design an ontology to encompass the following: Father. Provide it in valid Turtle/RDF format, excluding any extra text.	```@prefix rdf: <http://www.w3.org/1999/02/22-rdf-syntax-ns#> .@prefix rdfs: <http://www.w3.org/2000/01/rdf-schema#> .@prefix xsd: <http://www.w3.org/2001/XMLSchema#> .@prefix ex: <http://example.com/#> .ex:Father a rdfs:Class ;  rdfs:label "Father" ;  rdfs:comment "A person that has begotten a child, also known as a male parent." .ex:hasFather a rdf:Property ;  rdfs:label "has father" ;  rdfs:comment "A property indicating a person's father." ;  rdfs:domain ex:Person ;  rdfs:range ex:Father .ex:isFatherOf a rdf:Property ;  rdfs:label "is father of" ;  rdfs:comment "A property indicating a person to whom one is a father." ;  rdfs:domain ex:Father ;  rdfs:range ex:Person .```
Generate an ontology that covers the following: {noun}.		Generate an ontology that covers the following: Father.	Ontology:1. Person     - Attributes: Name, Age, Gender, Occupation, Nationality, Religion, Marital status     - Relationships: Parent, Child, Spouse, Sibling2. Father     - Sub-class of Person     - Attributes: Name, Age, Gender (Male), Occupation, Nationality, Religion, Marital Status     - Relationships: Parent of Child, Spouse of Mother, Son of Grandfather/Grandmother, Sibling of Uncle/Aunt3. Child     - Sub-class of Person     - Attributes: Name, Age, Gender, Occupation, Nationality, Religion     - Relationships: Son/Daughter of Father/Mother, Grandson/Granddaughter of Grandfather/Grandmother, Nephew/Niece of Uncle/Aunt4. Spouse     - Sub-class of Person     - Attributes: Name, Age, Gender, Occupation, Nationality, Religion, Marital Status     - Relationships: Spouse of Father/Mother, Parent of Child5. Sibling     - Sub-class of Person     - Attributes: Name, Age, Gender, Occupation, Nationality, Religion     - Relationships: Brother/Sister of Father, Uncle/Aunt of Child6. Grandfather/Grandmother     - Sub-class of Person     - Attributes: Name, Age, Gender, Occupation, Nationality, Religion     - Relationships: Parent of Father/Mother, Grandparent of Child 7. Uncle/Aunt     - Sub-class of Person     - Attributes: Name, Age, Gender, Occupation, Nationality, Religion     - Relationships: Sibling of Father/Mother, Uncle/Aunt of ChildActions/Verbs:1. Is parent of2. Is child of3. Is spouse of4. Is sibling of5. Is married to6. Is son/daughter of7. Is brother/sister of8. Is uncle/aunt of9. Is grandson/granddaughter of10. Is grandparent of
Generate an ontology that covers the following: {noun}.	 Provide it in valid Turtle/RDF format, excluding any extra text.	Generate an ontology that covers the following: Father. Provide it in valid Turtle/RDF format, excluding any extra text.	@prefix rdf: <http://www.w3.org/1999/02/22-rdf-syntax-ns#> .@prefix rdfs: <http://www.w3.org/2000/01/rdf-schema#> .@prefix xsd: <http://www.w3.org/2001/XMLSchema#> .@prefix : <http://example.org/> .:Father rdf:type rdfs:Class .:hasFather rdf:type rdf:Property ;    rdfs:domain :Person ;    rdfs:range :Father .:isFatherOf rdf:type rdf:Property ;    rdfs:domain :Father ;    rdfs:range :Person .
Produce an ontology specifically for the following: {noun}.		Produce an ontology specifically for the following: Father.	I. Definition   1. Biological Father   2. Adoptive Father   3. Stepfather   4. Father-in-law   5. Spiritual Father   6. Father figureII. Function   1. Provider    2. Protector    3. Educator    4. Emotional supporter   5. Role Model III. Properties   1. Paternal Love   2. Responsible   3. Compassionate   4. Strict   5. SupportiveIV. Relationships   1. With Children   2. With Mother   3. With Grandchildren   4. With Other Relatives   5. With Friends and Community MembersV. Legal Status   1. Rights and Responsibilities   2. Custody Status   3. Adoption Status   4. Legal Acknowledgement of FatherhoodVI. Biological aspects   1. Genetic Contributor    2. Role in Child’s Physical TraitsVII. Cultural and Societal Roles   1. Expectations and Stereotypes   2. Depictions in Media   3. Role in Cultural Practices   4. Influence on Child’s IdentityVIII. Psychological aspects   1. Effect on Child’s Development   2. Effect on Child’s Mental Health   3. Potential Impact of Absent Father   4. Father-child bondingIX. Religious Aspects   1. Spiritual Leader    2. Religious Teachings About Fatherhood   3. Role in Religious Practices   4. Depictions in Religious Texts
Produce an ontology specifically for the following: {noun}.	 Provide it in valid Turtle/RDF format, excluding any extra text.	Produce an ontology specifically for the following: Father. Provide it in valid Turtle/RDF format, excluding any extra text.	@prefix rdf: <http://www.w3.org/1999/02/22-rdf-syntax-ns#> .@prefix rdfs: <http://www.w3.org/2000/01/rdf-schema#> .@prefix owl: <http://www.w3.org/2002/07/owl#> .@prefix xsd: <http://www.w3.org/2001/XMLSchema#> .@prefix ex: <http://example.com/> .ex:Father a rdfs:Class ;    rdfs:subClassOf ex:Man ;    rdfs:label "Father"@en ;    rdfs:comment "A man who has given birth to a child or who has accepted a child as his own, through legal means or through an informal arrangement"@en .    ex:hasChild a rdf:Property ;    rdfs:domain ex:Father ;    rdfs:range ex:Person ;    rdfs:label "has child"@en ;    rdfs:comment "The father's child"@en .    ex:isFatherOf a rdf:Property ;    rdfs:domain ex:Person ;    rdfs:range ex:Father ;    rdfs:label "is father of"@en ;    rdfs:comment "The person's father"@en . ex:hasSpouse a rdf:Property ;    rdfs:domain ex:Father ;    rdfs:range ex:Woman ;    rdfs:label "has spouse"@en ;    rdfs:comment "The father's spouse"@en .ex:Man a rdfs:Class ;    rdfs:label "Man"@en ;    rdfs:comment "An adult human male"@en .    ex:Person a rdfs:Class ;    rdfs:label "Person"@en ;    rdfs:comment "A human being"@en .    ex:Woman a rdfs:Class ;    rdfs:label "Woman"@en ;    rdfs:comment "An adult human female"@en .
Compose an ontology to represent the following: {noun}.		Compose an ontology to represent the following: Father.	Ontology:1. Concept:    - Father (Person)2. Properties:    - Biological Father (Boolean)   - Adoptive Father (Boolean)   - Father-in-law (Boolean)   - Step Father (Boolean)   - Age (Number)   - Nationality (String)   - Name (String)3. Relationships:   - HasChild (Person - Child)   - HasSpouse (Person - Spouse)   - IsSonOf (Person - Grandfather)   - IsAcquaintanceOf (Person)4. Functions:   - CelebrateFather'sDay ()   - ProvideCare (Child)   - ProvideSupport (Child)5. Constraints:   - Every father must have a child.   - If a person is a father, he must be an adult.6. Axioms:   - All fathers are males.   - If a person is a biological father, he contributed in the biological creation of a child.   - If a person is an adoptive father, he legally adopted a child.   - If a person is a step father, he is the husband of the child's biological mother but not the biological father.   - If a person is a father-in-law, his child is married.7. Instances:   - Persons who are recognized as a father in the real world.This ontology defines the concept of a father, identifying different types of fathers (biological, adoptive, step father, father-in-law) that can exist, along with the relationships they can have (child, spouse, grandfather), properties they can possess (age, nationality, name) and functions they can perform (celebrate Father's Day, provide care and support). The constraints and axioms help to formally articulate the rules and facts that apply to all fathers. Instances of the father concept would be individual people recognized as a father.
Compose an ontology to represent the following: {noun}.	 Provide it in valid Turtle/RDF format, excluding any extra text.	Compose an ontology to represent the following: Father. Provide it in valid Turtle/RDF format, excluding any extra text.	@prefix rdf: <http://www.w3.org/1999/02/22-rdf-syntax-ns#> .@prefix rdfs: <http://www.w3.org/2000/01/rdf-schema#> . @prefix ex: <http://example.org/> .ex:Father a rdfs:Class ;    rdfs:comment "The class of individuals who are male parents."@en ;    rdfs:label "Father"@en ;    rdfs:subClassOf ex:Parent .    ex:Parent a rdfs:Class ;    rdfs:comment "The class of individuals who are parents."@en ;    rdfs:label "Parent"@en .
Make an ontology that pertains to the following: {noun}.		Make an ontology that pertains to the following: Father.	Ontology for a Father:1. Father    1.1 Biological Father        1.1.1 Attributes            1.1.1.1 Genetic Contribution            1.1.1.2 Biological Relation to child    1.2 Adoptive Father        1.2.1 Attributes            1.2.1.1 Legal Guardian            1.2.1.2 Not Biologically Related to Child    1.3 Stepfather        1.3.1 Attributes            1.3.1.1 Married to Biological or Adoptive Mother            1.3.1.2 Not Biologically Related to Child    2. Responsibilities        2.1 Provision            2.1.1 Financial Support            2.1.2 Physical Care        2.2 Guidance            2.2.1 Moral Instruction            2.2.2 Emotional Support        2.3 Discipline            2.3.1 Setting Boundaries            2.3.2 Administering Consequences    3. Relationship with Child        3.1 Emotional Bond        3.2 Instructional Role        3.3 Interactive Role (playing, teaching, etc.)    4. Status        4.1 Active Fatherhood        4.2 Absent Fatherhood        4.3 Single Fatherhood    5. Legal Rights and Obligations        5.1 Cell phone, internet, TV, etc.        5.2 Legally upheld protection rights        5.3 Obligation to Provide Support    6. Types of fathers based on occupation (if it influences the role)        6.1 Working Father        6.2 Stay-at-home Father        6.3 Unemployed Father    7. Fatherhood with respect to the age of the child        7.1 Father to Infants        7.2 Father to Toddlers        7.3 Father to Preschoolers        7.4 Father to School-Age Children        7.5 Father to Teenagers        7.6 Father to Adults
Make an ontology that pertains to the following: {noun}.	 Provide it in valid Turtle/RDF format, excluding any extra text.	Make an ontology that pertains to the following: Father. Provide it in valid Turtle/RDF format, excluding any extra text.	```@prefix ex: <http://example.com/> .@prefix rdf: <http://www.w3.org/1999/02/22-rdf-syntax-ns#> .@prefix rdfs: <http://www.w3.org/2000/01/rdf-schema#> .ex:Father rdf:type rdfs:Class .ex:hasFather rdf:type rdf:Property ;    rdfs:domain ex:Person ;    rdfs:range ex:Father .ex:isFatherOf rdf:type rdf:Property ;    rdfs:domain ex:Father ;    rdfs:range ex:Person .```
Could you develop a basic design pattern for representing {noun} in an ontology?		Could you develop a basic design pattern for representing Father in an ontology?	Sure, here's a basic design pattern for representing "Father" in an ontology. This pattern uses simplified terminology, but it should still communicate the general concept.[_Note: In ontology design, relationships and properties can be very detailed and fluid, and specific implementations may vary greatly due to the multifaceted nature of the "Father" role._]1. **Entity:** Person    - **Properties:**        - Name        - Gender        - BirthDate        - DeathDate (if applicable)    - **Relations:**        - ParentOf        - ChildOf    - **Instances:**        - Individual people2. **Entity:** Father [_this can be a subclass of Person_]    - **Properties:**        - Inherits all properties from Person    - **Relations:**        - Inherits all relations from Person        - IsFatherOf    - **Conditions / Restrictions:**        - Gender must be Male         - IsParentOf at least one Person       - **Instances:**        - Individual people who are fathers_Remember that the actual complexity of the ontology will depend on your specific needs. E.g., you may want to include additional entities for "Grandfather", "Stepfather", etc., or you might want to include additional properties and relations like "MarriedTo", "DivorcedFrom", etc._
Could you develop a basic design pattern for representing {noun} in an ontology?	 Provide it in valid Turtle/RDF format, excluding any extra text.	Could you develop a basic design pattern for representing Father in an ontology? Provide it in valid Turtle/RDF format, excluding any extra text.	@prefix rdf: <http://www.w3.org/1999/02/22-rdf-syntax-ns#> .@prefix rdfs: <http://www.w3.org/2000/01/rdf-schema#> .@prefix owl: <http://www.w3.org/2002/07/owl#> .@prefix xsd: <http://www.w3.org/2001/XMLSchema#> .@prefix ex: <http://example.com/#> .ex:Father rdf:type owl:Class ;    rdfs:subClassOf ex:Man .ex:hasFather rdf:type owl:ObjectProperty ;    rdfs:domain ex:Human ;    rdfs:range ex:Father ;    owl:inverseOf ex:isFatherOf .ex:isFatherOf rdf:type owl:ObjectProperty ;    rdfs:domain ex:Father ;    rdfs:range ex:Human ;    owl:inverseOf ex:hasFather .
Is it possible for you to create a straightforward pattern to depict {noun} ontologically?		Is it possible for you to create a straightforward pattern to depict Father ontologically?	As an AI, I can provide an ontological depiction of the concept "Father" based on the typical patterns and characteristics associated with it. However, it's important to note that this depiction is a generalized and simple format, and it doesn't cover all the complexities, deviations, and personal experiences. Bearing that in mind, here's a straightforward ontological pattern:1. Being: A father is an adult male human.2. Relationship: A father is biologically, legally, or socially recognized parent of one or more offspring (children), biologically involves providing sperm for fertilization to produce offspring.3. Responsibility: Able to provide guidance, emotional, and economic support to their children.4. Attribute: Typically exhibits traits such as protectiveness, strength, wisdom, and generosity.5. Social Role: Plays a significant role in the family structure and child-rearing, according to cultural and personal expectations.6. Affection: A figure of love, respect, and authority.Remember, this pattern is very generalized and might not apply accurately to every case, as realities can be much more complex and diverse.
Is it possible for you to create a straightforward pattern to depict {noun} ontologically?	 Provide it in valid Turtle/RDF format, excluding any extra text.	Is it possible for you to create a straightforward pattern to depict Father ontologically? Provide it in valid Turtle/RDF format, excluding any extra text.	Yes, it is possible. Here's an example in Turtle/RDF format that shows a generic ontological representation of 'Father':```turtle@prefix rdf: <http://www.w3.org/1999/02/22-rdf-syntax-ns#> .@prefix rdfs: <http://www.w3.org/2000/01/rdf-schema#> .@prefix xsd: <http://www.w3.org/2001/XMLSchema#> .@prefix foaf: <http://xmlns.com/foaf/0.1/> .@prefix rel: <http://www.perceive.net/schemas/relationship/> ._:john a foaf:Person ;  foaf:name "John"^^xsd:string ;  rel:fatherOf _:jake ._:jake a foaf:Person ;  foaf:name "Jake"^^xsd:string ;  rel:childOf _:john .```In the above RDF schema, _:john is represented as a `foaf:Person` with the name "John" who is the father of _:jake. Similarly, _:jake is also a `foaf:Person` named "Jake" who is the child of _:john, making _:john his father. The `rel:fatherOf` and `rel:childOf` properties establish this relationship.Remember that this is a very simple representation. In a real-world scenario, URIs would generally be used in place of blank nodes (_:john, _:jake).
Can you formulate a simple ontology pattern that captures the essence of {noun}?		Can you formulate a simple ontology pattern that captures the essence of Father?	Class: Person   Subclass: MaleProperty: HasChild  Domain: Person  Range: PersonProperty: IsFatherOf  Domain: Male  Range: Person  Sub-property of: HasChildHere, if a male person "HasChild" another person, this means the male person "IsFatherOf" that person. This pattern captures the essence of the father-child relationship in the most simple manner possible.
Can you formulate a simple ontology pattern that captures the essence of {noun}?	 Provide it in valid Turtle/RDF format, excluding any extra text.	Can you formulate a simple ontology pattern that captures the essence of Father? Provide it in valid Turtle/RDF format, excluding any extra text.	@prefix rdf: <http://www.w3.org/1999/02/22-rdf-syntax-ns#> .@prefix rdfs: <http://www.w3.org/2000/01/rdf-schema#> .@prefix ex: <http://example.com/> .ex:Father a rdfs:Class ;   rdfs:subClassOf ex:Male ;   rdfs:label "Father" ;   rdfs:comment "Class that represents biological or adoptive fathers." .ex:hasFather a rdf:Property ;     rdfs:domain ex:Person ;     rdfs:range ex:Father ;     rdfs:label "has father" ;     rdfs:comment "Property that links a person to their father." .ex:isFatherOf a rdf:Property ;     rdfs:domain ex:Father ;     rdfs:range ex:Person ;     rdfs:label "is father of" ;     rdfs:comment "Property that links a father to their child." .
Would you be able to generate a basic pattern for {noun}'s ontological representation?		Would you be able to generate a basic pattern for Father's ontological representation?	An ontological representation for the concept "Father" could look something like this:1. Father:   - is_a: Parent   - sex: Male   - biological_relation: Child   - legally_responsible_for: Child (possibly)   - partner_of: Mother (possibly)   - age: Varies   - attributes: Protective, provider, supportive, caring (stereotypically)    - role: Raising, nurturing, teaching and guiding the childRemember, this is a straightforward ontological representation and does not encompass all possible aspects and perspectives of the concept "Father" as it can vary across different cultures, societies and personal beliefs.
Would you be able to generate a basic pattern for {noun}'s ontological representation?	 Provide it in valid Turtle/RDF format, excluding any extra text.	Would you be able to generate a basic pattern for Father's ontological representation? Provide it in valid Turtle/RDF format, excluding any extra text.	Sure, here's an example of how you might represent the concept of a "Father" in Turtle/RDF format:```@prefix rdf: <http://www.w3.org/1999/02/22-rdf-syntax-ns#> .@prefix rdfs: <http://www.w3.org/2000/01/rdf-schema#> .@prefix xsd: <http://www.w3.org/2001/XMLSchema#> .@prefix foaf: <http://xmlns.com/foaf/0.1/> .@prefix ex: <http://example.org/> .ex:John a foaf:Person ;  foaf:name "John"^^xsd:string ;  ex:hasChild ex:Tom .  ex:Tom a foaf:Person ;  foaf:name "Tom"^^xsd:string ;  ex:hasFather ex:John .```In this code:- `ex:` is a custom prefix I've used for my example properties (`hasChild` and `hasFather`).- `ex:John` is a unique identifier for a person named John.- `ex:Tom` is a unique identifier for a person named Tom.- `foaf` is a well-known RDF vocabulary for describing people and relationships. I would like to note that there is no universal ontology for representing the concept of a 'Father'. The above is just an example based on a set of assumptions. It makes sense to use or develop an ontology that is understood and shared by your specific community of use. Different ontology might use different relationships such as 'parentOf', 'hasChild' or similar.
Are you able to design a simple framework within an ontology to embody {noun}?		Are you able to design a simple framework within an ontology to embody Father?	Sure, here is a basic example of how a simple framework within an ontology could embody the concept of "Father". Please note that ontologies can get very complex so this is to represent a basic understanding of this concept within the possible subordination of concepts under the ontology of 'human relationships'.1. Entity: ‘Human’   Properties: ‘hasFirstName’, ‘hasLastName’, ‘hasDateOfBirth’2. Subclass of 'Human': ‘Male’       Properties: Inherited properties from ‘Human’, ‘isBiologicalFather’, ‘isAdoptiveFather’, ‘isFatherFigure’    3. Subclass of 'Male': ‘Father’    Properties: Inherits from ‘Male' and unique attributes like ‘hasChildren’, ‘hasFatherlyRole’, 'providesSupport', 'offersGuidance'4. Subclass of ‘Father’: ‘BiologicalFather’ ‘AdoptiveFather’, ‘StepFather’   Properties: Inherits from 'Father' adding unique ones such as 'sharesDNA' for BiologicalFather, 'legallyAdopted' for AdoptiveFather, 'marriedToBiologicalMother' for StepFather.5. Relationships: ‘FatherOf’, ‘SonOf’, ‘DaughterOf', 'HusbandOf'6. Instances: John Smith is a biological father of Peter Smith. John Smith is an instance of the concept ‘BiologicalFather’.   This is a very simplified and generalized version, and also it's important to consider cultural, biological, and social aspects when creating a complex ontology for a concept like "Father".
Are you able to design a simple framework within an ontology to embody {noun}?	 Provide it in valid Turtle/RDF format, excluding any extra text.	Are you able to design a simple framework within an ontology to embody Father? Provide it in valid Turtle/RDF format, excluding any extra text.	@prefix rdf: <http://www.w3.org/1999/02/22-rdf-syntax-ns#> .@prefix rdfs: <http://www.w3.org/2000/01/rdf-schema#> .@prefix owl: <http://www.w3.org/2002/07/owl#> .@prefix xsd: <http://www.w3.org/2001/XMLSchema#> .@prefix : <http://example.org/> .:Father rdf:type owl:Class ;            rdfs:label "Father"@en ;            rdfs:comment "A male parent"@en ;        rdfs:subClassOf :Person .:hasFather rdf:type owl:ObjectProperty ;            rdfs:label "has father"@en ;            rdfs:comment "A property linking a person to their father"@en ;            rdfs:domain :Person ;            rdfs:range :Father .:isFatherOf rdf:type owl:ObjectProperty ;            rdfs:label "is father of"@en ;            rdfs:comment "A property linking a father to a person they are father of"@en ;            rdfs:domain :Father ;            rdfs:range :Person .
Could you craft a minimalist design pattern to illustrate {noun} within an ontology?		Could you craft a minimalist design pattern to illustrate Father within an ontology?	Design Patterns are typically used in the field of software engineering and do not directly apply to the illustration of concepts like "Father" within ontology. However, adhering to the spirit of design patterns in software, I will present a metaphoric representation of Father using a simplified knowledge representation in pseudo-code:```pythonClass Person:  # common attributes of a person  passClass Male(Person):  # attributes specific to males  passClass Father(Male):  def __init__(self, children):    self.children = children  # children is a list of Person objects  def add_child(self, child):    self.children.append(child)  def remove_child(self, child):    self.children.remove(child)```In this pattern, there is a general `Person` class, and `Male` is a subclass of `Person`, which itself is the superclass of `Father`. The `Father` class has an attribute `children` which is a list of people who are children of the father. This design pattern illustrates hierarchy and relationships - significant aspects of ontology.It's important to note frameworks for describing ontologies such as RDFs and OWL are more suited for these scenarios than traditional object-oriented design patterns.
Could you craft a minimalist design pattern to illustrate {noun} within an ontology?	 Provide it in valid Turtle/RDF format, excluding any extra text.	Could you craft a minimalist design pattern to illustrate Father within an ontology? Provide it in valid Turtle/RDF format, excluding any extra text.	```turtle@prefix rdfs: <http://www.w3.org/2000/01/rdf-schema#> .@prefix ex: <http://example.org/> .ex:Father rdfs:subClassOf ex:Person .ex:childOf rdfs:domain ex:Person ;           rdfs:range ex:Father .```
Can you establish a basic structure for encapsulating {noun} in ontology terms?		Can you establish a basic structure for encapsulating Father in ontology terms?	Sure, here's a basic structure for encapsulating "Father" in ontology terms:1. Class: Human   - Sub-Class: Male      - Role: Father Attributes of the class "Father" could include:- Individual: Any Instance of the class "Father"  - Attribute: Child (The person(s) to whom the "Father" instance is a father)  - Attribute: Age (The age of the "Father")  - Attribute: Marital Status (Marital status of the "Father")  - Attribute: Occupation (Job/Profession of the "Father")  - Relation: HasChild (Relation to another individual or instance, in this case, a child)  - Relation: IsMarriedTo (If applicable, relation to the spouse)Please note that this is a very simplified version. One could easily add more complexity by adding various other attributes and relationships. This ontology structure treats "Father" as a role, emphasizing the fact that a "Father" is a "Male" human who has at least one child.
Can you establish a basic structure for encapsulating {noun} in ontology terms?	 Provide it in valid Turtle/RDF format, excluding any extra text.	Can you establish a basic structure for encapsulating Father in ontology terms? Provide it in valid Turtle/RDF format, excluding any extra text.	Sure, here is a basic structure in Turtle/RDF format:```turtle@prefix rdf: <http://www.w3.org/1999/02/22-rdf-syntax-ns#> .@prefix rdfs: <http://www.w3.org/2000/01/rdf-schema#> .@prefix owl: <http://www.w3.org/2002/07/owl#> .@prefix ex: <http://example.org/> .ex:Father rdf:type owl:Class ;          rdfs:subClassOf ex:Human ;          rdfs:label "Father"@en ;          rdfs:comment "A male parent"@en .ex:isFatherOf rdf:type owl:ObjectProperty ;              rdfs:domain ex:Father ;              rdfs:range ex:Human ;              rdfs:label "is father of"@en ;              rdfs:comment "A property indicating a paternal relationship"@en .```This Turtle/RDF format describes a class `Father` under the class `Human`. It also describes an object property `isFatherOf`, which has its domain `Father` and range `Human`, indicating fatherhood relationships between objects.
Would you create a straightforward ontology model to capture {noun}?		Would you create a straightforward ontology model to capture Father?	Certainly, here's a simple ontology in the form of a taxonomy to capture the concept of 'Father':1. Person   1.1 Gender      1.1.1 Male         1.1.1.1 Father            1.1.1.1.1 Biological Father            1.1.1.1.2 Adoptive Father            1.1.1.1.3 Step-Father            1.1.1.1.4 Foster Father            1.1.1.1.5 Father FigureHere, each indentation represents a subset of the class above it. This ontology begins with the general concept of a 'Person,' which is split between two 'Gender' types. From 'Male,' we move to 'Father,' which includes the different types of fathers.Please note that the ontology might vary depending on the complexity of the domain, scope, or purpose for creating the ontology. For example, based on the specifics, we could also add assertions, properties, classes, and relationships.
Would you create a straightforward ontology model to capture {noun}?	 Provide it in valid Turtle/RDF format, excluding any extra text.	Would you create a straightforward ontology model to capture Father? Provide it in valid Turtle/RDF format, excluding any extra text.	Sure, here it is:```turtle@prefix rdf: <http://www.w3.org/1999/02/22-rdf-syntax-ns#> .@prefix rdfs: <http://www.w3.org/2000/01/rdf-schema#> .@prefix ex: <http://example.org/> .ex:father rdf:type rdfs:Class .ex:Person rdf:type rdfs:Class .ex:hasFather rdf:type rdf:Property ;    rdfs:domain ex:Person ;    rdfs:range ex:father .```In the above, "ex:father" is defined as a class/entity. "ex:Person" is also defined as a class. The property "ex:hasFather" has a domain of "ex:Person" and a range of "ex:father", meaning it is a property that connects instances of the "Person" class to instances of the "father" class.
Can you assemble a succinct pattern to convey {noun}'s concept through ontology?		Can you assemble a succinct pattern to convey Father's concept through ontology?	"Father" as a concept can be constructed through the ontology pattern like this:1. Father (Class)   1.1. Properties: Biological Parent, Guardian, Mentor   1.2. Related Concepts: Parenthood, Masculinity, Authority   1.3. Actions: Providing, Protecting, Educating, Disciplining   1.4. Attributes: Paternity, Wisdom, Strength   1.5. Roles: Head of Family, Role Model, Supporter   1.6. Relationships: Child, Mother, Grandfather, Son, Daughter2. Instances of Father: Biological father, Adoptive father, Stepfather, Godfather, Spiritual father, Grandfather. This sought to highlight the different aspects of what it means to be a "Father", including the properties, related concepts, actions, attributes, roles, relationships, and various instances of fatherhood.
Can you assemble a succinct pattern to convey {noun}'s concept through ontology?	 Provide it in valid Turtle/RDF format, excluding any extra text.	Can you assemble a succinct pattern to convey Father's concept through ontology? Provide it in valid Turtle/RDF format, excluding any extra text.	```ttl@prefix xsd: <http://www.w3.org/2001/XMLSchema#> .@prefix rdfs: <http://www.w3.org/2000/01/rdf-schema#> .@prefix ex: <http://example.org/> .ex:Father a rdfs:Class;    rdfs:label "Father"@en;    rdfs:comment "A male parent"@en .ex:hasFather a rdf:Property ;    rdfs:label "has father"@en;    rdfs:comment "The father of a person"@en;    rdfs:domain ex:Person;    rdfs:range ex:Father.```This pattern emphasizes "Father" as a concept applying to male parents (`rdfs:label` and `rdfs:comment`), and also sets up the ontology for linking people to their fathers using `ex:hasFather` property. `rdfs:domain` and `rdfs:range` ensure it can only be used to link people to their fathers (i.e. you can't use it to link a person to their mother or a bicycle to its manufacturer).
Could you devise a simple scheme for representing {noun} within an ontology context?		Could you devise a simple scheme for representing Father within an ontology context?	Sure, here's a simple example of how you could represent the concept of a "Father" in an ontology:1. Entity: Person   2. Subclass_of: Male3. Object Property:       - hasChild (range: Person)   - hasSpouse (range: Person)   - hasParent (range: Person)4. Data Property:    - hasBirthDate (range: Date)   - hasDeathDate (range: Date)   - hasFullName (range: String)5. Individual: John Doe   - hasChild: Jane Doe   - hasSpouse: Mary Doe   - hasBirthDate: January 1, 1970   - hasFullName: John DoeWith this representation, "John Doe" is an instance of the class "Person", specifically a subclass of "Male", and he possesses various properties outlined. The relationships with other individuals, such as his child and spouse, are also specified. Note that this is a very simplistic representation and real-world ontologies can be far more complex, also considering multiple layers of classes/subclasses or a variety of different properties.
Could you devise a simple scheme for representing {noun} within an ontology context?	 Provide it in valid Turtle/RDF format, excluding any extra text.	Could you devise a simple scheme for representing Father within an ontology context? Provide it in valid Turtle/RDF format, excluding any extra text.	```ttl@prefix rdfs: <http://www.w3.org/2000/01/rdf-schema#> .@prefix ex: <http://example.org/> .ex:Father a rdfs:Class ;    rdfs:label "Father"@en ;    rdfs:subClassOf ex:Person ;    rdfs:comment "A male parent"@en .ex:hasFather a rdfs:Property ;    rdfs:label "has father"@en ;    rdfs:domain ex:Person ;    rdfs:range ex:Father ;    rdfs:comment "The father of a person"@en .ex:isFatherOf a rdfs:Property ;    rdfs:label "is father of"@en ;    rdfs:domain ex:Father ;    rdfs:range ex:Person ;    rdfs:comment "The person a male is father to"@en .```In this example, we define a class `Father` as a subclass of `Person`. Additionally, two properties are defined: `hasFather` and `isFatherOf`, where the first indicates the father of a person and the second is the inverse relation indicating the person a male is a father of. This is a simple scheme but depending on the complexity of the ontology, more properties and relations might be necessary.
Could you develop a basic design pattern for representing the following in an ontology: {noun}		Could you develop a basic design pattern for representing the following in an ontology: Father	Designing an ontology for representing "Father" could involve several classes and properties. Here is a basic example in RDF/OWL format:```xml<owl:Class rdf:ID="Person"></owl:Class><owl:ObjectProperty rdf:ID="hasFather">    <rdfs:domain rdf:resource="#Person"/>    <rdfs:range rdf:resource="#Person"/></owl:ObjectProperty><owl:ObjectProperty rdf:ID="hasChild">    <owl:inverseOf rdf:resource="#hasFather"/>    <rdfs:domain rdf:resource="#Person"/>    <rdfs:range rdf:resource="#Person"/></owl:ObjectProperty><owl:Class rdf:ID="Father">    <rdfs:subClassOf rdf:resource="#Person"/>    <rdfs:subClassOf>        <owl:Restriction>            <owl:onProperty rdf:resource="#hasChild"/>            <owl:someValuesFrom rdf:resource="#Person"/>        </owl:Restriction>    </rdfs:subClassOf></owl:Class>```In this example, there are three RDF classes: `Person`, `Father`, and `Male`. These classes are used to model people and their roles in families. `Person` is a superclass of `Father`, which signifies that every father is also a person. `Father` is further defined as a subclass of `Person` that has at least one `Child`.There are also two object properties: `hasFather` and `hasChild`. `hasFather` is used to connect `Person` objects to their fathers. `hasChild` is the inverse property of `hasFather`, used to connect father-`Person` objects to their children. These elements together form a basic ontology for representing the concept of a "Father".
Could you develop a basic design pattern for representing the following in an ontology: {noun}	 Provide it in valid Turtle/RDF format, excluding any extra text.	Could you develop a basic design pattern for representing the following in an ontology: Father Provide it in valid Turtle/RDF format, excluding any extra text.	Sure, here is a basic design pattern for representing the concept of a "Father" in Turtle/RDF syntax:```turtle@prefix rdf: <http://www.w3.org/1999/02/22-rdf-syntax-ns#> .@prefix rdfs: <http://www.w3.org/2000/01/rdf-schema#> .@prefix xsd: <http://www.w3.org/2001/XMLSchema#> .@prefix ex: <http://example.org/> .ex:Father rdf:type rdfs:Class .ex:hasFather rdf:type rdf:Property ;    rdfs:domain ex:Person ;    rdfs:range ex:Father .ex:Person    rdf:type rdfs:Class ;    rdfs:label "Person"@en .ex:John rdf:type ex:Person .ex:Robert rdf:type ex:Father .ex:John ex:hasFather ex:Robert .```In this example, 'John' is a person who has 'Robert' as his father. This ontology defines 'Father' as a class and 'hasFather' as a property that links a person to his/her father. It is a simple, generic pattern that can be expanded for more specific use cases.Please note that you may need to adjust the URIs to match your ontology scheme and domain.
Is it possible for you to create a straightforward pattern to depict the following ontologically: {noun}		Is it possible for you to create a straightforward pattern to depict the following ontologically: Father	Father1. Is a role in a familial relationship.2. Is a male parent of a child or offspring.3. Can be biological or adoptive.4. Is generally characterized by provision, protection, and guidance to the child.5. Is a part of family which is a basic social unit.6. Can be lent to a person who plays the role of a male figure in someone's life, not necessarily biologically related (i.e., Godfather, Stepfather, etc.)7. Can interact with other roles in a family such as mother, child, siblings etc.General Pattern: Entity: Person (Father-specific)  Attributes:     -Gender: Male    -Relationship: Parent (specifically Father)    -Offspring: Child/Children  Role:     -Protector    -Provider    -Guide    -Part of family unit  Interaction:     -With other family members (Mother, child, siblings, etc.)    -Canbe non-biological (Godfather, Stepfather, etc.)
Is it possible for you to create a straightforward pattern to depict the following ontologically: {noun}	 Provide it in valid Turtle/RDF format, excluding any extra text.	Is it possible for you to create a straightforward pattern to depict the following ontologically: Father Provide it in valid Turtle/RDF format, excluding any extra text.	Yes, here is a simple pattern in Turtle/RDF format:```@prefix ex: <http://example.com/> .@prefix rel: <http://purl.org/vocab/relationship/> .ex:John a ex:Person ;  rel:fatherOf ex:Mike .ex:Mike a ex:Person ;  rel:childOf ex:John .```In this pattern, "ex:John" is the father of "ex:Mike". So, the predicate "rel:fatherOf" connects a father with his child, and the predicate "rel:childOf" connects a child with his father.
Can you formulate a simple ontology pattern that captures the essence of the following: {noun}		Can you formulate a simple ontology pattern that captures the essence of the following: Father	Entities: Parent, ChildRelationship: Is father ofAttributes of Parent: Name, Age, Gender (with constant value Male)Attributes of Child: Name, Age, GenderPattern:1. 'Parent' is a male individual.2. 'Child' is an individual of an unspecified gender.3. 'Parent' and 'Child' are connected through the relationship 'Is father of'.4. 'Is father of' is a relationship from 'Parent' to 'Child' implying a biological, legal, or nurturer role. 5. 'Parent' and 'Child' can have attributes such as name, age, and gender where gender for 'Parent' is constantly 'Male'.
Can you formulate a simple ontology pattern that captures the essence of the following: {noun}	 Provide it in valid Turtle/RDF format, excluding any extra text.	Can you formulate a simple ontology pattern that captures the essence of the following: Father Provide it in valid Turtle/RDF format, excluding any extra text.	Sure, here is a simple ontology pattern for "Father" in Turtle format:```turtle@prefix : <http://www.example.org/> .@prefix rdf: <http://www.w3.org/1999/02/22-rdf-syntax-ns#> .@prefix rdfs: <http://www.w3.org/2000/01/rdf-schema#> .:Father a rdfs:Class .:hasFather a rdf:Property ;    rdfs:domain :Person ;    rdfs:range :Father .:Person a rdfs:Class .```In this ontology, there are two classes: "Person" and "Father". The property "hasFather" connects persons to their fathers.
Would you be able to generate a basic pattern for the following's ontological representation: {noun}		Would you be able to generate a basic pattern for the following's ontological representation: Father	Sure, the ontological representation for a Father could be:1. Person (entity)2. Gender: Male (attribute)3. Has Child/Children (relationship)4. Role: Parent (attribute)5. Linked to another person via a familial relationship (child-parent relationship)
Would you be able to generate a basic pattern for the following's ontological representation: {noun}	 Provide it in valid Turtle/RDF format, excluding any extra text.	Would you be able to generate a basic pattern for the following's ontological representation: Father Provide it in valid Turtle/RDF format, excluding any extra text.	@prefix rdf: <http://www.w3.org/1999/02/22-rdf-syntax-ns#> .@prefix rdfs: <http://www.w3.org/2000/01/rdf-schema#> .@prefix ex: <http://example.com/> .ex:Father a rdfs:Class ;    rdfs:subClassOf ex:Person .ex:hasChild a rdf:Property ;    rdfs:domain ex:Father ;    rdfs:range ex:Person .ex:John a ex:Father ;    ex:hasChild ex:Mike .ex:Mike a ex:Person .
Are you able to design a simple framework within an ontology to describe the following: {noun}		Are you able to design a simple framework within an ontology to describe the following: Father	Yes, in designing a simple ontological framework to describe the concept 'Father', several generic categories or classes and specific instances may be involved, along with relations among them. Here's an outline:1. Classes: These are the broad categorical entities. For 'Father', classes might include:   - Person: This would be a superclass that includes all humans.   - Male: This would be a subclass of Person, including all entities that are specifically male.   - Father: This is the focused class, a subclass of Male. This includes entities who have at least one child.2. Instances: These are specific individual entities within the classes. For 'Father', an instance could be a specific person who is a father, such as John Smith.3. Properties: These are attributes that belong to instances or classes. For 'Father', properties could include:   - Name: This is a property of an instance, such as 'John Smith'.   - Age: Another property of an instance, such as '40'   - Number of Children: This is a numerical property specifically associated with 'Father'.4. Relations: These are connections between different classes, instances, or properties. For 'Father', relations might include:   - hasChild: This is a relation between a 'Father' and their 'Child'.   - hasSpouse: This is a relation between a 'Father' and their 'Spouse'.This simple ontology describes the concept 'Father' in a hierarchical way. Note that the concept can be further expanded or refined based on context or specific application requirements. For example, the 'Father' class could be divided into 'BiologicalFather', 'StepFather', 'AdoptiveFather', etc., based on the nature of the relationship with children.
Are you able to design a simple framework within an ontology to describe the following: {noun}	 Provide it in valid Turtle/RDF format, excluding any extra text.	Are you able to design a simple framework within an ontology to describe the following: Father Provide it in valid Turtle/RDF format, excluding any extra text.	Sure, here is a simple RDF/Turtle ontology representation that describes the relationship "Father". ```turtle@prefix rdf: <http://www.w3.org/1999/02/22-rdf-syntax-ns#> .@prefix rdfs: <http://www.w3.org/2000/01/rdf-schema#> .@prefix ex: <http://example.com/> .ex:Father rdf:type rdfs:Class .ex:hasFather rdf:type rdf:Property ;    rdfs:domain ex:Person ;    rdfs:range ex:Father .ex:Person rdf:type rdfs:Class .```In this ontology:- `ex:Father` is defined as a Class.- `ex:hasFather` is a property that relates the `ex:Person` class with the `ex:Father` class.
Could you craft a minimalist design pattern to illustrate the following within an ontology: {noun}		Could you craft a minimalist design pattern to illustrate the following within an ontology: Father	Designing a minimalist pattern within an ontology to illustrate the concept of "Father" involves a structure that represents this specific type of relationship in a simplified way. Below is one possible representation:Classes:1. Person.Properties:1. Family relations.Instances: 1. Jack (a Person, who is a father).Relations:1. John hasFamilyRelation Jack (the concept Father is conveyed by this relationship, where John is the son, and Jack is the father).Note that in this simplified example, the concept of "Father" is represented by a particular type of relationship ("hasFamilyRelation") in the ontology rather than being its standalone class. Depending on how complex your ontology needs to be, "Father" could also be its separate class which is a subclass of "Person".
Could you craft a minimalist design pattern to illustrate the following within an ontology: {noun}	 Provide it in valid Turtle/RDF format, excluding any extra text.	Could you craft a minimalist design pattern to illustrate the following within an ontology: Father Provide it in valid Turtle/RDF format, excluding any extra text.	Sure, in Turtle/RDF format, a minimalist pattern to represent a 'Father' within an ontology could be as this (let's assume base prefix as "ex"):```rdf@prefix rdf: <http://www.w3.org/1999/02/22-rdf-syntax-ns#> .@prefix ex: <http://example.org/stuff/1.0/> .ex:John rdf:type ex:Person .ex:Jack rdf:type ex:Person .ex:John ex:fatherOf ex:Jack .```In this example, `<ex:John>` is of type `<ex:Person>` and `<ex:John>` is the 'father' of `<ex:Jack>`. Without detailed definition of classes and properties, this is a minimal representation of the relationship 'Father' within an ontology.
Can you establish a basic structure for encapsulating the following in ontology terms: {noun}		Can you establish a basic structure for encapsulating the following in ontology terms: Father	Sure, here's a basic structure for encapsulating "Father" in ontology terminology:1. **Class**: Human    - This is the super class that all individuals must belong to.2. **Sub-Class**: Male    - This class is a subset of "Human" and it pertains to individuals who are identified as males.3. **Role/Relationship**: Father    - This is an indeterminate role but it will be a part of relationships. In a relationship ontology, a father would be the "source" or "subject". An example of a relationship could be Father-of and the "target" or "object" would be the child.4. **Sub-Class**: Father    - This is the class for all men who have children. Summary of properties/rule could be "Every Father is a Male and has at least one Child."    a. **Object Property**: hasChild         - The relationship between Father (Subject) and Child (Object).     b. **Data Property**: numberOfChildren         - Indicates the number of children a father has. The Data type for this would typically be an Integer.This framework can be expanded with additional properties or relationships as needed. For example, you could add details about the father's occupation, nationality, health status etc.
Can you establish a basic structure for encapsulating the following in ontology terms: {noun}	 Provide it in valid Turtle/RDF format, excluding any extra text.	Can you establish a basic structure for encapsulating the following in ontology terms: Father Provide it in valid Turtle/RDF format, excluding any extra text.	Sure, here is a very basic example in Turtle (Terse RDF Triple Language):```turtle@prefix rdf: <http://www.w3.org/1999/02/22-rdf-syntax-ns#> .@prefix rdfs: <http://www.w3.org/2000/01/rdf-schema#> .@prefix foaf: <http://xmlns.com/foaf/0.1/> . @prefix rel: <http://purl.org/vocab/relationship/> .<#JohnDoe>  a foaf:Person ;  foaf:name "John Doe" ;  rel:fatherOf <#JaneDoe> .<#JaneDoe>  a foaf:Person ;  foaf:name "Jane Doe" ;  rel:childOf <#JohnDoe> .```In this example, `foaf` is the Friend of a Friend ontology which is defining the `Person` class along with name property. `rel` is an ontology for describing relationships between people. The `rel:fatherOf` property denotes that the subject is the father of the object, and `rel:childOf` denotes that the subject is the child of the object. We simply declare that John Doe is the father of Jane Doe in the given example.
Would you create a straightforward ontology model to capture the following: {noun}		Would you create a straightforward ontology model to capture the following: Father	Sure, I can describe a simple ontology model to capture the concept of "Father":1. `Individual` (Superclass)   This class represents all individual entities that can exist. This is often a top-level category.2. `Person` (Subclass of Individual)  This class represents all individual entities that are human persons. 3. `Male` (Subclass of Person)  This class represents all persons who are male. 4. `Father` (Subclass of Male)   This class represents all males who have child(ren). Properties: - `hasChild`: This property is used to link a Father to his Child (Class: Person). It can have multiple values and belongs to the "Father" class.- `isChildOf`: This is the inverse property of `hasChild`, belongs to person class to link a Child to his Father.Instances:John (an instance of Father)Timmy (an instance of Person, isChildOf John)This is a very simplistic model and does not explore other relationships like `hasMother`, `hasSibling` etc. Real-world ontology would expand greatly on this, but hopefully, it gives you a general idea.
Would you create a straightforward ontology model to capture the following: {noun}	 Provide it in valid Turtle/RDF format, excluding any extra text.	Would you create a straightforward ontology model to capture the following: Father Provide it in valid Turtle/RDF format, excluding any extra text.	Sure, here's an elementary ontology model involving the relationship "Father". This model is written in turtle (a common format for writing RDF)```ttl@prefix foaf: <http://xmlns.com/foaf/0.1/> .@prefix rel: <http://purl.org/vocab/relationship/> .<http://www.example.org/people#John_Doe>  a foaf:Person ;  foaf:name "John Doe" ;  rel:fatherOf <http://www.example.org/people#Jane_Doe> .<http://www.example.org/people#Jane_Doe>  a foaf:Person ;  foaf:name "Jane Doe" ;  rel:childOf <http://www.example.org/people#John_Doe> .```This model makes two statements about a person, John Doe, who we've represented with a URL (`http://www.example.org/people#John_Doe`). It states that John Doe is a "father of" Jane Doe. It also states that Jane Doe, is a 'child of' John Doe. This establishes a parent-child relationship in the model.
Can you assemble a succinct pattern to convey the following's concept in an ontology: {noun}		Can you assemble a succinct pattern to convey the following's concept in an ontology: Father	Class: Person     Subclass: Male          Property: HasChild               InverseProperty: HasFather               LinkedClass: Person
Can you assemble a succinct pattern to convey the following's concept in an ontology: {noun}	 Provide it in valid Turtle/RDF format, excluding any extra text.	Can you assemble a succinct pattern to convey the following's concept in an ontology: Father Provide it in valid Turtle/RDF format, excluding any extra text.	```turtle@prefix xsd: <http://www.w3.org/2001/XMLSchema#> .@prefix rdfs: <http://www.w3.org/2000/01/rdf-schema#> .@prefix ex: <http://example.com#> .ex:Father a rdfs:Class ;          rdfs:subClassOf ex:Parent ;          rdfs:label "Father"^^xsd:string .ex:hasFather a rdf:Property ;             rdfs:domain ex:Child ;             rdfs:range ex:Father ;             rdfs:label "has father"^^xsd:string .```
Could you devise a simple scheme for representing the following within an ontology context: {noun}		Could you devise a simple scheme for representing the following within an ontology context: Father	Ontologies in the context of computer and information sciences are a way to represent entities, ideas, and events in a specific domain, along with the relationships and properties that connect them. In essence, it's a sort of map of a particular sector of knowledge. An ontology helps computers process information meaningfully.For representing 'Father' within ontology, we will use a simple representation with properties, relations, and entities.In an Ontology, "Father" can be represented using the below classes, relationships and properties:Classes:1. Human 2. Male3. Father 4. ChildProperties:1. hasChild2. isChildOfRelationships:1. Father "hasChild" Child2. Child "isChildOf" FatherThe 'Father' class is a subclass of the 'Human' and 'Male' classes. The 'Father' class has a relationship 'hasChild' with the 'Child' class. The direction of the relationship goes from 'Father' to 'Child'.Also, to represent the biological relationship, 'Father' can have properties like 'hasDNA', 'sharesGeneticInformation' etc. with values represented as accordingly.Considerations: - One can model more complex familial relationships by including other classes and relationships, like 'Mother', 'GrandFather', 'GrandChild', etc.- For step-fathers or adoptive fathers, additional classes and relationships could be used to model these relationships. - Representation could become more detailed and complex depending on the level of specifics needed in the ontology, such as whether biological or non-biological father relationships need to be distinguished.
Could you devise a simple scheme for representing the following within an ontology context: {noun}	 Provide it in valid Turtle/RDF format, excluding any extra text.	Could you devise a simple scheme for representing the following within an ontology context: Father Provide it in valid Turtle/RDF format, excluding any extra text.	Sure, here is a simple scheme for representing the concept of a 'Father' in valid Turtle/RDF format:```@prefix rdf: <http://www.w3.org/1999/02/22-rdf-syntax-ns#> .@prefix ex: <http://example.org/> .@prefix rdfs: <http://www.w3.org/2000/01/rdf-schema#> .ex:Person a rdfs:Class .ex:Father a rdfs:Class ;    rdfs:subClassOf ex:Person . ex:hasFather a rdf:Property ;    rdfs:domain ex:Person ;    rdfs:range ex:Father . ```In this example, 'ex:Father' is defined as a sub-class of 'ex:Person', meaning that all instances of 'ex:Father' are also instances of 'ex:Person'. 'ex:hasFather' is defined as a property, with 'ex:Person' as its domain and 'ex:Father' as its range. This expresses the relationship between a person and their father.
