Develop an ontology dedicated to {noun}.		Develop an ontology dedicated to Morning.	Ontology for Morning:1. Entity: Time_of_day  - Instance: Morning   2. Entity: Breakfast   - Attributes:      - Foods     - Beverages   - Sub-entities:     - Homemade breakfast     - Restaurant breakfast     - Fast food breakfast         3. Entity: Morning_activities   - Attributes:      - Home activities     - Outdoor activities   - Sub-entities:     - Exercise     - Grooming     - Work     - School     - Meditation     4. Entity: Morning_clothing   - Attributes:      - Casual wear     - Sportswear     - Workwear     - School wear         5. Entity: Morning_routine   - Attributes:      - Hygiene practices     - Self-care practices     - Learning practices     - Work practices    6. Entity: Morning_commute   - Attributes:     - Walk     - Bike     - Car     - Public_transportation       7. Entity: Weather    - Sub-entities:      - Sunny morning      - Cloudy morning      - Rainy morning      8. Entity: Morning_mood   - Attributes:      - Optimistic     - Energized     - Lazy     - Anxious9. Entity: Morning_tools   - Attributes:      - Alarm clock     - Toothbrush      - Coffee maker     - Gym equipment     - Vehicle 10. Entity: Morning_nature    - Sub-entities:      - Sunrise      - Birdsong      - Morning dew11. Entity: Morning_news    - Attributes:      - Newspaper      - TV News      - Online News      - Radio12. Entity: First_meeting    - Attributes:      - Business      - Personal      - Virtual      - In-person
Develop an ontology dedicated to {noun}.	 Provide it in valid Turtle/RDF format, excluding any extra text.	Develop an ontology dedicated to Morning. Provide it in valid Turtle/RDF format, excluding any extra text.	@prefix rdf: <http://www.w3.org/1999/02/22-rdf-syntax-ns#> .@prefix rdfs: <http://www.w3.org/2000/01/rdf-schema#> .@prefix xsd: <http://www.w3.org/2001/XMLSchema#> .@prefix morning: <http://example.com/morning#> .morning:Morning    a rdfs:Class ;    rdfs:label "Morning" ;    rdfs:comment "A period of time from the start of the day until noon" .morning:Sunrise    a rdfs:Class ;    rdfs:subClassOf morning:Morning ;    rdfs:label "Sunrise" ;    rdfs:comment "A part of morning when the sun appears on the horizon" .morning:Breakfast    a rdfs:Class ;    rdfs:subClassOf morning:Morning ;    rdfs:label "Breakfast" ;    rdfs:comment "A meal eaten in the morning" .morning:Activity    a rdfs:Class ;    rdfs:label "Activity" ;    rdfs:comment "Actions or tasks that are typical in the morning" .morning:start_time    a rdf:Property ;    rdfs:label "start time" ;    rdfs:comment "Starting time of a morning activity" ;    rdfs:domain morning:Morning ;    rdfs:range xsd:time .morning:end_time    a rdf:Property ;    rdfs:label "end time" ;    rdfs:comment "Ending time of a morning activity" ;    rdfs:domain morning:Morning ;    rdfs:range xsd:time .morning:hasActivity    a rdf:Property ;    rdfs:label "has activity" ;    rdfs:comment "Indicates a morning activity" ;    rdfs:domain morning:Morning ;    rdfs:range morning:Activity .
Construct an ontology focused on {noun}.		Construct an ontology focused on Morning.	I. Morning (Main Concept)      A. Timeframe         1. Early Morning                  a. Dawn           b. Sunrise           c. Breakfast Time      2. Mid-Morning             a. Brunch Time            b. Work / School Starting Time      B. Activities         1. Morning Routine             a. Shower / Bath          b. Dressing Up          c. Morning Exercise          d. Checking Emails / News            2. Breakfast             a. Preparing Food          b. Eating Food          c. Drinking Coffee / Tea / Juice      3. Commuting           a. Car           b. Public Transport           c. Cycling or Walking      C. Emotional / Psychological States         1. Feelings                a. Refreshed          b. Tired          c. Rushed          d. Excited            2. Daily motivation                a. Work related          b. Goals Planning          c. Meditation / Prayer  D. Nature related      1. Morning dew      2. Birdsong      3. Sunrise      4. Morning fog  E. Societal / Cultural Aspects        1. Morning prayers / religious practices      2. Morning greetings      3. Morning news shows      4. Morning markets II. Related Concepts           1. Daybreak      2. Sunshine      3. Morning Star (Venus)       4. Morning person vs Night owl      5. Morning shift work      6. Morning rituals in different cultures.
Construct an ontology focused on {noun}.	 Provide it in valid Turtle/RDF format, excluding any extra text.	Construct an ontology focused on Morning. Provide it in valid Turtle/RDF format, excluding any extra text.	```turtle@prefix rdf: <http://www.w3.org/1999/02/22-rdf-syntax-ns#> .@prefix owl: <http://www.w3.org/2002/07/owl#> .@prefix rdfs: <http://www.w3.org/2000/01/rdf-schema#> .@prefix xsd: <http://www.w3.org/2001/XMLSchema#> .@prefix morning: <http://www.example.org/morning#> .morning:MorningTime    rdf:type rdfs:Class .morning:breakfast    rdf:type rdfs:Class ;    rdfs:subClassOf morning:MorningTime .morning:coffee    rdf:type rdfs:Class ;    rdfs:subClassOf morning:MorningTime .morning:exercise    rdf:type rdfs:Class ;    rdfs:subClassOf morning:MorningTime .morning:wakeup    rdf:type rdfs:Class ;    rdfs:subClassOf morning:MorningTime .morning:getsReady    rdf:type rdfs:Class ;    rdfs:subClassOf morning:MorningTime .morning:Person    rdf:type rdfs:Class .morning:does    rdf:type rdf:Property ;    rdfs:domain morning:Person ;    rdfs:range morning:MorningTime .morning:JohnDoe    rdf:type morning:Person ;    morning:does morning:coffee, morning:breakfast, morning:exercise .```
Build an ontology surrounding the concept of a {noun}.		Build an ontology surrounding the concept of a Morning.	Main Concept: MorningSub-Concepts: 1. Sunrise2. Breakfast3. Morning person4. Morning routine5. Morning run/walk6. Morning freshness7. Morning coffee/tea 8. Early work shift9. Morning news 10. Alarm clock11. Morning shower Properties and Attributes:1. Time: Usually between 5AM to 12PM2. Temperature: Often cooler in the morning3. Brightness: Increases as the morning progresses (from dusk to dawn)4. Noise levels: Often more quiet especially early morning5. Activity: Typical time for people to begin their day, start working, exercising, taking care of household chores6. Benefits: Increased productivity, better health, better concentration Relations:1. Morning is a part of the Day2. Sunrise signifies the beginning of the Morning3. Activities such as running/walking, having breakfast, work shift start in the Morning4. Morning routine is associated with the Morning person5. Morning news is broadcasted in the Morning6. Morning shower/coffee/tea is a part of Morning routine Instances: 1. Early morning walk at 6AM2. Having breakfast at 8AM3. Starting work shift at 9AM 4. Watching morning news at 7AM5. Setting up alarm for 5AM6. Morning person waking up at sunrise7. Having morning tea/coffee as a part of routine8. Taking a morning shower before starting the day.
Build an ontology surrounding the concept of a {noun}.	 Provide it in valid Turtle/RDF format, excluding any extra text.	Build an ontology surrounding the concept of a Morning. Provide it in valid Turtle/RDF format, excluding any extra text.	```turtle@prefix : <http://example.org#> .@prefix rdf: <http://www.w3.org/1999/02/22-rdf-syntax-ns#> .:Morning rdf:type rdf:Class .:Sunrise rdf:type rdf:Class ;         rdf:subClassOf :Morning .:Breakfast rdf:type rdf:Class ;           rdf:subClassOf :Morning .:Coffee rdf:type rdf:Class ;        rdf:subClassOf :Breakfast .:AlarmClock rdf:type rdf:Class ;            rdf:subClassOf :Morning .:Stretching rdf:type rdf:Class ;            rdf:subClassOf :Morning .:Shower rdf:type rdf:Class ;        rdf:subClassOf :Morning .:Jogging rdf:type rdf:Class ;         rdf:subClassOf :Morning .:News rdf:type rdf:Class ;      rdf:subClassOf :Breakfast .:hasTemperature rdf:type rdf:Property ;                rdf:domain :Morning ;                rdf:range rdf:Literal .:hasLight rdf:type rdf:Property ;          rdf:domain :Morning ;          rdf:range rdf:Literal .:includesActivity rdf:type rdf:Property ;                  rdf:domain :Morning ;                  rdf:range :Activity .```This ontology defines a simple structure around the concept of a Morning. The Morning class has subclasses for Sunrise, Breakfast, AlarmClock, Stretching, Shower, and Jogging. Activities that typically happen in the morning like drinking Coffee or reading the News are defined as subclasses of Morning or Breakfast. The Morning class also has properties to describe the temperature and light conditions. We've added an extra property "includesActivity" to link Morning with general other activities.
Formulate an ontology related to {noun}.		Formulate an ontology related to Morning.	1. **Concepts**: Morning, Sunrise, Breakfast, Alarm Clock, Workday, School day, Morning Routine, Energy, Morning Coffee, Morning Paper, Morning Exercise, Early-risers, Morning News.2. **Entities**: Specific people, specific breakfast foods, coffees, specific alarm clocks, newspapers, exercise types.3. **Relationships**: Begins with (Morning begins with sunrise), Enjoys (Person enjoys morning coffee), Reads (Person reads morning paper), Follows (Person follows morning routine), Goes to (Person goes to work/school in morning), Uses (Person uses alarm clock in morning).4. **Attributes**: Time (Specific time in morning), Brightness (Sunrise brightness), Type (Type of breakfast food or coffee), Alarm time (Specific alarm clock time), Length (Length of morning routine or exercise).5. **Axioms**: Every morning begins with sunrise. Everyone has a different morning routine. Some people are early risers while others are not.6. **Instances**:    - Entities: Angela (person), scrambled eggs (breakfast food), latte (coffee), old-school alarm clock, The Times (newspaper), Yoga (exercise type).   - Relationships: Angela enjoys latte. Angela reads The Times. Angela follows her morning routine. Angela goes to work in the morning. Angela uses her old-school alarm clock.   - Attributes: 7 A.M. (time), light yellow (sunrise brightness), mild (latte type), 6:45 A.M. (alarm time), 30 minutes (length of morning routine). This ontology gives us a general overview of the concept of "Morning" and how different entities, relationships, attributes pertain to it.
Formulate an ontology related to {noun}.	 Provide it in valid Turtle/RDF format, excluding any extra text.	Formulate an ontology related to Morning. Provide it in valid Turtle/RDF format, excluding any extra text.	```@prefix : <http://example.org/morning#> .@prefix rdf: <http://www.w3.org/1999/02/22-rdf-syntax-ns#> .@prefix rdfs: <http://www.w3.org/2000/01/rdf-schema#> .@prefix owl: <http://www.w3.org/2002/07/owl#> .:Morning rdf:type owl:Class ;    rdfs:label "Morning" ;    rdfs:comment "The period of time after sunrise and before midday." .:hasActivity rdf:type owl:ObjectProperty ;    rdfs:label "hasActivity" ;    rdfs:comment "A relation to represent an activity performed during the morning." ;    rdfs:domain :Morning ;    rdfs:range :Activity .:Activity rdf:type owl:Class ;    rdfs:label "Activity" ;    rdfs:comment "An activity that an individual can engage in during the morning." .:breakfast rdf:type :Activity ;    rdfs:label "Breakfast" ;    rdfs:comment "The first meal of the day, usually eaten in the morning." .:jogging rdf:type :Activity ;    rdfs:label "Jogging" ;    rdfs:comment "A form of trotting or running at a slow or leisurely pace, often done in the morning." . ```
Establish an ontology based on {noun}.		Establish an ontology based on Morning.	1. Time Concepts: sunrise, early morning, late morning, breakfast time, morning rush hour2. Weather: Sunrise, dawn, morning dew, morning fog, morning temperature 3. Activities: Morning routine, workout, breakfast, commute to work or school, taking the kids to school, walking the dog4. Food and Drinks: breakfast foods such as eggs, cereals, toast, fruits, coffee, tea, smoothies5. Health and wellness: morning meditation, morning workout, morning supplements intake, morning hygiene activities6. Media: morning news, morning shows, morning radio programs, morning paper7. Religions and customs: morning prayers, morning rituals8. Lifestyle: early birds, late risers, morning habits, morning routine9. Flora and Fauna: morning blooming flowers, morning birds singing, morning activity in nature.10. Human emotions and sensations: feeling refreshed or tired in the morning, morning mood, the smell of the morning air.11. Clothing: Morning robes, slippers, dressing up for work, school uniforms.12. Locations: east (where the sun rises), breakfast nooks, home, work place, school, gym, places of worship.13. Sounds: alarm clocks, bird songs, traffic noise, silence.14. Light: morning light, brightness, sunrise.15. Interactions: saying 'good morning', morning greetings, morning meetings.16. Professional life: morning shifts, morning meetings, opening of the stock market, start of the school day.17. Transportation: morning traffic, school bus, carpool, public transit, bicycles.18. Astronomy: Sunrise, daylight, midday approaching, earth's rotation.
Establish an ontology based on {noun}.	 Provide it in valid Turtle/RDF format, excluding any extra text.	Establish an ontology based on Morning. Provide it in valid Turtle/RDF format, excluding any extra text.	```turtle@prefix : <http://example.org/morning#> .@prefix rdfs: <http://www.w3.org/2000/01/rdf-schema#> .@prefix xsd: <http://www.w3.org/2001/XMLSchema#> .:Morning a rdfs:Class ;    rdfs:label "Morning" ;    rdfs:comment "The period of time from sunrise to noon." .:Sunrise a rdfs:Class ;    rdfs:label "Sunrise" ;    rdfs:comment "The time in the morning when the sun appears." .:Breakfast a rdfs:Class ;    rdfs:label "Breakfast" ;    rdfs:comment "The first meal of the day, usually eaten in the morning." .:Alarm a rdfs:Class ;    rdfs:label "Alarm" ;    rdfs:comment "An apparatus or method that serves to wake a person from sleep." .:breakfastTime a rdfs:Property ;    rdfs:label "breakfast time" ;    rdfs:comment "The time set for eating breakfast." ;    rdfs:domain :Morning ;    rdfs:range xsd:time .:alarmSetAt a rdfs:Property ;    rdfs:label "alarm set at" ;    rdfs:comment "The time at which the alarm is set to ring." ;    rdfs:domain :Morning ;    rdfs:range xsd:time .:sunriseTime a rdfs:Property ;    rdfs:label "sunrise time" ;    rdfs:comment "The time at which the sun rises." ;    rdfs:domain :Morning ;    rdfs:range xsd:time .```
Design an ontology to encompass {noun}.		Design an ontology to encompass Morning.	Ontology Name: Morning Ontology1. Class: Morning    - Sub-class: Early Morning ("12:00 AM to 7:00 AM")   - Sub-class: Late Morning ("7:00 AM to 12:00 PM")        2. Class: Breakfast   - Sub-class: Drinks        - Instance: Coffee, Tea, Orange Juice   - Sub-class: Foods        - Instance: Scrambled Eggs, Pancakes, Cereal  3. Class: Activities    - Sub-class: Exercise          - Instance: Running, Yoga, Swimming    - Sub-class: Work-related tasks          - Instance: Email checking, Meeting, Report making    - Sub-class: Personal hygiene          - Instance: Showering, Brushing teeth    - Sub-class: Travel          - Instance: Commuting to work, Walking, Driving  4. Class: Weather    - Sub-class: Temperature          - Instance: Cold, Warm, Hot    - Sub-class: Conditions          - Instance: Sunny, Cloudy, Rainy, Snowy  5. Class: Feelings   - Sub-class: Physical Feelings        - Instance: Tired, Refreshed, Energized   - Sub-class: Emotional Feelings        - Instance: Happy, Anxious, Calm6. Class: Sunrise   - Sub-class: Time        - Instance: Early Sunrise, Late Sunrise   - Sub-class: Observation        - Instance: Visible, Not visibleAll the above classes, subclasses, and instances encompass the concept of morning and make up to define the overall Morning Ontology. This ontology allows one to define, elaborate and understand the typical activities, conditions and aspects related to a morning.
Design an ontology to encompass {noun}.	 Provide it in valid Turtle/RDF format, excluding any extra text.	Design an ontology to encompass Morning. Provide it in valid Turtle/RDF format, excluding any extra text.	```@prefix rdf: <http://www.w3.org/1999/02/22-rdf-syntax-ns#> .@prefix rdfs: <http://www.w3.org/2000/01/rdf-schema#> .@prefix owl: <http://www.w3.org/2002/07/owl#> .@prefix xsd: <http://www.w3.org/2001/XMLSchema#> .@prefix time: <http://www.w3.org/2006/time#> .@prefix morning: <http://example.org/morning#> .morning:Morning a rdfs:Class ;    rdfs:label "Morning" ;    rdfs:comment "The early part of the day, when it is light before noon"@en ;    rdfs:subClassOf time:Day .morning:breakfast a rdfs:Class ;    rdfs:label "Breakfast" ;    rdfs:comment "The first meal of the day, usually eaten in the morning."@en ;    rdfs:subClassOf time:Meal .morning:sunrise a rdfs:Class ;    rdfs:label "Sunrise" ;    rdfs:comment "The time in the morning when the sun appears or full daylight arrives."@en ;    rdfs:subClassOf time:Event .morning: hasPart rdfs:domain morning:Morning ;    rdfs:range time:Interval .morning: hasActivity rdfs:domain morning:Morning ;    rdfs:range morning:Activity .morning: hasMeal rdfs:domain morning:Morning ;    rdfs:range morning:breakfast .morning: hasEvent rdfs:domain morning:Morning ;    rdfs:range morning:sunrise .```
Generate an ontology that covers {noun}.		Generate an ontology that covers Morning.	Ontology:1. Concept: Morning   - Sub-concept: Sunrise     - Property: Time      - Property: Location     - Property: Color   - Sub-concept: Breakfast      - Property: Time      - Property: Food     - Property: Drink   - Sub-concept: Early Morning Routine     - Property: Activities     - Property: Duration     - Property: Sequence   - Sub-concept: Morning Work      - Property: Tasks      - Property: Office or Work from home     - Property: Time duration    - Sub-concept: Morning Exercise     - Property: Types of Exercise     - Property: Duration     - Property: Location     - Property: Equipment    - Sub-concept: Morning Commute     - Property: Mode of Transport     - Property: Duration     - Property: Route   - Sub-concept: Morning Weather     - Property: Temperature     - Property: Condition (Rainy, Sunny, Cloudy)   - Sub-concept: Morning News     - Property: Source (Newspaper, TV, Internet)     - Property: Topics   - Sub-concept: Morning Hygiene     - Property: Activities (Brushing teeth, Bathing)     - Property: Products Used   - Sub-concept: Morning Dressing     - Property: Outfit selection     - Property: Occasion     - Property: Weather consideration   - Sub-concept: Morning Meditation      - Property: Duration     - Property: Type of meditation      - Property: Location.
Generate an ontology that covers {noun}.	 Provide it in valid Turtle/RDF format, excluding any extra text.	Generate an ontology that covers Morning. Provide it in valid Turtle/RDF format, excluding any extra text.	@prefix rdf: <http://www.w3.org/1999/02/22-rdf-syntax-ns#> .@prefix rdfs: <http://www.w3.org/2000/01/rdf-schema#> .@prefix owl: <http://www.w3.org/2002/07/owl#> .@prefix xsd: <http://www.w3.org/2001/XMLSchema#> .@prefix morning: <http://www.example.org/morning#> .morning:Morning rdf:type owl:Class .morning:sunrise rdf:type owl:ObjectProperty .morning:sunrise rdfs:domain morning:Morning .morning:sunrise rdfs:range morning:Siunarise .morning:Sunrise rdf:type owl:Class .morning:breakfast rdf:type owl:ObjectProperty .morning:breakfast rdfs:domain morning:Morning .morning:breakfast rdfs:range morning:Breakfast .morning:Breakfast rdf:type owl:Class .morning:exercise rdf:type owl:ObjectProperty .morning:exercise rdfs:domain morning:Morning .morning:exercise rdfs:range morning:Exercise .morning:Exercise rdf:type owl:Class .morning:wakeup rdf:type owl:ObjectProperty .morning:wakeup rdfs:domain morning:Morning .morning:wakeup rdfs:range morning:WakeUp .morning:WakeUp rdf:type owl:Class .morning:coffee rdf:type owl:ObjectProperty .morning:coffee rdfs:domain morning:Morning .morning:coffee rdfs:range morning:Coffee .morning:Coffee rdf:type owl:Class .
Produce an ontology specifically for {noun}.		Produce an ontology specifically for Morning.	1. Morning    - Sunrise    - Breakfast       - Coffee       - Tea       - Cereal       - Toast       - Fruit       - Milk       - Juice    - Morning Activities       - Exercise          - Jogging          - Gym          - Yoga       - Commute          - Car          - Public Transit          - Cycling          - Walking       - Mental Preparation          - Meditation          - Reading          - Planning    - Morning Atmosphere        - Morning Light        - Sound of Birdsong        - Morning Dew        - Cool Temperature    - Personal Hygiene        - Shower        - Brushing Teeth        - Grooming    - Morning Profession        - Morning News Reporter        - Early Morning Shifts        - School Teacher   - Culture Specific Morning Rituals        - Morning Prayer        - Morning Chores   - Morning Mood/Feeling        - Refreshment        - Sleepiness         - Optimism   - Natural Phenomena        - Morning Fog        - Morning Frost        - Morning Rain    - Morning Dressing        - Casual Outfit        - Office Outfit        - School Uniform    - Morning Broadcast        - Morning News        - Morning Radio show        - Morning Podcasts.
Produce an ontology specifically for {noun}.	 Provide it in valid Turtle/RDF format, excluding any extra text.	Produce an ontology specifically for Morning. Provide it in valid Turtle/RDF format, excluding any extra text.	@prefix rdf: <http://www.w3.org/1999/02/22-rdf-syntax-ns#> .@prefix rdfs: <http://www.w3.org/2000/01/rdf-schema#> .@prefix morning: <http://www.example.org/morning#> .morning:Mornings     rdf:type rdfs:Class ;    rdfs:label "Mornings"@en ;    rdfs:comment "The period of time from sunrise to noon"@en.morning:Routine     rdf:type rdfs:Class ;    rdfs:label "Routine"@en ;    rdfs:comment "A fixed procedure carried out regularly in the morning"@en.morning:Sunrise     rdf:type rdfs:Class ;    rdfs:label "Sunrise"@en ;    rdfs:comment "The instant at which the upper edge of the sun appears over the eastern horizon"@en.morning:Breakfast     rdf:type rdfs:Class ;    rdfs:label "Breakfast"@en ;    rdfs:comment "The first meal of the day, usually eaten in the morning"@en .morning:Alarm     rdf:type rdfs:Class ;    rdfs:label "Alarm"@en ;    rdfs:comment "A device that makes a loud sound as a signal to wake up"@en .morning:Early     rdf:type rdfs:Class ;    rdfs:label "Early"@en ;    rdfs:comment "Happening or done before the usual or expected time"@en .morning:hasRoutine     rdf:type rdf:Property ;    rdfs:domain morning:Mornings ;    rdfs:range morning:Routine ;    rdfs:label "has routine"@en ;    rdfs:comment "The routine that happens in the morning"@en .morning:hasBreakfast     rdf:type rdf:Property ;    rdfs:domain morning:Mornings ;    rdfs:range morning:Breakfast ;    rdfs:label "has breakfast"@en ;    rdfs:comment "The breakfast that happens in the morning"@en .morning:startsWith     rdf:type rdf:Property ;    rdfs:domain morning:Mornings ;    rdfs:range morning:Sunrise ;    rdfs:label "starts with"@en ;    rdfs:comment "The morning starts with sunrise"@en .morning:hasAlarm     rdf:type rdf:Property ;    rdfs:domain morning:Routine ;    rdfs:range morning:Alarm ;    rdfs:label "has alarm"@en ;    rdfs:comment "The routine has an alarm to wake up"@en . morning:isEarly     rdf:type rdf:Property ;    rdfs:domain morning:Mornings ;    rdfs:range morning:Early ;    rdfs:label "is early"@en ;    rdfs:comment "The morning is considered early"@en .
Compose an ontology to represent {noun}.		Compose an ontology to represent Morning.	Ontology Name: Morning OntologyClasses:1. Morning2. Sunrise3. Breakfast4. MorningRoutine5. EarlyHours6. Exercise7. Work8. School9. Traffic10. Coffee11. WeatherConditions12. NewsSubclasses (of MorningRoutine):1. Hygiene2. Dressing3. Meditation4. Reading5. PlanningSubclasses (of Breakfast):1. Cereal2. Fruits 3. Eggs4. Tea5. JuiceSubclasses (of EarlyHours):1. Dawn2. TwilightSubclasses (of Hygiene):1. Bathing2. BrushingTeeth3. Skincare Object Properties:1. isBefore (Morning, Noon)2. isAfter (Morning, Night)3. hasActivity (Morning, MorningRoutine, Work, School, Exercise)4. consumesIn (User, Breakfast)5. isHappening (Traffic, Morning)6. includes (Morning, Sunrise)7. occursDuring (News, Morning)8. hasWeather (Morning, WeatherConditions)Data Properties:1. startTime (of Morning)2. endTime (of Morning)3. temperature (during Morning)4. sunlightDuration (during Morning)Instances:1. Breakfast (Rainbow Breakfast Bowl, Smoothie)2. MorningRoutine (Workout, Meditation)3. Exercise (Yoga, Running)4. EarlyHours (5 AM, 6 AM)5. Hygiene (Shower, Brushing)6. Work (Office, Remote)7. School (HighSchool, College)8. Traffic (Heavy, Light)9. Coffee (Espresso, Latte)10. WeatherConditions (Sunny, Cloudy, Rainy)11. News (Local news, International news)
Compose an ontology to represent {noun}.	 Provide it in valid Turtle/RDF format, excluding any extra text.	Compose an ontology to represent Morning. Provide it in valid Turtle/RDF format, excluding any extra text.	```@prefix rdf: <http://www.w3.org/1999/02/22-rdf-syntax-ns#> .@prefix rdfs: <http://www.w3.org/2000/01/rdf-schema#> .@prefix xsd: <http://www.w3.org/2001/XMLSchema#> .@prefix time: <http://www.w3.org/2006/time#> .@prefix morning: <http://www.example.org/morning#> .morning:    rdf:type rdfs:Class ;    rdfs:label "Morning" ;    rdfs:comment "The first part of the day, following night and before afternoon" .morning:breakfast    rdf:type rdfs:Class ;    rdfs:label "Breakfast" ;    rdfs:comment "The first meal of the day, often eaten in the morning" ;    rdfs:subClassOf morning: .morning:sunrise    rdf:type time:Instant ;    rdfs:label "Sunrise" ;    rdfs:comment "The instant at which the upper edge of the Sun becomes visible over the eastern horizon, in the morning" ;    rdfs:subClassOf morning: . morning:early_bird    rdf:type rdfs:Class ;    rdfs:label "Early bird" ;    rdfs:comment "A person who usually gets up early in the morning and goes to bed early in the evening" ;    rdfs:subClassOf morning: .morning:alarmClock    rdf:type rdfs:Class ;    rdfs:label "Alarm Clock" ;    rdfs:comment "A clock with a facility for sounding at a time set in advance, used to wake someone up" ;    rdfs:subClassOf morning: .morning: isPartOfDay    rdf:type rdf:Property ;    rdfs:label "is part of day" ;    rdfs:domain morning: ;    rdfs:range xsd:string .```
Make an ontology that pertains to {noun}.		Make an ontology that pertains to Morning.	1. Concept: Morning   1.1. Sub-Concept: Sunrise      1.1.1. Attributes: Time of Sunrise, Location, Visibility      1.1.2. Related Concept: Sunlight       1.1.3. Related Concept: Atmosphere         1.2. Sub-Concept: Wake Up       1.2.1. Attributes: Alarm Time, Waking Mood, Energy Level      1.2.2. Related Concept: Sleep Quality      1.2.3. Related Concept: Dream         1.3. Sub-Concept: Morning Routine      1.3.1. Attributes: Activity Sequence, Duration, Regularity      1.3.2. Related Concept: Hygiene       1.3.3. Related Concept: Exercise      1.3.4. Related Concept: Meditation   1.4. Sub-Concept: Breakfast      1.4.1. Attributes: Food Selection, Eating Time, Nutritional Value      1.4.2. Related Concept: Cooking       1.4.3. Related Concept: Coffee/Tea    1.5. Sub-Concept: Commute      1.5.1. Attributes: Mode of Transport, Traffic Conditions, Travel Time      1.5.2. Related Concept: Public Transportation      1.5.3. Related Concept: Vehicle    1.6. Sub-Concept: Weather      1.6.1. Attributes: Temperature, Humidity, Precipitation      1.6.2. Related Concept: Season      1.6.3. Related Concept: Climate   1.7. Sub-Concept: Work/School Start      1.7.1. Attributes: Start Time, Productivity Level, Workload      1.7.2. Related Concept: Occupation      1.7.3. Related Concept: EducationThis ontology can be extended and improved based on the specific requirements or context. The basic structure of the ontology is: concept -> sub-concept -> attributes -> related concepts.
Make an ontology that pertains to {noun}.	 Provide it in valid Turtle/RDF format, excluding any extra text.	Make an ontology that pertains to Morning. Provide it in valid Turtle/RDF format, excluding any extra text.	```turtle@prefix xsd: <http://www.w3.org/2001/XMLSchema#> .@prefix morning: <http://example.org/morning#> .morning:SunRise    a rdf:Class .morning:SunSet    a rdf:Class .morning:Breakfast    a rdf:Class .morning:MorningRoutine     a rdf:Class .morning:time    a rdf:Property;    rdfs:domain morning:MorningRoutine;    rdfs:range xsd:time .morning:hasActivity    a rdf:Property;    rdfs:domain morning:MorningRoutine;    rdfs:range rdf:Class .morning:breakfastTime    a rdf:Property;    rdfs:domain morning:Breakfast;    rdfs:range xsd:time .morning:SunRiseTime    a rdf:Property;    rdfs:domain morning:SunRise;    rdfs:range xsd:time .morning:SunSetTime    a rdf:Property;    rdfs:domain morning:SunSet;    rdfs:range xsd:time .```
Develop an ontology dedicated to the following: {noun}.		Develop an ontology dedicated to the following: Morning.	Ontology Class: MorningSubclasses:1. Sunrise2. Morning Activities3. Morning Nutrition4. Morning PrepProperties/Attributes:1. Time2. Duration3. Location4. Weather5. Light level6. Air temperature1. Sunrise:- Time of sunrise- Duration of sunrise- Colors of sunrise- Watching sunrise2. Morning Activities:- Physical Exercise (includes walking, jogging, gym workout) - Time spent - Location (inside, outside, gym, home) - Intensity (light, moderate, heavy)- Meditation - Duration - Techniques (mindfulness, yoga, deep breathing) - Location (indoors, outdoors, yoga studio)- Reading - Time spent - Type of reading material (news, books, e-books)- Commute to work/school - Method of transportation (car, public transport, bike, walking) - Duration - Distance3. Morning Nutrition:- Breakfast - Kind of Food (continental, American, healthy, fast food) - Drinks (coffee, tea, juice, water, smoothie)- Dietary Supplements - Type (vitamin, mineral, protein, probiotic) - Form (tablet, capsule, powder, liquid)4. Morning Prep:- Grooming - Activities (showering, brushing teeth, skincare routine, shaving) - Products used (soap, shampoo, toothpaste, razor, skincare products)- Dressing - Occasion (work, casual, special event) - Clothing Choices (outfit, shoes, accessories)- Packing - Bags (backpack, purse, lunchbox) - Items packed (laptop, books, lunch, water bottle)Relationships:- Sunrise is a part of Morning- Morning Activities are done during Morning- Morning Nutrition is consumed during Morning- Morning Prep is done during Morning- Morning prep is a prerequisite for Morning Activities and often follows after Morning NutritionConstraints:- Time of Sunrise changes throughout the year- Morning Prep can take more time on specific days - Breakfast choices can depend on available time and dietary constraints- Morning Activities may depend on weather conditions
Develop an ontology dedicated to the following: {noun}.	 Provide it in valid Turtle/RDF format, excluding any extra text.	Develop an ontology dedicated to the following: Morning. Provide it in valid Turtle/RDF format, excluding any extra text.	@prefix rdf: <http://www.w3.org/1999/02/22-rdf-syntax-ns#> .@prefix rdfs: <http://www.w3.org/2000/01/rdf-schema#> .@prefix owl: <http://www.w3.org/2002/07/owl#> .@prefix xsd: <http://www.w3.org/2001/XMLSchema#> .@prefix morning: <http://www.example.org/morning#> .morning:Morning rdf:type owl:Class ;     rdfs:label "Morning" ;     rdfs:comment "Part of the day starting from midnight to midday." .morning:hasPart rdf:type owl:ObjectProperty ;     rdfs:label "has part" ;     rdfs:domain morning:Morning ;     rdfs:range morning:MorningActivity .morning:time rdf:type owl:DatatypeProperty ;    rdfs:label "time" ;    rdfs:domain morning:Morning ;    rdfs:range xsd:time .morning:MorningActivity rdf:type owl:Class ;     rdfs:label "Morning Activity" ;     rdfs:comment "Activities typically done in the morning part of the day." .morning:includes rdf:type owl:ObjectProperty ;     rdfs:label "includes" ;     rdfs:domain morning:MorningActivity ;     rdfs:range rdf:Resource .morning:Breakfast rdf:type owl:Class ;     rdfs:subClassOf morning:MorningActivity ;     rdfs:label "Breakfast" ;     rdfs:comment "First meal of the day, typically consumed in the morning." .morning:Exercise rdf:type owl:Class ;     rdfs:subClassOf morning:MorningActivity ;     rdfs:label "Morning Exercise" ;     rdfs:comment "Physical activity typically done in the morning." .
Construct an ontology focused on the following: {noun}.		Construct an ontology focused on the following: Morning.	An ontology is a representation of a set of concepts within a domain and how they relate to each other. Here's an ontology focused on "Morning".Concepts:1. Time of day:    - Sub-concept: Morning    - Related concepts: Afternoon, Evening, Night2. Elements associated with Morning     - Sub-concepts: Sunrise, Dawn, Early hours   - Related concepts: Sunset, Twilight, Mid-day3. Morning Activities   - Sub-concepts: Breakfast, Exercise, Going to work/school, Reading newspaper,   - Related concepts: Lunch, Relaxation, Going home, Dinner4. Morning Foods   - Sub-concepts: Cereal, Eggs, Toast, Coffee, Tea, Pancakes   - Related concepts: Lunch foods, Dinner foods, Snacks5. Health and Morning   - Sub-concepts: Morning exercises, Morning routines, Balanced breakfast   - Related concepts: Lunch routines, Dinner routines, Bedtime routines6. Morning Clothes    - Sub-concepts: Business attire, Casual wear, Workout clothes   - Related concepts: Afternoon clothes, Evening wear, Pajamas 7. Morning Weather   - Sub-concepts: Morning dew, Chilly mornings, Warm mornings   - Related concepts: Afternoon weather, Evening weather, Night weather8. Morning Symbols   - Sub-concepts: Sunrise, Alarm clock   - Related concepts: Sunset, MoonRelations:1. "is part of": Dawn is part of Morning.2. "has": Morning has Sunrise.3. "starts with": Working day starts with Morning.4. "enjoys during": People enjoys coffee during Morning.5. "wears during": Business wear is worn during Morning.6. "is symbol of": Sunrise is symbol of Morning.7. "is positive effect of": Increased productivity is positive effect of Healthy morning routines.  Instances:1. Breakfast could be Croissant and coffee.2. Morning exercises like Yoga or Jogging.3. Morning hours range from 5am to 11:59am.4. A chilly morning might require a light jacket or a sweater.
Construct an ontology focused on the following: {noun}.	 Provide it in valid Turtle/RDF format, excluding any extra text.	Construct an ontology focused on the following: Morning. Provide it in valid Turtle/RDF format, excluding any extra text.	```turtle@prefix rdf: <http://www.w3.org/1999/02/22-rdf-syntax-ns#> .@prefix rdfs: <http://www.w3.org/2000/01/rdf-schema#> .@prefix xsd: <http://www.w3.org/2001/XMLSchema#> .@prefix morning: <http://example.org/morning#> .morning:MORNING a rdfs:Class ;    rdfs:label "Morning" ;    rdfs:comment "The period of time from sunrise to midday" .morning:breakfast a rdfs:Class ;    rdfs:label "Breakfast" ;    rdfs:comment "The first meal taken after rising from a night's sleep, most often eaten in the early part of the morning" ;    rdfs:subClassOf morning:MORNING .morning:sunrise a rdfs:Class ;    rdfs:label "Sunrise" ;    rdfs:comment "The time in the morning when the sun appears or full daylight arrives" ;    rdfs:subClassOf morning:MORNING .morning:exercise a rdfs:Class ;    rdfs:label "Exercise" ;    rdfs:comment "Physical activities that you do to stay fit and healthy, often done in the morning" ;    rdfs:subClassOf morning:MORNING .morning:coffee a rdfs:Class ;    rdfs:label "Coffee" ;    rdfs:comment "A popular beverage often consumed in the morning" ;    rdfs:subClassOf morning:MORNING .morning:hasActivity a rdf:Property ;    rdfs:label "has activity" ;    rdfs:comment "relates a morning to its associated activities" ;    rdfs:domain morning:MORNING ;    rdfs:range rdfs:resource .morning:hasStartTime a rdf:Property ;    rdfs:label "has start time" ;    rdfs:comment "relates a morning to its start time" ;    rdfs:domain morning:MORNING ;    rdfs:range xsd:time .```Please note that the provided ontology might not cover all aspects of the concept "Morning", it's up to you to enrich it further according to your domain requirements.
Build an ontology surrounding the concept of the following: {noun}.		Build an ontology surrounding the concept of the following: Morning.	Concept: Morning1. Temporal Dimensions   1.1 Sunrise   1.2 Daybreak   1.3 Dawn   1.4 After Midnight2. Activities   2.1 Breakfast        2.1.1 Menu Items          2.1.1.1 Coffee          2.1.1.2 Tea          2.1.1.3 Cereal          2.1.1.4 Eggs          2.1.1.5 Bacon          2.1.1.6 Toast   2.2 Exercise        2.2.1 Running        2.2.2 Yoga        2.2.3 Gym   2.3 Work   2.4 School   2.5 Morning Rush   2.6 Morning hygiene regime        2.6.1 Brushing teeth        2.6.2 Showering        2.6.3 Skin care3. Nature   3.1 Morning Dew   3.2 Morning birdsongs   3.3 Sunrise   3.4 Temperature4. Symbolic Meanings   4.1 New Beginnings   4.2 Fresh Start   4.3 Optimism   4.4 Calmness5. Sensory Experience   5.1 Morning Light   5.2 Morning sounds   5.3 Fresh air   5.4 Quietness in early morning6. Related Phrases/Slangs   6.1 Morning person   6.2 Morning rush   6.3 Morning sickness (pregnancy)   6.4 Morning blues7. Cultural and religious practices   7.1 Morning Prayer   7.2 Morning Meditation   7.3 Morning routines and customs   7.4 Morning worship8. Health & Wellness   8.1 Morning yoga   8.2 Morning walk   8.3 Morning workouts   8.4 Importance of a good breakfast   8.5 Morning mindfulness practices9. Media and Entertainment   9.1 Morning news   9.2 Morning TV shows   9.3 Morning radio programs   9.4 Songs about morning   9.5 Books with 'morning' in the title
Build an ontology surrounding the concept of the following: {noun}.	 Provide it in valid Turtle/RDF format, excluding any extra text.	Build an ontology surrounding the concept of the following: Morning. Provide it in valid Turtle/RDF format, excluding any extra text.	@prefix : <http://www.example.org/ontology#> .@prefix rdfs: <http://www.w3.org/2000/01/rdf-schema#> .@prefix owl: <http://www.w3.org/2002/07/owl#> .@prefix xsd: <http://www.w3.org/2001/XMLSchema#> .:Morning a owl:Class ;    rdfs:label "Morning" ;    rdfs:subClassOf :DayPart .:DayPart a owl:Class ;    rdfs:label "Day Part" ;    rdfs:subClassOf :TimePeriod .:TimePeriod a owl:Class ;    rdfs:label "Time Period" .:hasStartTime a owl:ObjectProperty ;    rdfs:domain :Morning ;    rdfs:range xsd:time ;    rdfs:label "has start time" .:hasEndTime a owl:ObjectProperty ;    rdfs:domain :Morning ;    rdfs:range xsd:time ;    rdfs:label "has end time" .:isPartOf a owl:ObjectProperty ;    rdfs:domain :Morning ;    rdfs:range :Day ;    rdfs:label "is part of" .:Day a owl:Class ;    rdfs:label "Day" ;    rdfs:subClassOf :TimePeriod .:follows a owl:ObjectProperty ;    rdfs:domain :Morning ;    rdfs:range :Night ;    rdfs:label "follows" .:Night a owl:Class ;    rdfs:label "Night" ;    rdfs:subClassOf :DayPart .
Formulate an ontology related to  the following: {noun}.		Formulate an ontology related to  the following: Morning.	1. Class: Morning    Subclass: Early Morning, Mid Morning, Late Morning 2. Class: Activities   Subclasses: Breakfast, Exercise, Commute, Working, Cleaning, Reading, Meditation3. Class: Elements   Subclasses: Sunlight, Dawn, Morning dew, Sunrise, Morning breeze 4. Class: Time   Subclasses: Timezones, Clock time, Sunrise time, Morning hours 5. Class: Feelings   Subclasses: Refreshment, Tiredness, Enthusiasm, Motivation 6. Class: Coffee   Subclasses: instant coffee, brewed coffee, Cappuccino, Espresso7. Class: Breakfast foods    Subclasses: Cereal, Toast, Eggs, Fruits, Pancakes, Smoothies8. Class: Creatures    Subclasses: Birds (for birdsong), Humans, Pets 9. Class: Products   Subclasses: Alarm Clock, Coffee Maker, Toothpaste, Newspaper, Shower Products 10. Class: Locations     Subclasses: Home, Work, School, Gym, Park, Bus Stop11. Class: Daily Routine    Subclasses: Wake Up Time, Breakfast Time, Leaving Home for Work, Morning Workout Time, School Run.12. Class: Weather    Subclass: Morning Fog, Morning Sun, Morning Chill 13. Class: Sound    Subclasses: Alarm Sound, Birds Chirping, Water- Shower, Traffic Noise 14. Class: Morning rituals    Subclasses: Yoga, Meditation, Journaling, Reading, Prayer This ontology relates to concepts like time, activities, elements, feelings, food and locations which might be associated with the term "morning". It can be further expanded or retracted based on the specific needs of a project or analysis.
Formulate an ontology related to  the following: {noun}.	 Provide it in valid Turtle/RDF format, excluding any extra text.	Formulate an ontology related to  the following: Morning. Provide it in valid Turtle/RDF format, excluding any extra text.	```turtle@prefix rdf: <http://www.w3.org/1999/02/22-rdf-syntax-ns#> .@prefix rdfs: <http://www.w3.org/2000/01/rdf-schema#> .@prefix xsd: <http://www.w3.org/2001/XMLSchema#> .@prefix morning: <http://example.org/morning/> .# Class declarationmorning:Morning rdf:type rdfs:Class ;rdfs:comment "Class representing the concept of morning" ;rdfs:label "Morning" .# Subclasses declarationmorning:EarlyMorning rdf:type rdfs:Class ;rdfs:subClassOf morning:Morning ;rdfs:comment "Class representing the early hours of the morning" ;rdfs:label "Early Morning" .morning:LateMorning rdf:type rdfs:Class ;rdfs:subClassOf morning:Morning ;rdfs:comment "Class representing the later hours of the morning" ;rdfs:label "Late Morning" .# Properties declarationmorning:startsAt rdf:type rdf:Property ;rdfs:domain morning:Morning ;rdfs:range xsd:time ;rdfs:comment "Property indicating the start time of a morning period" ;rdfs:label "starts at" .morning:endsAt rdf:type rdf:Property ;rdfs:domain morning:Morning ;rdfs:range xsd:time ;rdfs:comment "Property indicating the end time of a morning period" ;rdfs:label "ends at" .```
Establish an ontology based on the following: {noun}.		Establish an ontology based on the following: Morning.	1. Concept: Time   Properties: Seconds, Minutes, Hours, Days2. Concept: Part of Day   Sub-Concepts: Morning, Afternoon, Evening, Night   Properties: Start Time, End Time   Relationships: Part of Time3. Concept: Morning   Relationships: Part of 'Part of Day'   Properties: Determines the start of a day, Usually associated with Sunrise, Breakfast Time, Associated with certain activities like exercise, meditation, work   Sub-concepts: Early Morning, Late Morning4. Concept: Human Activities    Sub-Concepts: Work, Exercise, Sleep, Eating   Relationships: Happens in 'Part of Day'5. Concept: Work   Sub-Concepts: Office Work, Home Work, Field Work   Properties: Can occur in Morning, Afternoon, Evening   Relationships: Type of 'Human Activities'6. Concept: Exercise    Sub-Concepts: Yoga, Running, Gym   Properties: Usually occurs in Morning or Evening   Relationships: Type of 'Human Activities'7. Concept: Sleep   Sub-Concepts: Deep Sleep, Light Sleep, Dream   Properties: Usually occurs in Night, Sometimes also in Afternoon as Nap   Relationships: Type of 'Human Activities'8. Concept: Eating   Sub-Concepts: Breakfast, Lunch, Dinner, Snacks   Properties: Breakfast usually happens in Morning   Relationships: Type of 'Human Activities'9. Concept: Natural Phenomena   Sub-Concepts: Sunrise, Sunset   Properties: Sunrise usually occurs in Morning   Relationships: Influences 'Part of Day'10. Concept: Breakfast    Properties:  First meal of the day, usually eaten in Morning    Relationships:  Type of 'Eating', Happens in 'Morning'Based on the ontology, we can deduce that morning is a part of the day, usually associated with sunrise, the start of daily human activities like work, meditation, exercise, and breakfast.
Establish an ontology based on the following: {noun}.	 Provide it in valid Turtle/RDF format, excluding any extra text.	Establish an ontology based on the following: Morning. Provide it in valid Turtle/RDF format, excluding any extra text.	@prefix xsd: <http://www.w3.org/2001/XMLSchema#> .@prefix owl: <http://www.w3.org/2002/07/owl#> .@prefix rdfs: <http://www.w3.org/2000/01/rdf-schema#> .@prefix rdf: <http://www.w3.org/1999/02/22-rdf-syntax-ns#> .@prefix : <http://example.org#> .:Morning  rdf:type owl:Class ;  rdfs:comment "Represents the period of time from sunrise to noon."@en ;  rdfs:label "Morning"@en ;  rdfs:subClassOf :DayPart .:Sunrise  rdf:type owl:Class ;  rdfs:comment "Represents the first appearance of the sun in the sky in the morning."@en ;  rdfs:label "Sunrise"@en ;  rdfs:subClassOf :Morning .:EarlyMorning   rdf:type owl:Class ;  rdfs:comment "Represents the first part of the morning right after the sunrise."@en ;  rdfs:label "Early Morning"@en ;  rdfs:subClassOf :Morning .:LateMorning   rdf:type owl:Class ;  rdfs:comment "Represents the last part of the morning just before noon."@en ;  rdfs:label "Late Morning"@en ;  rdfs:subClassOf :Morning .:DayPart    rdf:type owl:Class ;  rdfs:comment "A portion of the day."@en ;  rdfs:label "Day Part"@en .
Design an ontology to encompass the following: {noun}.		Design an ontology to encompass the following: Morning.	Designing an ontology includes specifying a hierarchical categorization of the concept along with its related attributes, relationships, and constraints. Here is a simple ontology for the concept "Morning":1. **Concepts/Classes:**   - Morning   - DayTime   - Breakfast   - Activities2. **Sub-Concepts/Sub-Classes:**   - Under Morning: EarlyMorning, MidMorning, LateMorning.   - Under Breakfast: Cereal, Eggs, Fruits, Bread, Coffee.   - Under Activities: Exercise, Work, Travel, Meditation, Reading.3. **Properties/Attributes:**   - For Morning: startTime, endTime.   - For Breakfast: name, nutrients, preparationTime.   - For Activities: type, duration, location.4. **Relationships:**   - Morning is a part of 'DayTime'.   - Breakfast is 'consumedIn' Morning.   - Activities are 'performedIn' Morning.5. **Instances:**   - For Morning: 6AM-8AM can be 'EarlyMorning', 8AM-10AM can be 'MidMorning', and 10AM-12PM can be 'LateMorning'.   - For Breakfast: An instance can be 'Eggs', with attributes such as nutrients (protein, fat, vitamins etc.), preparationTime (10 minutes).   - For Activities: An instance can be 'Exercise', with attributes like type (yoga, jogging), duration (30 minutes), location (park, home gym).6. **Constraints:**   - Morning time should not overlap with other parts of day (Afternoon, Evening, Night).   - All activities in morning should fall within the defined morning time.This is a very simplified ontology for the concept of "Morning". The actual ontology can be highly complex depending on the level of details and the scope we want to cover.
Design an ontology to encompass the following: {noun}.	 Provide it in valid Turtle/RDF format, excluding any extra text.	Design an ontology to encompass the following: Morning. Provide it in valid Turtle/RDF format, excluding any extra text.	Ontologies in Turtle format represents concepts and relationships between those concepts. Here's a simple ontology for the concept of "Morning" in Turtle syntax.```turtle@prefix rdf: <http://www.w3.org/1999/02/22-rdf-syntax-ns#> .@prefix rdfs: <http://www.w3.org/2000/01/rdf-schema#> .@prefix time: <http://www.w3.org/2006/time#> .@prefix ex: <http://www.example.org#> .ex:Morning rdf:type rdfs:Class ;           rdfs:subClassOf time:TemporalEntity ;           rdfs:comment "The period of time from dawn to noon."@en ;           rdfs:label "Morning"@en .```This ontology states that "Morning" is a class which is a sub-class of the broader class "TemporalEntity". It also provides a comment to explain what "Morning" refers to and a label for the class.Please note this is a very simplified example and depending on the context, you could represent "Morning" in many different ways. You might choose to model it as an instance rather than a class, or you may want to include additional properties, like a specific start time and end time, or relationships to other temporal entities.
Generate an ontology that covers the following: {noun}.		Generate an ontology that covers the following: Morning.	Ontology:1. Entity: Morning   Attributes: Sunrise, Day break, Early hours   Relations: Is part of (Day)   Actions: Waking up, Eating breakfast, Going to work/school   2. Entity: Sunrise   Attributes: Light, Warmth, East   Relations: Part of (Morning), Causes (Daylight)   Actions: Appears, Glows, Rises3. Entity: Day break   Attributes: Dawn, Start of day, Brightness   Relations: Marks start (Morning), Precedes (Noon)   Actions: Begins, Initiates4. Entity: Early hours   Attributes: Quiet, Cool, Calm   Relations: Is part of (Morning), Ends by (Noon)   Actions: Precedes (Peak hours), Welcomes (Activities)5. Entity: Waking up   Attributes: Alarm clock, Health, Energy   Relations: Occurs during (Morning), Initiates (Day activities)   Actions: Ends (Sleep), Starts (Routine)   6. Entity: Eating breakfast   Attributes: Healthy, Vital, Meals   Relations: Is associated with (Morning), Follows (Waking up)   Actions: Consumes, Prepares, Enjoys   7. Entity: Going to work/school   Attributes: Commute, Routine, Responsibility   Relations: Takes place in (Morning), Follows (Waking up, Eating breakfast)   Actions: Commutes, Studies, Works8. Entity: Day   Attributes: Hours, Sunlight, Activities   Relations: Includes (Morning, Noon, Evening)   Actions: Starts, Progresses, Ends
Generate an ontology that covers the following: {noun}.	 Provide it in valid Turtle/RDF format, excluding any extra text.	Generate an ontology that covers the following: Morning. Provide it in valid Turtle/RDF format, excluding any extra text.	@prefix rdf: <http://www.w3.org/1999/02/22-rdf-syntax-ns#> .@prefix rdfs: <http://www.w3.org/2000/01/rdf-schema#> .@prefix xsd: <http://www.w3.org/2001/XMLSchema#> .@prefix ex: <http://example.com/> .ex:Morning rdf:type rdfs:Class .ex:Sunrise rdf:type rdfs:Class ;           rdfs:subClassOf ex:Morning .ex:Breakfast rdf:type rdfs:Class ;             rdfs:subClassOf ex:Morning .ex:MorningRoutine rdf:type rdfs:Class ;                  rdfs:subClassOf ex:Morning .ex:StartOfWork rdf:type rdfs:Class ;               rdfs:subClassOf ex:Morning .## Instances of Morningex:MyMorning rdf:type ex:Morning ;             ex:hasPart ex:MySunrise, ex:MyBreakfast, ex:MyMorningRoutine, ex:MyStartOfWork .ex:MySunrise rdf:type ex:Sunrise .ex:MyBreakfast rdf:type ex:Breakfast .ex:MyMorningRoutine rdf:type ex:MorningRoutine .ex:MyStartOfWork rdf:type ex:StartOfWork .## Propertiesex:hasPart rdf:type rdf:Property ;           rdfs:domain ex:Morning ;           rdfs:range rdfs:Resource .ex:timeOfDay rdf:type rdf:Property ;             rdfs:domain ex:Morning ;             rdfs:range xsd:string ;             rdfs:comment "The time of day the morning starts, typical values might be 'dawn', '6am', etc." .## For the instance MyMorning, specify time of dayex:MyMorning ex:timeOfDay "6am"^^xsd:string .
Produce an ontology specifically for the following: {noun}.		Produce an ontology specifically for the following: Morning.	1. Concept: MorningSub-concepts:    1.1. Sunrise   1.2. Breakfast   1.3. Morning Activities   1.4. The Beginning of a Day   1.5. Morning Weather   1.6. Morning Rituals2. Relations:   2.1. Sunrise is part of Morning   2.2. Breakfast is a meal of Morning   2.3. Morning Activities occur during Morning   2.4. Morning is the beginning of A day   2.5. Morning Weather occurs in Morning   2.6. Morning Rituals are performed in Morning3. Attributes:   3.1. Sunrise (time, location, visibility)   3.2. Breakfast (type of food, timing, location)   3.3. Morning Activities (types, durations, purposes)   3.4. The Beginning of a Day (time, day of the week, calendar date)   3.5. Morning Weather (temperature, humidity, precipitation)   3.6. Morning Rituals (types, length, order, benefits)4. Instances:   4.1. Sunrise at 6 a.m.   4.2. Eating cereals and fruits for breakfast   4.3. Going to the gym as a morning activity   4.4. 1st January 2022 as the beginning of a day   4.5. Cold and foggy morning weather   4.6. Meditating as a morning ritual5. Function:   5.1. Morning plays a function in determining the start of daily activities.   5.2. Morning affects people's mood, productivity, and schedule.6. Constraint:   6.1. Morning must precede noon and afternoon.   7. Axioms:   7.1. Morning is a period of time.   7.2. Morning always comes after midnight and before noon.
Produce an ontology specifically for the following: {noun}.	 Provide it in valid Turtle/RDF format, excluding any extra text.	Produce an ontology specifically for the following: Morning. Provide it in valid Turtle/RDF format, excluding any extra text.	@prefix : <http://www.example.org/#> .@prefix owl: <http://www.w3.org/2002/07/owl#> .@prefix rdfs: <http://www.w3.org/2000/01/rdf-schema#> .@prefix xsd: <http://www.w3.org/2001/XMLSchema#> .:Morning a owl:Class ;    rdfs:label "Morning"@en ;    rdfs:subClassOf :DayTime .:hasMorning a owl:ObjectProperty ;    rdfs:domain :Day ;    rdfs:range :Morning .:Day a owl:Class ;    rdfs:label "Day"@en .:EarlyMorning a :Morning ;    rdfs:label "Early Morning"@en ;    rdfs:subClassOf :Morning .:LateMorning a :Morning ;    rdfs:label "Late Morning"@en ;    rdfs:subClassOf :Morning .:Sunrise a owl:ObjectProperty ;    rdfs:domain :EarlyMorning ;    rdfs:range xsd:time .:MidMorning a :Morning ;    rdfs:label "Mid Morning"@en ;    rdfs:subClassOf :Morning .:BreakfastTime a owl:ObjectProperty ;    rdfs:domain :Morning ;    rdfs:range xsd:time .:WorkStart a owl:ObjectProperty ;    rdfs:domain :Morning ;    rdfs:range xsd:time .
Compose an ontology to represent the following: {noun}.		Compose an ontology to represent the following: Morning.	Ontology Name: Morning OntologyClasses:1. Morning: Properties - 'starts from', 'ends at', 'part of day', 'activities'2. Hours: Properties - 'hour', 'minutes', 'seconds', 'AM/PM'3. Day: Properties - 'date', 'day of the week', 'month', 'year', 'part of day'4. Activities: Properties - 'type of activities', 'duration', 'location', 'participants'Instances:- Hour = {6:00AM, 7:00AM, 8:00AM, 9:00AM, 10:00AM, 11:00AM, 12:00PM}- Day = {Monday, Tuesday, Wednesday, Thursday, Friday, Saturday, Sunday}- Activities = {Breakfast, Morning workout, Morning walk, Reading newspaper, Working, Studying, Cleaning, Meditation}Relations:- 'starts from' links Morning to a specific Hour- 'ends at' links Morning to a specific Hour- 'part of day' links Morning to Day- 'hour', 'minutes', 'seconds', 'AM/PM' part of Hours- 'date', 'day of the week', 'month', 'year', 'part of day' part of Day- 'type of activities', 'duration', 'location', 'participants' part of Activities- 'Morning' has 'Activities'This ontology represents the concept of 'morning' within the context of a day, specifying when it starts and ends, and the potential activities one might do in the morning.
Compose an ontology to represent the following: {noun}.	 Provide it in valid Turtle/RDF format, excluding any extra text.	Compose an ontology to represent the following: Morning. Provide it in valid Turtle/RDF format, excluding any extra text.	@prefix owl: <http://www.w3.org/2002/07/owl#> .@prefix : <http://www.example.com/ontology#> .:Morning    a owl:Class ;    rdfs:label "Morning" ;    rdfs:comment "A period of time from sunrise to noon in the daily cycles." .:hasStartTime     a owl:DatatypeProperty ;    rdfs:label "has start time" ;    rdfs:domain :Morning ;    rdfs:range xsd:dateTime .:hasEndTime     a owl:DatatypeProperty ;    rdfs:label "has end time" ;    rdfs:domain :Morning ;    rdfs:range xsd:dateTime .
Make an ontology that pertains to the following: {noun}.		Make an ontology that pertains to the following: Morning.	1. Morning    1.1. Time period        1.1.1. Early morning         1.1.2. Sunrise         1.1.3. Mid-morning     1.2. Activities        1.2.1. Waking up         1.2.2. Morning routine            1.2.2.1. Personal hygiene                 1.2.2.1.1. Showering                 1.2.2.1.2. Brushing teeth            1.2.2.2. Eating breakfast             1.2.2.3. Exercise        1.2.3. Commute to work/school     1.3. Morning objects        1.3.1. Alarm clock        1.3.2. Coffee maker        1.3.3. Toothbrush        1.3.4. Breakfast foods            1.3.4.1. Cereal            1.3.4.2. Eggs            1.3.4.3. Toast        1.3.5. Newspapers     1.4. Morning characteristics        1.4.1. Sunrise         1.4.2. Dew         1.4.3. Chirping birds         1.4.4. Quietness      1.5. Cultural / Societal norms        1.5.1. Greetings (Good Morning)        1.5.2. Morning prayers/worship        1.5.3. Morning shows/ TV programs        1.5.4. Morning dress codes (business, casual, etc)
Make an ontology that pertains to the following: {noun}.	 Provide it in valid Turtle/RDF format, excluding any extra text.	Make an ontology that pertains to the following: Morning. Provide it in valid Turtle/RDF format, excluding any extra text.	```turtle@prefix rdf: <http://www.w3.org/1999/02/22-rdf-syntax-ns#> .@prefix rdfs: <http://www.w3.org/2000/01/rdf-schema#> .@prefix owl: <http://www.w3.org/2002/07/owl#> .@prefix xsd: <http://www.w3.org/2001/XMLSchema#> .@prefix morning: <http://www.example.org/morning#> .morning:Morning    rdf:type rdfs:Class ;    rdfs:label "Morning"@en .morning:hasActivity    rdf:type owl:ObjectProperty ;    rdfs:label "has activity"@en ;    rdfs:domain morning:Morning ;    rdfs:range morning:Activity .morning:Activity    rdf:type rdfs:Class ;    rdfs:label "Activity"@en .morning:hasStartTime    rdf:type owl:DatatypeProperty ;    rdfs:label "has start time"@en ;    rdfs:domain morning:Morning ;    rdfs:range xsd:time .morning:hasEndTime    rdf:type owl:DatatypeProperty ;    rdfs:label "has end time"@en ;    rdfs:domain morning:Morning ;    rdfs:range xsd:time .morning:hasMeal    rdf:type owl:ObjectProperty ;    rdfs:label "has meal"@en ;    rdfs:domain morning:Morning ;    rdfs:range morning:Meal .morning:Meal    rdf:type rdfs:Class ;    rdfs:label "Meal"@en .morning:isPartOfDay    rdf:type owl:ObjectProperty ;    rdfs:label "is part of day"@en ;    rdfs:domain morning:Morning ;    rdfs:range morning:Day .morning:Day    rdf:type rdfs:Class ;    rdfs:label "Day"@en .```
Could you develop a basic design pattern for representing {noun} in an ontology?		Could you develop a basic design pattern for representing Morning in an ontology?	Designing an ontology for representing "morning" can differ depending on your specific requirements, scope, and the context. Below is a simple way you can structure it:Classes:1. TimeOfDay (Superclass)2. Morning (Subclass)Object Properties:- hasStartTime- hasEndTimeData Properties:- startTime- endTimeIndividuals:- EarlyMorning (hasStartTime at 00:00 and hasEndTime at 05:00)- MidMorning (hasStartTime at 05:00 and hasEndTime at 09:00)- LateMorning (hasStartTime at 09:00 and hasEndTime at 12:00)This is a minimal representation structure. It doesn't represent geographical location, cultural aspects, or personal beliefs that could influence when morning is perceived to start or end.This ontology schema presupposes that there are distinct subdivisions of the morning (early, mid, late). While useful for some purposes, this should be adaptable according to the specific use case.Please be aware that ontology design involves careful consideration of the domain, scope, and reusability of the ontology, among other factors. Different applications could require different ontology designs.
Could you develop a basic design pattern for representing {noun} in an ontology?	 Provide it in valid Turtle/RDF format, excluding any extra text.	Could you develop a basic design pattern for representing Morning in an ontology? Provide it in valid Turtle/RDF format, excluding any extra text.	Sure, as a simple ontology, it could be represented as follows in Turtle/RDF:```turtle@prefix : <http://example.org/> .@prefix rdfs: <http://www.w3.org/2000/01/rdf-schema#> .:Morning a rdfs:Class ;         rdfs:label "Morning" ;         rdfs:subClassOf :DayTime .:hasMorningTime a rdfs:Property ;             rdfs:domain :Person ;             rdfs:range :Morning ;             rdfs:label "has morning time" .             :Person a rdfs:Class ;         rdfs:label "Person" .```This simple ontology represents a `Morning` as a subclass of a `DayTime`. In addition, it defines a property `hasMorningTime` that connects `Person` instances to `Morning` instances, with the labels making it easier to understand by human readers. Please note that `DayTime` class and any instance data is not included in this minimal setup. You should define those as needed in your ontology. Also, in real-world cases, URIs replacing the `<http://example.org/>` namespace should be used and those URIs should be universally unique and should be where related info can be accessed.
Is it possible for you to create a straightforward pattern to depict {noun} ontologically?		Is it possible for you to create a straightforward pattern to depict Morning ontologically?	Assuming an ontological pattern can be defined as a systematic way to represent phenomena in terms of their types, properties, and interrelationships, a possible ontological pattern for the concept of 'Morning' might look like this:1. Morning (Primary Concept)   - Properties: Beginning of the day, follows night, precedes noon   - Attributes: Brightening of the sky, sunrise, increase in temperature, beginning of human activities   - Activities: Waking up, eating breakfast, starting work or school2. Time Periods (Related Concept)   - Relation to Morning: Morning is a specific type of time period.   - Properties: Defined by a start and end time, cyclical nature   - Other Types: Noon, afternoon, evening, night3. Day (Related Concept)   - Relation to Morning: Morning is a part of a day.   - Properties: Defined by one rotation of Earth on its axis, includes daytime and nighttime   - Parts: Morning, noon, afternoon, evening, nightObviously, this is a very simplified representation and the complete ontology would have many levels of complexity detailing the multi-faceted nature of what constitutes 'Morning'. For instance, cultural, geographical, or individual variations on when 'morning' is and what happens during it could also be part of the pattern.
Is it possible for you to create a straightforward pattern to depict {noun} ontologically?	 Provide it in valid Turtle/RDF format, excluding any extra text.	Is it possible for you to create a straightforward pattern to depict Morning ontologically? Provide it in valid Turtle/RDF format, excluding any extra text.	Yes, certainly. Here is an ontology pattern that represents the concept of morning in Turtle / RDF format:```turtle@prefix rdf: <http://www.w3.org/1999/02/22-rdf-syntax-ns#> .@prefix rdfs: <http://www.w3.org/2000/01/rdf-schema#> .@prefix owl: <http://www.w3.org/2002/07/owl#> .@prefix xsd: <http://www.w3.org/2001/XMLSchema#> .@prefix example: <http://www.example.org#> .example:Morning rdf:type owl:Class ;                rdfs:label "Morning"@en ;                rdfs:comment "The period of time from sunrise to noon"@en ;                rdfs:subClassOf example:DayPart .```This pattern represents the concept "Morning" as a unique class that is a subclass of the "DayPart" class. The "rdfs:Label" tag is used to give the class a human-readable name and "rdfs:comment" is used to provide more information about the class. This is a very basic conceptual model and can be extended with properties and more specific classes.
Can you formulate a simple ontology pattern that captures the essence of {noun}?		Can you formulate a simple ontology pattern that captures the essence of Morning?	Class: MorningSubclass_of: PartOfDayProperties:- hasStartTime: indicating when morning starts. Typically, this will be "sunrise" or a specific time like "6:00 AM", depending on the cultural and geographical context. - hasEndTime: indicating when morning ends. Typically, this will be "noon" or a specific time like "12:00 PM", also depending on the cultural and geographical context.- isPartOf: related to a higher time entity like a Day. - followedBy: indicating the next part of the day, usually "Afternoon".Individuals: EarlyMorning, MidMorning and LateMorning.Relations:EarlyMorning, MidMorning and LateMorning are part_of Morning.Morning is followed_by Afternoon.
Can you formulate a simple ontology pattern that captures the essence of {noun}?	 Provide it in valid Turtle/RDF format, excluding any extra text.	Can you formulate a simple ontology pattern that captures the essence of Morning? Provide it in valid Turtle/RDF format, excluding any extra text.	```turtle@prefix rdf: <http://www.w3.org/1999/02/22-rdf-syntax-ns#> .@prefix rdfs: <http://www.w3.org/2000/01/rdf-schema#> .@prefix ex: <http://example.com/> .ex:Morning rdf:type rdfs:Class ;     rdfs:subClassOf ex:TimeOfDay ;     rdfs:label "Morning"@en ;     rdfs:comment "The period of time from sunrise to noon."@en .```This simple ontology pattern represents the concept of "Morning" as a subclass of "TimeOfDay". The label and comment provide additional information on what "Morning" represents.
Would you be able to generate a basic pattern for {noun}'s ontological representation?		Would you be able to generate a basic pattern for Morning's ontological representation?	Certainly, here's a basic outline of an ontological representation for the concept of "Morning":1. Entity: Morning2. Sub-Entity: Early Morning, Mid-Morning, Late Morning3. Properties: Begins at sunrise, Ends at afternoon, Part of the day4. Relations: Is followed by Afternoon, Is part of Day, Is before Noon5. Functions: Start of most work/school schedules, Common time for breakfast6. Instances: Monday Morning, Tuesday Morning, etc.7. Temporal aspects: Daily occurrence, Typically from 5am-12pm.Remember, ontology is the representation of concepts and their relationships, so this basic outline includes components of what the concept of "morning" is and how it's related to other concepts. It's also important to note that different applications may require different levels of detail in the ontology.
Would you be able to generate a basic pattern for {noun}'s ontological representation?	 Provide it in valid Turtle/RDF format, excluding any extra text.	Would you be able to generate a basic pattern for Morning's ontological representation? Provide it in valid Turtle/RDF format, excluding any extra text.	Sure, here is a simple representation of the concept of Morning in Turtle/RDF format. ```@prefix rdf: <http://www.w3.org/1999/02/22-rdf-syntax-ns#> .@prefix rdfs: <http://www.w3.org/2000/01/rdf-schema#> .@prefix owl: <http://www.w3.org/2002/07/owl#> .@prefix xsd: <http://www.w3.org/2001/XMLSchema#> .@prefix ex: <http://example.org/> .ex:Morning a owl:Class ;  rdfs:label "Morning" ;  rdfs:comment "The period of the day from dawn to noon. ex:StartTime a owl:DatatypeProperty ;  rdfs:label "start time" ;  rdfs:range xsd:dateTime .    ex:EndTime a owl:DatatypeProperty ;  rdfs:label "end time" ;  rdfs:range xsd:dateTime .ex:isPartOfDay a owl:ObjectProperty ;  rdfs:label "is part of day" ;  rdfs:range ex:Day .ex:Day a owl:Class ;  rdfs:label "Day" ;  rdfs:comment "The time in a 24 hour period".```This example describes the Morning as a class. It suggests that the morning has properties of a start time and end time that are represented as date time. It also suggests that the morning is part of the day. The definition includes a class for Day as well. Note that the actual dates or times for start and end times are not specified; this is a general class definition that could be applied to specific instances (like 'today's morning').
Are you able to design a simple framework within an ontology to embody {noun}?		Are you able to design a simple framework within an ontology to embody Morning?	Sure, within an ontology, you can design a simple framework to embody the concept of "Morning". The ontology structure can specify the relationships and attributes that define "Morning". Here's a simplified example:1. **Class**: TimeOfDay    - **Sub-Class**: Morning    - **Relations**:         - isBefore(Lunch)        - isAfter(Dawn)        - partOf(Day)2. **Attributes**:    - Start_Time: varies (typically around 6:00 AM)    - End_Time: varies (typically around 12:00 PM)   3. **Characteristics / Properties**:    - Lighting: Generally Bright/Light    - Temperature: Typically cooler, warming as the morning progresses    - Activities: Often includes typical waking up routines, breakfast, commuting to work/school, etc.   4. **Instance**:    - Early_Morning (typically 5:00 AM to 8:00 AM)    - Late_Morning (typically 8:00 AM to 12:00 PM)Remember, the ontology can become much more complex and detailed, depending on your needs and the specifics of how you're trying to represent the notion of "Morning".
Are you able to design a simple framework within an ontology to embody {noun}?	 Provide it in valid Turtle/RDF format, excluding any extra text.	Are you able to design a simple framework within an ontology to embody Morning? Provide it in valid Turtle/RDF format, excluding any extra text.	@prefix rdf: <http://www.w3.org/1999/02/22-rdf-syntax-ns#> .@prefix rdfs: <http://www.w3.org/2000/01/rdf-schema#> .@prefix owl: <http://www.w3.org/2002/07/owl#> .@prefix ex: <http://example.org/> .ex:Morning rdf:type owl:Class .ex:Morning rdfs:subClassOf ex:TimeOfDay .ex:hasStartTime rdf:type owl:ObjectProperty ;                rdfs:domain ex:Morning ;                rdfs:range ex:Time .ex:hasEndTime rdf:type owl:ObjectProperty ;              rdfs:domain ex:Morning ;              rdfs:range ex:Time . ex:isPartOf rdf:type owl:ObjectProperty ;            rdfs:domain ex:Morning ;            rdfs:range ex:Day .ex:Day rdf:type owl:Class .
Could you craft a minimalist design pattern to illustrate {noun} within an ontology?		Could you craft a minimalist design pattern to illustrate Morning within an ontology?	Sure, here's a basic version of Morning within an ontology design pattern:```Class: Morning   SubclassOf: PartOfDay   Annotations: label "Morning"ObjectProperty: startTime   Domain: Morning   Range: TimeObjectProperty: endTime   Domain: Morning   Range: Time  ObjectProperty: isPartOf   Domain: Morning   Range: DayDataProperty: hasSunrise   Domain: Morning   Range: Boolean```This design pattern presents "Morning" as a subclass of "PartOfDay". The "Morning" has properties such as "startTime", "endTime", which connect to a "Time" class, and "isPartOf" that links "Morning" to the whole "Day". There is also a property "hasSunrise" that indicates whether or not there's a sunrise in the morning, represented as a Boolean.
Could you craft a minimalist design pattern to illustrate {noun} within an ontology?	 Provide it in valid Turtle/RDF format, excluding any extra text.	Could you craft a minimalist design pattern to illustrate Morning within an ontology? Provide it in valid Turtle/RDF format, excluding any extra text.	```@prefix xsd: <http://www.w3.org/2001/XMLSchema#> .@prefix ex: <http://example.com#> .ex:Morning a rdfs:Class ;  rdfs:label "Morning"@en ;  rdfs:comment "The period of time from sunrise to noon"@en ;  rdfs:subClassOf ex:Daypart .ex:Daypart a rdfs:Class ;  rdfs:label "Part of the day"@en .ex:hasTime a rdf:Property ;  rdfs:domain ex:Daypart ;  rdfs:range xsd:time .ex:StartsAfterSunrise a rdf:Property ;  rdfs:domain ex:Morning ;  rdfs:range xsd:boolean ;  rdfs:comment "The morning starts after sunrise"@en .ex:EndsBeforeNoon a rdf:Property ;  rdfs:domain ex:Morning ;  rdfs:range xsd:boolean ;  rdfs:comment "The morning ends before noon"@en .```
Can you establish a basic structure for encapsulating {noun} in ontology terms?		Can you establish a basic structure for encapsulating Morning in ontology terms?	Sure, here is a simple structure design encapsulating the concept of "morning" using ontology.1. Class: Time_of_Day    - Subclass: Morning2. Properties of Morning:    - hasStartTime: This property would define the start time for what is considered as morning in the context. This could be a timestamp or an hour of the day.    - hasEndTime: This property would define the end time for when morning ends. This also could be a timestamp or an end hour of the day.    - isPartOfDay: This would link the Morning class back to its superclass, Time_of_Day. 3. Class: Activities    - Subclass: Morning_Activities        - Examples could include: Breakfast, Morning commute, Working, Exercising, etc.    - hasBeginTime: The time at which the activity begins.    - hasDuration: The length of time the activity lasts.4. Relationships:    - Morning can have a relationship with the Morning_Activities in a way that indicates these activities typically occur within this timeframe.        - Example: hasTypicalActivities, points from Morning to Morning_Activities5. Individual:    - An instance of Morning class could be "Weekday Mornings" which have specific start time and end time. This is a very basic structure and can be expanded further as per the specific requirements. For example, the concept of morning may vary drastically depending on cultural, geographical, and personal factors, so additional classes and properties may be necessary to accurately encapsulate the concept of "morning" in those contexts.
Can you establish a basic structure for encapsulating {noun} in ontology terms?	 Provide it in valid Turtle/RDF format, excluding any extra text.	Can you establish a basic structure for encapsulating Morning in ontology terms? Provide it in valid Turtle/RDF format, excluding any extra text.	```turtle@prefix rdf: <http://www.w3.org/1999/02/22-rdf-syntax-ns#> .@prefix rdfs: <http://www.w3.org/2000/01/rdf-schema#> .@prefix xsd: <http://www.w3.org/2001/XMLSchema#> .@prefix time: <http://www.w3.org/2006/time#> .<http://example.org/Morning>  rdf:type rdfs:Class ;  rdfs:subClassOf time:TemporalEntity ;  rdfs:comment "The period of time from sunrise to noon"@en ;  rdfs:label "Morning"@en .<http://example.org/startsAt>  rdf:type rdf:Property ;  rdfs:domain <http://example.org/Morning> ;  rdfs:range xsd:time ;  rdfs:comment "Indicates the start time of the morning period"@en ;  rdfs:label "starts at"@en .<http://example.org/endsAt>  rdf:type rdf:Property ;  rdfs:domain <http://example.org/Morning> ;  rdfs:range xsd:time ;  rdfs:comment "Indicates the end time of the morning period"@en ;  rdfs:label "ends at"@en .```
Would you create a straightforward ontology model to capture {noun}?		Would you create a straightforward ontology model to capture Morning?	Yes, designing an ontology model can certainly helpful in capturing the concept of "Morning". Here is a simple example:1. Concept: Morning   - This is the central point of the ontology which represents the phenomenon of "morning". 2. Properties or Attributes:   - StartTime: The point in time when the morning officially begins, often perceived as sunrise or a specific hour like 6 AM.   - EndTime: The point in time when the morning ends, often seen as midday or a specific hour like 12 PM.   - IsDaytime: A boolean value designating that morning is part of the daytime.      Associated Concepts:   3. Sunrise: The time when the sun is first visible above the eastern horizon.4. Breakfast: The meal typically eaten in the morning.5. MorningRoutine: The routine or activities a person typically carries out in the morning.6. Relations: Various relations could be included such as   - PrecedesAfternoon: Represents that morning comes before afternoon.   - IsFollowedByNoon: Depicts that the end of the morning is followed by noon.This is a very basic illustration and can be further detailed by other factors such as geographical location, cultural norms, individual routines, etc.
Would you create a straightforward ontology model to capture {noun}?	 Provide it in valid Turtle/RDF format, excluding any extra text.	Would you create a straightforward ontology model to capture Morning? Provide it in valid Turtle/RDF format, excluding any extra text.	```@prefix rdf: <http://www.w3.org/1999/02/22-rdf-syntax-ns#> .@prefix owl: <http://www.w3.org/2002/07/owl#> .@prefix rdfs: <http://www.w3.org/2000/01/rdf-schema#> .@prefix xsd: <http://www.w3.org/2001/XMLSchema#> .@prefix : <http://example.org#> .:Morning rdf:type owl:Class .:hasMorning rdf:type owl:ObjectProperty ;    rdfs:domain :Day ;    rdfs:range :Morning .:Day rdf:type owl:Class . ```
Can you assemble a succinct pattern to convey {noun}'s concept through ontology?		Can you assemble a succinct pattern to convey Morning's concept through ontology?	Concept: MorningSemantic Relation: Subclass of TimesOfDayProperties: - StartTime: Typically, sunrise or 5-6am- EndTime: Typically, noon or 12pm- AssociatedActivities: Waking up, eating breakfast, starting work or school- Precedes: Afternoon- Follows: Night- LightCondition: Usually starts in darkness with gradual increase in light (sunrise) SimilarConcepts: Dawn, Sunrise, Early hours DisjointWith: Afternoon, evening, night
Can you assemble a succinct pattern to convey {noun}'s concept through ontology?	 Provide it in valid Turtle/RDF format, excluding any extra text.	Can you assemble a succinct pattern to convey Morning's concept through ontology? Provide it in valid Turtle/RDF format, excluding any extra text.	```@prefix ont: <http://www.ontologyexample.org#> .ont:Morning a owl:Class ;    rdfs:label "Morning"@en ;    rdfs:comment "The period of time from sunrise to noon"@en ;    rdfs:subClassOf ont:PartOfDay .```
Could you devise a simple scheme for representing {noun} within an ontology context?		Could you devise a simple scheme for representing Morning within an ontology context?	Sure, here is a simple example of how "Morning" could be represented within an ontology context:1. `Concept`: Temporal Interval    - `Sub-concept 1`: Day        - `Sub-concept 1.1`: Morning [Primary Node]            - `Property 1`: Starts at dawn            - `Property 2`: Ends at noon            - `Relation 1`: Is part of "Day"            - `Relation 2`: Followed by "Afternoon"            - `Instance 1`: Monday Morning            - `Instance 2`: Tuesday Morning            etc.This is a basic representation and can be expanded based on the specific needs and context of the ontology. It may also include more precise timeframes, cultural interpretations of mornings, activities usually done in the morning, etc.
Could you devise a simple scheme for representing {noun} within an ontology context?	 Provide it in valid Turtle/RDF format, excluding any extra text.	Could you devise a simple scheme for representing Morning within an ontology context? Provide it in valid Turtle/RDF format, excluding any extra text.	Sure, here is a simple representation of the concept Morning within an ontology context.```rdf@prefix rdfs: <http://www.w3.org/2000/01/rdf-schema#> .@prefix owl: <http://www.w3.org/2002/07/owl#> .@prefix xsd: <http://www.w3.org/2001/XMLSchema#> .@prefix my: <http://example.com/myontology#> .my:Morning a owl:Class ;  rdfs:label "Morning"@en ;  rdfs:comment "Period of a day from sunrise to noon"@en ;  rdfs:subClassOf my:DayPeriod ;  my:hasStartTime "06:00:00"^^xsd:time ;  my:hasEndTime "11:59:59"^^xsd:time .```In this example, we define a "Morning" class under a custom namespace `my`. It's a subclass of the more general "DayPeriod" concept (also part of our custom ontology). We include descriptive properties to specify typical start and end times for the morning.
Could you develop a basic design pattern for representing the following in an ontology: {noun}		Could you develop a basic design pattern for representing the following in an ontology: Morning	Sure! Here's a basic design pattern for representing "Morning" in an ontology. In this ontology, I assume the concept of "Time_Of_Day" exists.1. Concept: Time_Of_Day   - Sub-Concepts: Morning, Afternoon, Evening, Night2. Concept: Morning   - Properties:       - StartTime: This property represents the beginning of the morning. Traditionally it could be represented by the time "6:00 AM".       - EndTime: This property signifies the end of the morning. It could be represented by the time "12:00 PM".       - Activities: This property could contain a list of typical activities during morning time such as breakfast, morning exercise etc.       - Follows: This property could reference the time of day that typically comes before morning, in most cases that would be "Night".       - Precedes: This property could reference the time of day that typically comes after morning, which is usually "Afternoon".3. Relations:    - Morning is followed by Afternoon   - Morning comes after Night   - Morning is a type of Time_Of_DayIn practice, design patterns could be specific to the ontology management system you are using. But these are some basic components to represent "Morning" in an ontology.
Could you develop a basic design pattern for representing the following in an ontology: {noun}	 Provide it in valid Turtle/RDF format, excluding any extra text.	Could you develop a basic design pattern for representing the following in an ontology: Morning Provide it in valid Turtle/RDF format, excluding any extra text.	Sure, here is a basic representation for "Morning" in an ontology expressed in Turtle RDF format:```turtle@prefix ex: <http://example.org#> .ex:Morning a owl:Class ;    rdfs:label "Morning"@en ;    rdfs:comment "A measurement or indicator of the time period from sunrise to noon."@en ;    rdfs:subClassOf ex:PartOfTheDay .```In this snippet:- `owl:Class` indicates that Morning is a class in the ontology.- `ex:` is the namespace abbreviation.The `rdfs:label` predicate sets the readable name for the class, and `rdfs:comment` gives a description of that class. It's also noted that 'Morning' is a subclass of 'PartOfTheDay'. Please update the values as per your specific needs.For a more comprehensive modeling of 'Morning' as per your domain, factors like time-zone, geographic location, cultural reference etc. might also need consideration. This example is a basic and a general representation.
Is it possible for you to create a straightforward pattern to depict the following ontologically: {noun}		Is it possible for you to create a straightforward pattern to depict the following ontologically: Morning	Yes, the ontological pattern to depict 'Morning' could be as follows:1. Entity: Time2. Sub-entity: Day3. Sub-part of Day: MorningProperties of 'Morning' could be:- Beginning: Sunrise- End: Before midday or noon- Activities: Breakfast, Morning walk or run, Getting ready etc.Interactions or relations could be:- Morning comes after: Night- Morning comes before: Afternoon- Relation to individuals: Waking up, Starting the day etc.
Is it possible for you to create a straightforward pattern to depict the following ontologically: {noun}	 Provide it in valid Turtle/RDF format, excluding any extra text.	Is it possible for you to create a straightforward pattern to depict the following ontologically: Morning Provide it in valid Turtle/RDF format, excluding any extra text.	Sure, here is a simple ontological representation for morning using Turtle:```turtle@prefix ex: <http://example.org/> .@prefix rdf: <http://www.w3.org/1999/02/22-rdf-syntax-ns#> .@prefix rdfs: <http://www.w3.org/2000/01/rdf-schema#> .ex:Morning rdf:type rdfs:Class .ex:BreakfastTime rdf:type ex:Morning .ex:Sunrise rdf:type ex:Morning .```In this simple ontology, we've defined Morning as a class. Then, we created BreakfastTime and Sunrise as instances of the Morning class. We're using namespaces (prefixes) to help specify where our vocabulary is defined, and we're utilizing standard `rdf and rdfs` prefixes to help define types and classes within our ontology.
Can you formulate a simple ontology pattern that captures the essence of the following: {noun}		Can you formulate a simple ontology pattern that captures the essence of the following: Morning	Class: Morning    Subclass of: Time_of_Day    Properties:             1. has_beginning_time                   - type: Time                   - description: The time at which morning starts.            2. has_ending_time                   - type: Time                   - description: The time at which morning ends.            3. Associated_with                   - type: Event or Activity                   - description: The events or activities that typically occur during the morning.Rules:        If X is a sub-instance of Morning, then X has_beginning_time and X has_ending_time fall between dawn and noon.Example Usage:    Instance: Early_Morning      - type: Morning      - has_beginning_time: dawn      - has_ending_time: 08:00 AM      - Associated_with: Breakfast, Exercise    Instance: Late_Morning      - type: Morning      - has_beginning_time: 08:00 AM      - has_ending_time: noon      - Associated_with: Work, SchoolNote: The specific times considered as "morning" can depend on cultural or personal factors. This pattern assumes a general definition, where "morning" is the period from dawn until noon.
Can you formulate a simple ontology pattern that captures the essence of the following: {noun}	 Provide it in valid Turtle/RDF format, excluding any extra text.	Can you formulate a simple ontology pattern that captures the essence of the following: Morning Provide it in valid Turtle/RDF format, excluding any extra text.	In the context of RDF/Turtle, we can think of the ontology for "Morning" as a time period in a day. We'll define "Morning" as an instance of a time period class, and add some common properties like "start time", "end time", and "part of", referencing the larger concept of "day". To keep things simple, we will not specify actual time values in this general pattern. Here is a potential representation:```turtle@prefix ex: <http://example.org/> . @prefix time: <http://www.w3.org/2006/time#> .ex:Morning a time:TemporalEntity ;    time:hasBeginning ex:MorningStart ;    time:hasEnd ex:MorningEnd ;    ex:partOfDay ex:Day .```The above Turtle code defines "Morning" as a temporal entity that has a beginning ("MorningStart") and an end ("MorningEnd"), and is part of a "Day". The actual times would be specified when you use this ontology in a specific context.
Would you be able to generate a basic pattern for the following's ontological representation: {noun}		Would you be able to generate a basic pattern for the following's ontological representation: Morning	Sure, here is a basic ontological representation for "Morning":- Morning (Concept)  - Subclass of: Time of day  - Related to: Sunrise, Breakfast, Waking up  - Precedes: Afternoon  - Follows: Night  - Part of: Day  - Properties: Early, Bright, Cool  - Typical activities: Exercising, Going to work/school
Would you be able to generate a basic pattern for the following's ontological representation: {noun}	 Provide it in valid Turtle/RDF format, excluding any extra text.	Would you be able to generate a basic pattern for the following's ontological representation: Morning Provide it in valid Turtle/RDF format, excluding any extra text.	Certainly, here is a basic pattern for the concept of "Morning" as an ontology in RDF/Turtle format:```turtle@prefix rdf: <http://www.w3.org/1999/02/22-rdf-syntax-ns#> .@prefix rdfs: <http://www.w3.org/2000/01/rdf-schema#> .@prefix ex: <http://example.org/> .ex:Morning a rdfs:Class ;    rdfs:label "Morning"@en ;    rdfs:comment "The period of the day from sunrise to noon."@en .```This piece of code states that "Morning" is a class in the defined ontology. The "label" is simply "Morning" and the "comment" gives a description of what this class represents.
Are you able to design a simple framework within an ontology to describe the following: {noun}		Are you able to design a simple framework within an ontology to describe the following: Morning	Sure, here is an example of a framework. The Ontology is Morning. In ontological engineering, an ontology is a formal representation of knowledge as a set of concepts within a domain.I. Concept: Definition of morning   A. Attribute: Time of Day     - Value: Early part of the day, typically the period of time when people wake up before noon   B. Attribute: Light Level     - Value: Dawn/Sunrise   C. Attribute: Activities     - Value: Waking up, having breakfast, going to work/school   D. Attribute: Mood     - Value: Cook session, New Day Beginning, Energy Levels (High/Low), FreshnessII. Concept: Significance of morning   A. Attribute: Culture or Religion     - Value: Philosophy (such as 'Morning is the start of new beginnings'), Religious Practices   B. Attribute: Health     - Value: Morning workouts, Importance of having breakfast   C. Attribute: Lifestyle     - Value: Morning routines, Morning habits for successful people   III. Concept: Morning routine   A. Attribute: Tasks     - Value: Meditation, Exercise, Reading, Eating, Showering, Commuting  IV. Concept: Morning in different locations   A. Attribute: Climate      - Value: Warm, cold, temperate   B. Attribute: Geography      - Value: Mountainous, Coastal, Urban, Rural    C. Attribute: Culture      - Value: Breakfast routines, Morning prayers/rituals, Work routinesThis simple framework within the ontology of 'Morning' is a way of representing knowledge regarding what a morning is, its significance, routine and how it is perceived/done in different geographical and cultural backgrounds.
Are you able to design a simple framework within an ontology to describe the following: {noun}	 Provide it in valid Turtle/RDF format, excluding any extra text.	Are you able to design a simple framework within an ontology to describe the following: Morning Provide it in valid Turtle/RDF format, excluding any extra text.	Sure, here's a simple framework for describing a "Morning" in Turtle/RDF format.```turtle@prefix rdfs: <http://www.w3.org/2000/01/rdf-schema#>.@prefix ex: <http://example.org/>.ex:Morning a rdfs:Class.ex:hasSunrise rdfs:domain ex:Morning.ex:hasSunrise rdfs:range ex:Time.ex:hasBreakfast rdfs:domain ex:Morning.ex:hasBreakfast rdfs:range ex:Food.ex:hasMorningActivity rdfs:domain ex:Morning.ex:hasMorningActivity rdfs:range ex:Activity.```In this framework, "Morning" is a class. It has 3 properties: "hasSunrise", "hasBreakfast", and "hasMorningActivity". The "hasSunrise" property describes the time when the sun rises, the "hasBreakfast" property describes food or meal in the morning, and the "hasMorningActivity" property describes the activities one has in the morning. All these properties are linked to the "Morning" class.
Could you craft a minimalist design pattern to illustrate the following within an ontology: {noun}		Could you craft a minimalist design pattern to illustrate the following within an ontology: Morning	Sure, Here's a simplistic design pattern to illustrate the concept of "Morning" within an ontology.``` pythonClass: TimeOfDaySubClassOf:      hasPart some Hour# Hour as a range of real numbers. Class: HourDatatype: float# Morning is a subclass of the time of day.# It is characterized by the hour range 1 to 12 inclusive. Class: MorningSubClassOf:      TimeOfDay,    hasPart some (        Hour and         hasValue some [>=1.0 , <=12.0]    )``` A more comprehensive design could include the concept of "AM" or "PM", specific physical or cultural activities common during the Morning, the sequential order of "Morning" in the progression of the day (e.g., following "Night" and preceding "Afternoon"), and so on. However, those nuances go beyond the scope of a minimal-pattern example.
Could you craft a minimalist design pattern to illustrate the following within an ontology: {noun}	 Provide it in valid Turtle/RDF format, excluding any extra text.	Could you craft a minimalist design pattern to illustrate the following within an ontology: Morning Provide it in valid Turtle/RDF format, excluding any extra text.	Sure, here is a simple ontology to represent the concept of morning.```@prefix xsd: <http://www.w3.org/2001/XMLSchema#> .@prefix time: <http://www.w3.org/2006/time#> .@prefix ex: <http://example.com#> .ex:Morning a time:TimeOfDay ;   time:hour "06"^^xsd:int ;   time:minute "00"^^xsd:int ;   time:second "00"^^xsd:int .```In this design pattern, `ex:Morning` is an instance of `time:TimeOfDay`. The properties `time:hour`, `time:minute` and `time:second` are used to describe the time that morning typically starts (6:00 AM in this example).
Can you establish a basic structure for encapsulating the following in ontology terms: {noun}		Can you establish a basic structure for encapsulating the following in ontology terms: Morning	In ontology, a concept or object like "Morning" can be broken down into several related entities and relationships.1. **Concepts (Classes):**   - TimeOfDay: Defining specific periods throughout the day.   - Morning: A subclass of TimeOfDay, representing the beginning part of the day.2. **Attributes (Data Properties):**   - start_time: The time when Morning starts.   - end_time: The time when Morning ends.3. **Relationship (Object Properties):**   - is_followed_by: A relationship between a Morning and another TimeOfDay (such as afternoon).   - is_preceded_by: A relationship between a Morning and another TimeOfDay (such as night).4. **Instances (Individuals):**   - EarlyMorning: An instance of Morning class with start_time as the time morning begins and end_time as the midpoint between the starting morning hour and noon.   - LateMorning: An instance of Morning class with start_time defined as the end_time of EarlyMorning and end_time as noon.Please note that the exact names and types of the classes, attributes, and properties might slightly differ depending on the exact context and specific ontology design practices.
Can you establish a basic structure for encapsulating the following in ontology terms: {noun}	 Provide it in valid Turtle/RDF format, excluding any extra text.	Can you establish a basic structure for encapsulating the following in ontology terms: Morning Provide it in valid Turtle/RDF format, excluding any extra text.	Sure, here's a simple RDF/Turtle representation for the concept of "Morning":```ttl@prefix rdf: <http://www.w3.org/1999/02/22-rdf-syntax-ns#> .@prefix : <http://example.com/#> .:MORNING rdf:type :TIME_PERIOD .:MORNING :isPartOf :DAY .```This ontology has two basic triples: 1) The first triple denotes that "Morning" is a type of "Time Period". 2) The second triple shows the semantic relationship that "Morning" is part of "Day". Note: The specific URIs you would use would depend on your pre-existing ontology structure, and if you're using existing ontologies or established vocabularies or not. The prefix "http://example.com/#" just serves as a placeholder.
Would you create a straightforward ontology model to capture the following: {noun}		Would you create a straightforward ontology model to capture the following: Morning	Certainly, here is a simple ontological model to capture the concept of "Morning". This ontology will not capture all potential aspects of "Morning", but it will illustrate some possible attributes and relationships:**Top Concept: Time of Day**- Subclass: Morning- Related concepts:    - Subclass: Early Morning   - Subclass: Late Morning- Attributes of Morning (Characteristic Properties):   - Start time: User-defined or commonly accepted as 5 or 6 AM.  - End time: User-defined or commonly accepted as 11 AM or 12 PM.  - RelatedTimeOfDay: Preceded by Night, Followed by Afternoon  - CommonActivities: breakfast, exercise, work, school  - Relations:  - partOf: Day  - precedes: Afternoon  - succeeds: Midnight/Early Morning If considered from a 24-hour perspective  - associatedActivity: eating (as in breakfast), commuting (as in going to work or school), etc.This simple model presents some ways to relate and elaborate upon the concept of "Morning". You may add more complexity based on your project needs, using different entities, relations, functions, and axioms, in line with the structural richness provided by ontology models in general.
Would you create a straightforward ontology model to capture the following: {noun}	 Provide it in valid Turtle/RDF format, excluding any extra text.	Would you create a straightforward ontology model to capture the following: Morning Provide it in valid Turtle/RDF format, excluding any extra text.	Here's a simple ontology model capturing the concept of "Morning" in the Turtle/RDF format:```turtle@prefix xsd: <http://www.w3.org/2001/XMLSchema#> .@prefix : <http://example.org/> .:Morning a rdfs:Class .:StartTime a rdfs:Property ;  rdfs:domain :Morning ;  rdfs:range xsd:time .:EndTime a rdfs:Property ;  rdfs:domain :Morning ;  rdfs:range xsd:time .```This model includes a `Morning` class and two properties (`StartTime`, `EndTime`) that would hold times (in the `xsd:time` format), thus defining the start and end of the morning period.Please note that actual start and end times for a morning period can vary significantly depending on cultural or personal views as well as geographical location, this ontology simply allows assignment of such times and doesn't define what they should be.
Can you assemble a succinct pattern to convey the following's concept in an ontology: {noun}		Can you assemble a succinct pattern to convey the following's concept in an ontology: Morning	Concept: TimeOfDay  - SubConcept: Morning      - Attributes:           - Start_time: SunRise          - End_time: 12:00pm      - Related Concepts:         - Breakfast         - SunRise         - Early Riser         - Morning Routine      - Instances:          - Dawn         - Sunrise          - Mid-morning
Can you assemble a succinct pattern to convey the following's concept in an ontology: {noun}	 Provide it in valid Turtle/RDF format, excluding any extra text.	Can you assemble a succinct pattern to convey the following's concept in an ontology: Morning Provide it in valid Turtle/RDF format, excluding any extra text.	```@prefix ex: <http://example.org/> .ex:Morning a ex:TimeOfDay ;         rdfs:label "Morning" .```
Could you devise a simple scheme for representing the following within an ontology context: {noun}		Could you devise a simple scheme for representing the following within an ontology context: Morning	Sure, here is a simple representation:1. Concept: Time of Day   Subclass: Day   Subclass of Day: Morning   2. Property: Occurs After   Domain: Time of Day   Range: Time of Day (Night)3. Property: Ends At   Domain: Morning   Range: Specific Hour (12pm)4. Property: Followed By   Domain: Morning   Range: Time of Day (Afternoon)5. Instances: Sunrise, Breakfast Time, Early Morning, etc.   Here, 'Morning' is represented as a subclass in the ontology under the class 'Day', which is itself a subclass of 'Time of Day'. Properties like 'Occurs After', 'Ends At', and 'Followed By' help define the relationships and boundaries of 'Morning'. Instances show specific occurrences or aspects related to 'Morning'.
Could you devise a simple scheme for representing the following within an ontology context: {noun}	 Provide it in valid Turtle/RDF format, excluding any extra text.	Could you devise a simple scheme for representing the following within an ontology context: Morning Provide it in valid Turtle/RDF format, excluding any extra text.	@prefix ex: <http://www.example.com#> .ex:Morning a owl:Class .
