Develop an ontology dedicated to {noun}.		Develop an ontology dedicated to Hour.	Ontology Concept: Hour1. Sub-concepts:   - Second: Unit of times, smaller than an hour.   - Minute: Unit of times, comprises of 60 seconds.   - Day: Contains 24 hours.   - Night: Comprises a specific number of hours mostly from sunset to sunrise.   - Week: Contains 168 hours.   - Month: Comprises around 720 hours (approximately, given 30 days in a month).   - Year: Contains around 8,760 hours (approximately, given 365 days in a year).2. Attributes:   - Number: The numerical value representing a specific hour.   - AM/PM: Specifies if the hour in question falls into the first 12-hour half of the day or the second.   - Time-Zone: Describes the geographical area that maintains the same standard time.   3. Functions/Methods:   - ConvertToMinutes: Converts hours into minutes.   - ConvertToSeconds: Converts hours into seconds.   - ConvertToDays: Converts hours into days.   - ConvertToWeeks: Converts hours into weeks.   - ConvertToMonths: Converts hours into months.   - ConvertToYears: Converts hours into years.   4. Relations:   - IsLessThan: Compares if one hour is less than another hour.   - IsGreaterThan: Compares if one hour is greater than another hour.   - EqualsTo: Checks if two hours are equal.   - IsPartOf: Tells if a certain hour is part of a certain day, week, month, or year.   - Precedes: Tells if a certain hour comes before another.   - Follows: Tells if a certain hour comes after another.   5. Instances:   - One Hour: An instance of the hour ontology, representing a duration of 60 minutes.   - Twelve Noon: An instance of the hour ontology, representing 12:00 PM.   - Midnight: An instance of the hour ontology, representing 12:00 AM.
Develop an ontology dedicated to {noun}.	 Provide it in valid Turtle/RDF format, excluding any extra text.	Develop an ontology dedicated to Hour. Provide it in valid Turtle/RDF format, excluding any extra text.	```turtle@prefix xsd: <http://www.w3.org/2001/XMLSchema#> .@prefix hourOnt: <http://www.example.org/hourOntology#> .# ClasseshourOnt:Hour a rdfs:Class ;  rdfs:comment "A class representing hour"^^xsd:string ;  rdfs:label "Hour"^^xsd:string .hourOnt:Minute a rdfs:Class ;  rdfs:comment "A class representing minutes"^^xsd:string ;  rdfs:label "Minute"^^xsd:string .hourOnt:Second a rdfs:Class ;  rdfs:comment "A class representing seconds"^^xsd:string ;  rdfs:label "Second"^^xsd:string .# Object propertieshourOnt:hasMinute a rdf:Property ;  rdfs:domain hourOnt:Hour ;  rdfs:range hourOnt:Minute ;  rdfs:comment "Relates an hour to its minutes"^^xsd:string ;  rdfs:label "Has Minute"^^xsd:string .hourOnt:hasSecond a rdf:Property ;  rdfs:domain hourOnt:Minute ;  rdfs:range hourOnt:Second ;  rdfs:comment "Relates a minute to its seconds"^^xsd:string ;  rdfs:label "Has Second"^^xsd:string .```
Construct an ontology focused on {noun}.		Construct an ontology focused on Hour.	Ontology:1. Concept: Hour    - Entity: Time        - Attributes:             - 60 Minutes            - 24 Hours a Day    - Entity: Measurement        - Attributes:             - Time Measurement            - Schedule Planning            - Time Management    - Entity: Clock        - Attributes:            - 12 Hour Clock            - 24 Hour Clock            - Digital            - Analog    - Entity: Times of Day        - Attributes:            - Morning (6am-11am)            - Afternoon (12pm-5pm)            - Evening (6pm-9pm)            - Night (10pm-5am)    - Entity: Time Zone        - Attributes:            - UTC (Coordinated Universal Time)            - GMT (Greenwich Mean Time)            - Local Time    - Entity: Work Hours        - Attributes:            - Full Time             - Part Time             - Overtime    - Entity: Hourglass         - Attributes:             - Timer             - Sand            - Two Glass Bulbs    - Entity: History        - Attributes:            - Egyptian 24 hour system            - Sundials            - Lunar cycle      - Entity: International Hour Format        - Attributes:            - 24 hour format    - Entity: Biology        - Attributes:            - Circadian Rhythms    - Entity: Astronomical term        - Attributes:            - Sidereal Hour            - Right Ascension    - Entity: Idioms and phrases        - Attributes:            - The eleventh hour            - Hour of need            - Keep late hours            - Small hours. Each entity represents a particular aspect of the concept "Hour" and each attribute is a specific detail related to the respective entity.
Construct an ontology focused on {noun}.	 Provide it in valid Turtle/RDF format, excluding any extra text.	Construct an ontology focused on Hour. Provide it in valid Turtle/RDF format, excluding any extra text.	```@prefix rdf: <http://www.w3.org/1999/02/22-rdf-syntax-ns#> .@prefix rdfs: <http://www.w3.org/2000/01/rdf-schema#> .@prefix xsd: <http://www.w3.org/2001/XMLSchema#> .@prefix ex: <http://example.com/> .ex:Hour rdf:type rdfs:Class ;  rdfs:label "Hour"@en .ex:hasHour rdf:type rdf:Property ;  rdfs:label "has hour"@en ;  rdfs:domain ex:Time ;  rdfs:range ex:Hour .ex:Time rdf:type rdfs:Class ;  rdfs:label "Time"@en .ex:SpecificTime rdf:type ex:Title ;  ex:hasHour "12"^^xsd:integer .ex:isPartOf rdf:type rdf:Property ;  rdfs:label "is part of"@en ;  rdfs:domain ex:Hour ;  rdfs:range ex:Day .ex:Day rdf:type rdfs:Class ;  rdfs:label "Day"@en .ex:SpecificHour rdf:type ex:Hour ;  ex:isPartOf "Monday" .```
Build an ontology surrounding the concept of a {noun}.		Build an ontology surrounding the concept of a Hour.	1. Concept: HourSub-concepts:1.1. Minutes- Has 60 minutes- Can be broken down into seconds1.2. Day- Composed of 24 hours- Divides into day and night hours1.3. Time Zone- Different in each geographical area- Dictates what hour it is locally1.4. Clock- Measures hours- Can be digital or analog1.5. AM/PM- Distinguishes hours of the day- AM for morning hours, PM for afternoon and night hours1.6. Work Hour- Usually 8 hours per day in standard jobs- Can range based on job and industry1.7. School Hour- Differs by education level and institution- Usually 6-8 hours per day1.8. Hour Glass- Ancient tool to measure an hour1.9. Happy Hour- Specific hour offering discounted drinks at bars- Usually in late afternoon or early evening1.10. Hourly Wage- Payment system based on how many hours worked- May vary by job, industry, and locationRelationships:"Hour" has "Minutes"."Day" is composed of "Hour"."Time Zone" dictates "Hour"."Clock" measures "Hour"."AM/PM" distinguishes "Hour"."Work Hour" is determined by "Hour"."School Hour" is based on "Hour"."Hour Glass" measures "Hour"."Happy Hour" is a scheduled "Hour"."Hourly Wage" is calculated by "Hour".Attributes:- Has period: 60 minutes- Is measured by: Clocks, hourglasses- Is part of: Day- Can be: Morning, afternoon, evening, night- Is designated in: Various time zones- Is divided by: AM and PM- Is determined in: Work, school- Determines: Hourly wage
Build an ontology surrounding the concept of a {noun}.	 Provide it in valid Turtle/RDF format, excluding any extra text.	Build an ontology surrounding the concept of a Hour. Provide it in valid Turtle/RDF format, excluding any extra text.	Here is a simple example of a ontology surrounding the concept of a "Hour" in Turtle format:```turtle@prefix xmls: <http://www.w3.org/2001/XMLSchema#> .@prefix : <http://www.example.com/time#> .:Hour   rdf:type owl:Class ;  rdfs:comment "A unit of time that is equivalent to 60 minutes or 3600 seconds" ;  rdfs:label "Hour" .:Minute   rdf:type owl:Class ;  rdfs:subClassOf :Hour ;  rdfs:comment "A unit of time that is equivalent to 60 seconds" ;  rdfs:label "Minute" .  :Second  rdf:type owl:Class ;  rdfs:subClassOf :Minute ;  rdfs:comment "The base unit of time in International System of Units (SI)" ;  rdfs:label "Second" .:Hour_Equals_Minutes  rdf:type owl:ObjectProperty ;  rdfs:domain :Hour ;   rdfs:range xsd:integer ;  rdfs:label "hour equals minutes" ;  rdfs:comment "An hour equals to 60 minutes" .:Minute_Equals_Seconds  rdf:type owl:ObjectProperty ;  rdfs:domain :Minute ;   rdfs:range xsd:integer ;  rdfs:label "minute equals seconds" ;  rdfs:comment "A minute equals to 60 seconds" .``` Please note, it is a very simplified version and real-world ontologies are far more complex and complete. The above example is more a demonstration of how one might go about encoding such an ontology. The classes "Hour", "Minute" and "Second" are introduced and the relationships between Hour to Minutes and Minutes to Seconds are defined respectively. Also, owl, rdf and rdfs are assumed to be widely used prefixes and are not defined in the snippet but for a complete example, you should include those prefixes too.
Formulate an ontology related to {noun}.		Formulate an ontology related to Hour.	1. Concept: Hour    - Sub-concepts:         - Hour hand: A part of a clock or watch that represents the hour.        - 24-hour format: Time format that counts the full 24 hours of the day.        - 12-hour format: Time format that splits the day into two periods of 12 hours.        - Office Hours: Designated period during which business is conducted        - Golden Hour: Period shortly after sunrise or before sunset during which daylight is redder and softer than when the Sun is higher in the sky.    - Related Concepts:         - Time: A concept representing the progression of events in the past, present, and future.        - Minute: A unit of time equal to 60 seconds or 1/60 of an hour.        - Second: The shortest standard unit of time in which an event or object can be measured.    - Properties:         - Length: An hour is equivalent to 60 minutes or 3,600 seconds.        - Format: An hour can be represented in different formats, such as 12-hour and 24-hour formats.    - Functions:         - Measurement of Time: An hour is used as a standard unit of time to measure the length or duration of events.    - Instances:        - 1 PM: This is an instance of an hour in the 12-hour format.        - 13:00: This is an instance of an hour in the 24-hour format.  2. Relationships:   - An hour consists of 60 minutes. (HAS_COMPONENT)   - An hour consists of 3,600 seconds. (HAS_COMPONENT)   - Hour hand represents the hour on a clock. (REPRESENTED_BY)   - Different hours form a day. (PART_OF)   - An hour is a unit of time. (IS_A)   - Office hours are periods within the day divided by hours. (HAS_INSTANCE)    - Golden hour is a specific period of an hour during sunrise or sunset. (HAS_INSTANCE)    - Time can be measured in hours. (MEASURED_IN)3. Axioms:   - Every hour has a length of 60 minutes.   - An hour hand on a clock always represents an hour.   - There are 24 hours in a day.   - Office hours always consist of specific hours during a day.
Formulate an ontology related to {noun}.	 Provide it in valid Turtle/RDF format, excluding any extra text.	Formulate an ontology related to Hour. Provide it in valid Turtle/RDF format, excluding any extra text.	@prefix xsd: <http://www.w3.org/2001/XMLSchema#> .@prefix owl: <http://www.w3.org/2002/07/owl#> .@prefix rdfs: <http://www.w3.org/2000/01/rdf-schema#> .@prefix time: <https://www.w3.org/TR/owl-time#> .time:Hour a owl:Class ;    rdfs:label "Hour"@en ;        rdfs:subClassOf time:TemporalUnit ;        rdfs:comment "A unit of measuring time, equivalent to 60 minutes."@en .time:Minute a owl:Class ;    rdfs:label "Minute"@en ;        rdfs:subClassOf time:TemporalUnit ;        rdfs:comment "A unit of measuring time, equivalent to 60 seconds or 1/60th of an hour."@en .    time:TemporalUnit a owl:Class ;    rdfs:label "Temporal Unit"@en ;    rdfs:comment "Unit used for the measurement of time."@en .time:hasNumberOfHours a owl:DatatypeProperty ;    rdfs:domain time:TemporalUnit ;        rdfs:range xsd:integer ;        rdfs:label "has number of hours"@en ;        rdfs:comment "The property defines the number of hours in a temporal unit."@en .    time:hasNumberOfMinutes a owl:DatatypeProperty ;    rdfs:domain time:Hour ;        rdfs:range xsd:integer ;        rdfs:label "has number of minutes"@en ;        rdfs:comment "The property defines the number of minutes in an hour."@en .
Establish an ontology based on {noun}.		Establish an ontology based on Hour.	1. Hour (Primary Category)   - Definition: A unit of time equivalent to 60 minutes or 1/24th of a day.2. Types of Hours   - Business Hours: The time period in which business is commonly conducted.   - School Hours: The set time period in a day during which formal education is conducted.   - Rush Hour: Part of the day during which traffic congestion on roads and crowding on public transport is at its highest.   - Office Hours: The times during a day when a particular organization is open for business.   - Happy Hour: A period of the day when drinks are sold at reduced prices in a bar or restaurant.   - After Hours: The time period outside of the typical working or operating time frame.3. Measurement of Hours   - Second : A unit of time that is one-sixtieth of a minute.   - Minute: A unit of time that is 60 seconds or one-sixtieth of an hour.4. Related concepts   - Day: A unit of time that consists of 24 hours.   - Week: A period of time equivalent to seven days, or 168 hours.   - Month: A period of time, usually based on the Earth's rotation around the sun, that equates to roughly 30 days or 720 hours.   - Year: A unit of time that measures the period of the Earth's rotation around the sun, consisting of roughly 8,760 hours.5. Implementation of Hours   - Time Zone: Regional standard time accepted and followed by the residents and authorities.   - World Clock: A system of tracking and presenting the time in various regions of the world.   - Daylight Saving Time: The practice of setting the clock ahead by one hour from standard time during the warmer part of the year, so that evenings have more daylight and mornings have less. 6. Historical Perspective   - Solar Hour: An old measure of time that changes based on the duration of the day throughout the year.   - Canonical Hour: A division of time used in Christian liturgy.   - Decimal Hour: An alternative way of representing time where an hour represents 100 minutes.
Establish an ontology based on {noun}.	 Provide it in valid Turtle/RDF format, excluding any extra text.	Establish an ontology based on Hour. Provide it in valid Turtle/RDF format, excluding any extra text.	```@prefix rdf: <http://www.w3.org/1999/02/22-rdf-syntax-ns#> .@prefix rdfs: <http://www.w3.org/2000/01/rdf-schema#> .@prefix xsd: <http://www.w3.org/2001/XMLSchema#> .@prefix ont: <http://example.com/ontology#> .ont:Hour a rdfs:Class ;    rdfs:label "Hour"@en ;    rdfs:comment "A unit of time equivalent to 60 minutes"@en .ont:hasHour a rdf:Property ;    rdfs:domain ont:Time ;    rdfs:range ont:Hour ;    rdfs:label "has hour"@en ;    rdfs:comment "Denotes a unit of time (hour) belonging to a certain instance of Time"@en .ont:Time a rdfs:Class ;    rdfs:label "Time"@en ;    rdfs:comment "A continuous, measurable quantity in which events occur in a sequence proceeding from the past through the present to the future"@en.ont:Time1 a ont:Time ;    ont:hasHour "5"^xsd:int .```
Design an ontology to encompass {noun}.		Design an ontology to encompass Hour.	An ontology for "Hour" would look like this:Concept: Time MeasurementSub-Concepts: Hour1. Attributes:   - Duration: represented in minutes   - Part of: Day   - Divided into: Minutes, Seconds   - Conversion factors: To minutes, to seconds, to milliseconds2. Relations:   - Is part of: A relation to the higher unit "Day"   - Has part: A relation to the lower units "Minutes" and "Seconds"3. Functions:   - Convert to minutes   - Convert to seconds   - Convert to milliseconds4. Instances:   - 1st Hour of the day, 2nd Hour of the day, 3rd Hour of the day, and so on up to 24th Hour of the day.5. Applications:   - Time measurement,   - Scheduling,   - Chronological record keeping.This ontology can be expanded based on the specific use case, such as by associating specific activities or events with particular hours of the day.
Design an ontology to encompass {noun}.	 Provide it in valid Turtle/RDF format, excluding any extra text.	Design an ontology to encompass Hour. Provide it in valid Turtle/RDF format, excluding any extra text.	```turtle@prefix rdf: <http://www.w3.org/1999/02/22-rdf-syntax-ns#> .@prefix rdfs: <http://www.w3.org/2000/01/rdf-schema#> .@prefix xsd: <http://www.w3.org/2001/XMLSchema#> .@prefix owl: <http://www.w3.org/2002/07/owl#> .@prefix o: <http://www.example.org/ontology#> .o:Hour rdf:type owl:Class ;  rdfs:label "Hour"@en ;  rdfs:comment "Unit of time equivalent to 60 minutes or 3600 seconds"@en ;  rdfs:subClassOf o:TimeUnit .o:minute rdf:type owl:Class ;  rdfs:label "Minute"@en ;  rdfs:comment "Unit of time. 60 minutes make 1 hour"@en ;  rdfs:subClassOf o:TimeUnit .o:second rdf:type owl:Class ;  rdfs:label "Second"@en ;  rdfs:comment "Unit of time. 3600 seconds make 1 hour"@en ;  rdfs:subClassOf o:TimeUnit .o:hasHour rdf:type owl:DatatypeProperty ;  rdfs:label "hasHour"@en ;  rdfs:comment "Relates something to a specific hour count"@en ;  rdfs:domain o:Measure ;  rdfs:range xsd:integer .o:hasMinute rdf:type owl:DatatypeProperty ;  rdfs:label "hasMinute"@en ;  rdfs:comment "Relates something to a specific minute count"@en ;  rdfs:domain o:Measure ;  rdfs:range xsd:integer .o:hasSecond rdf:type owl:DatatypeProperty ;  rdfs:label "hasSecond"@en ;  rdfs:comment "Relates something to a specific second count"@en ;  rdfs:domain o:Measure ;  rdfs:range xsd:integer .o:Measure rdf:type owl:Class ;  rdfs:label "Measure"@en ;  rdfs:comment "Measurement of certain quantity"@en .```
Generate an ontology that covers {noun}.		Generate an ontology that covers Hour.	Class: TimeMeasurement    SubClass: Hour        Description: A unit of time equal to 60 minutes or 3600 seconds.                    ObjectProperty: ConvertedInto                Range: Minute, Second                Description: The process or formula to convert an hour into a specified time measurement.                        ObjectProperty: ComposedOf                Range: Minute, Second                Description: Time units that make up an hour.                            ObjectProperty: UsedIn                Range: TimeKeeping, Scheduling, DailyActivities, Broadcasting, Transportation                Description: The fields or areas where an hour as a unit of time is commonly used.    SubClass: Minute        Description: A unit of time equal to 60 seconds or 1/60 of an hour.    SubClass: Second        Description: The basic unit of time adopted under the International System of Units.Class: TimeKeeping    SubClass: Clocks        Description: A device for measuring and indicating time, traditionally by means of pointers moving over a dial.    SubClass: Calendars        Description: A system of organizing days for social, religious, commercial, or administrative purposes.        Class: Scheduling    SubClass: SchoolSchedules        Description: The organization of time for the school day, including the sequence and duration of class periods.    SubClass: WorkSchedules        Description: The designated time period for working in a job or profession.Class: Transportation    SubClass: TrainSchedules        Description: The published timetable of railway services.    SubClass: FlightSchedules        Description: Information about the flight times and frequency of airlines operating from a particular airport.Class: Broadcasting    SubClass: TelevisionPrograms        Description: A scheduled content that is broadcast on television.    SubClass: RadioPrograms        Description: A segment of content that is broadcast on radio stations. Class: DailyActivities    SubClass: Eating        Description: The process of consuming food for nutrition.    SubClass: Sleeping        Description: The condition of the body and mind that typically recurs for several hours every night.            SubClass: Working        Description: The act of performing professional duties and responsibilities.     SubClass: Leisure        Description: The time when one is not working or occupied, free time.
Generate an ontology that covers {noun}.	 Provide it in valid Turtle/RDF format, excluding any extra text.	Generate an ontology that covers Hour. Provide it in valid Turtle/RDF format, excluding any extra text.	@prefix rdf: <http://www.w3.org/1999/02/22-rdf-syntax-ns#> .@prefix rdfs: <http://www.w3.org/2000/01/rdf-schema#> .@prefix owl: <http://www.w3.org/2002/07/owl#> .@prefix xsd: <http://www.w3.org/2001/XMLSchema#> .@prefix time: <http://www.w3.org/2006/time#> .<http://www.example.org/hour>  rdf:type owl:Class ;  rdfs:label "Hour"@en ;  rdfs:comment "A unit of time that is equal to 60 minutes or 1/24 of a day"@en ;  rdfs:subClassOf time:TemporalUnit ;  owl:equivalentClass time:Hour .time:hasTemporalDuration  rdf:type owl:ObjectProperty ;  rdfs:domain time:TemporalEntity ;  rdfs:range time:Duration ;  rdfs:label "has temporal duration"@en ;  rdfs:comment "Relates a temporal entity to its temporal duration"@en .time:Duration  rdf:type owl:Class ;  rdfs:label "Duration"@en ;  rdfs:comment "An extended period of time"@en ;  rdfs:subClassOf rdf:Property ;  owl:equivalentClass xsd:duration .<http://www.example.org/hourOfDay>  rdf:type owl:ObjectProperty ;  rdfs:label "hour of day"@en ;  rdfs:comment "The specific hour of the day, relating to a time point or event"@en ;  rdfs:domain time:TemporalEntity ;  rdfs:range <http://www.example.org/hour> .
Produce an ontology specifically for {noun}.		Produce an ontology specifically for Hour.	1. Hour:    - Description: A unit of time equal to 60 minutes or 3600 seconds.    - Properties:         - Is part of: Time Measurement        - Subunits: Minutes, Seconds        - Conversion Units: Days, Weeks, Months, Years    - Related Concepts:         - Time        - Clock        - Calendar        - Schedule        - Time Zone    - Instances:         - Working Hour        - Lunch Hour        - Golden Hour        - Rush Hour    - Functions:         - Time Measurement        - Scheduling        - Planning    - Attributes:         - Length (60 minutes or 3600 seconds)        - Fixed (does not change)        - Divisible (can be broken into smaller units)    - Symbols/Representations:         - h or hr    - Cultural Associations:        - concept of time urgency/importance in different cultures        - concept of work hours in different cultures    - Historical Changes:        - concept of time before the invention of clocks        - change in the length of the working hour over history        - impact of daylight saving time.
Produce an ontology specifically for {noun}.	 Provide it in valid Turtle/RDF format, excluding any extra text.	Produce an ontology specifically for Hour. Provide it in valid Turtle/RDF format, excluding any extra text.	@prefix rdf: <http://www.w3.org/1999/02/22-rdf-syntax-ns#> .@prefix rdfs: <http://www.w3.org/2000/01/rdf-schema#> .@prefix xsd: <http://www.w3.org/2001/XMLSchema#> .@prefix owl: <http://www.w3.org/2002/07/owl#> .@prefix time: <http://www.w3.org/2006/time#> .<#Hour> a rdfs:Class ;    rdfs:label "Hour" ;    rdfs:subClassOf time:TemporalUnit ;    rdfs:comment "An unit of time equal to 60 minutes or 1/24 of a day"@en .<#Minute> a rdfs:Class ;    rdfs:label "Minute" ;    rdfs:subClassOf time:TemporalUnit ;    rdfs:comment "An unit of time equal to 60 seconds or 1/60 of an hour"@en .<#HasMinutes> a owl:ObjectProperty ;    rdfs:label "Has Minutes" ;    rdfs:domain <#Hour> ;    rdfs:range <#Minute> ;    rdfs:comment "Relates an hour to the minutes it contains"@en .<#IsPartOf> a owl:ObjectProperty ;    rdfs:label "Is Part Of" ;    rdfs:domain <#Hour> ;    rdfs:range time:TemporalEntity ;    rdfs:comment "Relates an hour to the larger temporal entity it is part of"@en .
Compose an ontology to represent {noun}.		Compose an ontology to represent Hour.	Class: HourSubclass of: Unit of TimeProperties: - hasMinutes (range: integer [0-59])- hasSeconds (range: integer [0-59])Individuals:- 1am, 2am, ... 12pm, 1pm, ... 12am (each with properties hasMinutes and hasSeconds)Relationships:- PrecededBy (domain: Hour, range: Hour)- FollowedBy (domain: Hour, range: Hour)  This ontology represents the concept of an hour as a unit of time, with 60 possible minutes and 60 possible seconds. There are 24 individuals, representing each hour of the day, and they are interconnected by relationships representing the sequential order of hours.
Compose an ontology to represent {noun}.	 Provide it in valid Turtle/RDF format, excluding any extra text.	Compose an ontology to represent Hour. Provide it in valid Turtle/RDF format, excluding any extra text.	```turtle@prefix rdf: <http://www.w3.org/1999/02/22-rdf-syntax-ns#> .@prefix rdfs: <http://www.w3.org/2000/01/rdf-schema#> .@prefix xsd: <http://www.w3.org/2001/XMLSchema#> .@prefix time: <http://www.w3.org/2006/time#> .@prefix ex: <http://example.org/time#> .ex:Hour a rdfs:Class ;    rdfs:subClassOf time:TemporalUnit ;    rdfs:label "Hour"@en ;    rdfs:comment "Unit of time, 1/24 of a day."@en .ex:hasHour a rdf:Property ;    rdfs:domain time:TemporalEntity ;    rdfs:range ex:Hour ;    rdfs:label "has hour"@en ;    rdfs:comment "The property indicates the hour component of a temporal entity."@en .ex:TimePoint a rdfs:Class ;    rdfs:subClassOf time:TemporalEntity ;    rdfs:label "TimePoint"@en ;    rdfs:comment "A point in time, represented with hours."@en .ex:myTimePoint a ex:TimePoint ;    ex:hasHour "12"^^xsd:integer .```
Make an ontology that pertains to {noun}.		Make an ontology that pertains to Hour.	1. Ontology Header: HourSub-Concepts:- 24-Hours: Represents a full day or 24 periods of an hour each.- Hourhand: The pointer on a clock that indicates the hour.- 12-Hour Clock: A time conversion system that divides the day into two periods lasting 12 hours each. - Quarter Hour: Represents a period of 15 minutes or a quarter of an hour. - Hourglass: An ancient timekeeping device that measures time in hours.- Zodiac Hour: A system of dividing the day into 24 equal periods as in Chinese traditional timekeeping.- Midnight Hour: It indicates the beginning of a new day, set at 12.00 am.- Rush Hour: The part of the day when traffic congestion is highest.- Happy Hour: A certain period in the day when some bars and restaurants offer drinks at reduced prices.- Hourly Wage: A rate an employee is paid for each hour of work.Relations:- Hour is a unit of "Time"- 24-Hours is equivalent to "1 Day"- Hourhand "Indicates" Hour - 12-Hour Clock "Uses" Hour- Quarter Hour is "Part of" Hour- Hourglass "Measures" Hour- Zodiac Hour is a "Type of" Hour- Midnight Hour is "Start of" Day- Rush Hour is "Characterized by" high traffic- Happy Hour is "Promotional time" in bars and restaurants- Hourly Wage is "Paid for" Hours Worked
Make an ontology that pertains to {noun}.	 Provide it in valid Turtle/RDF format, excluding any extra text.	Make an ontology that pertains to Hour. Provide it in valid Turtle/RDF format, excluding any extra text.	@prefix ex: <http://example.com/> .@prefix rdf: <http://www.w3.org/1999/02/22-rdf-syntax-ns#> .@prefix rdfs: <http://www.w3.org/2000/01/rdf-schema#> .ex:Hour rdf:type rdfs:Class .ex:TwelveHourClock rdf:type rdfs:Class ;    rdfs:subClassOf ex:Hour .ex:TwentyFourHourClock rdf:type rdfs:Class ;    rdfs:subClassOf ex:Hour .ex:hasHour rdf:type rdf:Property ;    rdfs:range ex:Hour .ex:TimePeriod rdf:type rdfs:Class ;    rdfs:subClassOf rdf:Property ;    rdfs:domain ex:TwelveHourClock ;    rdfs:range ex:TwentyFourHourClock .ex:startTime rdf:type rdf:Property ;    rdfs:domain ex:Hour ;    rdfs:range ex:TimePeriod .ex:endTime rdf:type rdf:Property ;    rdfs:domain ex:Hour ;    rdfs:range ex:TimePeriod .ex:isPartOfDay rdf:type rdf:Property ;    rdfs:domain ex:Hour ;    rdfs:range ex:Day .ex:Day rdf:type rdfs:Class .ex:Minute rdf:type rdfs:Class ;    rdfs:subClassOf ex:Hour . ex:Second rdf:type rdfs:Class ;    rdfs:subClassOf ex:Minute .    ex:hasMinute rdf:type rdf:Property ;    rdfs:domain ex:Hour ;    rdfs:range ex:Minute .    ex:hasSecond rdf:type rdf:Property ;    rdfs:domain ex:Minute ;    rdfs:range ex:Second .
Develop an ontology dedicated to the following: {noun}.		Develop an ontology dedicated to the following: Hour.	Ontology Name: Hour OntologyClasses:1. Hour2. Minute3. Second4. Time Zone5. Day6. Week7. Month8. Year9. DaylightSavingProperties:1. hasMinutes (Hour has many Minutes)2. hasSeconds (Minute has many Seconds)3. isInTimeZone (Hour is in Time Zone)4. isInDay (Hour is in Day)5. isInWeek (Day is in Week)6. isInMonth (Week is in Month)7. isInYear (Month is in Year)8. followsDaylightSaving (TimeZone follows Daylight Saving)Subclasses:1. AM (subclass of Hour)2. PM (subclass of Hour)Instances: 1. Hour as 01 to 242. Minute as 00 to 593. Second as 00 to 594. Day as Monday to Sunday5. Week as Week 1 to Week 52 / Week 536. Month as January to December7. Year as YYYY format8. DaylightSaving as Summer Time and Winter TimeRelations: 1. Hour to Minute (One-to-Many)2. Minute to Second (One-to-Many)3. Time Zone to Hour (One-to-Many)4. Day to Hour (One-to-Many)5. Week to Day (One-to-Many)6. Month to Week (One-to-Many)7. Year to Month (One-to-Many)8. TimeZone to DaylightSaving (One-to-One)Constraints: 1. Each hour must have 60 minutes.2. Each minute must contain 60 seconds.3. Each day must have 24 hours.4. Each week should have 7 days.5. Months contain weeks varying from 4 to 5.6. Each year should have 12 months.7. Daylight Saving only applies to certain time zones. This is a preliminary ontology and can be expanded or modified based on the specificity of the domain and requirements.
Develop an ontology dedicated to the following: {noun}.	 Provide it in valid Turtle/RDF format, excluding any extra text.	Develop an ontology dedicated to the following: Hour. Provide it in valid Turtle/RDF format, excluding any extra text.	@prefix rdf: <http://www.w3.org/1999/02/22-rdf-syntax-ns#> .@prefix rdfs: <http://www.w3.org/2000/01/rdf-schema#> .@prefix owl: <http://www.w3.org/2002/07/owl#> .@prefix xsd: <http://www.w3.org/2001/XMLSchema#> .@prefix hour: <http://www.semanticweb.org/ontologies/hour#> .hour: a owl:Ontology ;  rdfs:comment "An ontology dedicated to the Hour concept."@en ;  rdfs:label "Hour Ontology"@en .hour:Hour a rdfs:Class ;  rdfs:label "Hour"@en ;  rdfs:comment "A unit of time equal to 60 minutes or 1/24th of a day."@en .hour:hasMinutes a rdf:Property ;  rdfs:label "has minutes"@en ;  rdfs:comment "The specific number of minutes an hour has."@en ;  rdfs:domain hour:Hour ;  rdfs:range xsd:integer .hour:isPartOfDay a rdf:Property ;  rdfs:label "is part of day"@en ;  rdfs:comment "The specific part of the day an hour belongs to (morning, afternoon, evening, night)."@en ;  rdfs:domain hour:Hour ;  rdfs:range rdfs:Literal .hour:isInTimeZone a rdf:Property ;  rdfs:label "is in time zone"@en ;  rdfs:comment "The specific time zone an hour belongs to (e.g., EST, PST, CET)."@en ;  rdfs:domain hour:Hour ;  rdfs:range rdfs:Literal .
Construct an ontology focused on the following: {noun}.		Construct an ontology focused on the following: Hour.	Ontology for HOUR:1. Concept: Hour   Properties:    - Duration   - Part of Day   - Decimal Equivalent   - Military Time2. Concepts related to Hour:     - Minute     - Second     - Day     - Week     - Month     - Year3. Domain Specific Concepts:     - Business Hours     - School Hours     - Off-peak hours     - Rush Hour4. International Application:     - Time Zone     - Coordinated Universal Time (UTC)     - Daylight Saving Time5. Concepts relating to the measurement of Time:     - Clock     - Stopwatch     - Timer     6. Historical Concepts:     - Sundial     - Hourglass     - Water clock7. Concepts relating to the perception of Time:     - Time illusion     - Time dilation     - Time perception 8. Action-based Concepts:     - Hour spent     - Hour saved     - Hour wasted9. Event-based Concepts:     - Hour of sunrise     - Hour of sunset     - Hourly events10. Abstract Concepts:     - Golden Hour     - Happy Hour     - Peak hour     - Longest hour11. Perception of Hour:     - Fast hour     - Slow hour     - Busy hour     - Idle hour
Construct an ontology focused on the following: {noun}.	 Provide it in valid Turtle/RDF format, excluding any extra text.	Construct an ontology focused on the following: Hour. Provide it in valid Turtle/RDF format, excluding any extra text.	```@prefix rdf: <http://www.w3.org/1999/02/22-rdf-syntax-ns#> .@prefix rdfs: <http://www.w3.org/2000/01/rdf-schema#> .@prefix xsd: <http://www.w3.org/2001/XMLSchema#> .@prefix time: <http://purl.org/NET/c4dm/timeline.owl#> .@prefix onto: <http://www.ontologyexample.org/hour#> .time:Instant rdfs:subClassOf time:Timeline .onto:Hour rdf:type rdfs:Class ;    rdfs:subClassOf time:Instant ;    rdfs:comment "An hour is a unit of time equal to 60 minutes" ;    rdfs:label "Hour" .onto:hasNumberOfMinutes rdf:type rdf:Property ;    rdfs:domain onto:Hour ;    rdfs:range xsd:integer ;    rdfs:comment "The property that describes the number of minutes in an hour" ;    rdfs:label "has number of minutes" .onto:startTime rdf:type rdf:Property ;    rdfs:domain onto:Hour ;    rdfs:range time:Instant ;    rdfs:comment "The property that represents the start time of the hour" ;    rdfs:label "start time" .onto:endTime rdf:type rdf:Property ;    rdfs:domain onto:Hour ;    rdfs:range time:Instant ;    rdfs:comment "The property that represents the end time of the hour" ;    rdfs:label "end time" .```This is a simple ontology model that emphasizes on an hour as unit of time. An "Hour" is defined as a Kind of "Instant" on the Timeline. Each "Hour" has a start time and end time. It also has a property to define the number of minutes within that particular hour.
Build an ontology surrounding the concept of the following: {noun}.		Build an ontology surrounding the concept of the following: Hour.	1. Hour (superclass - Measurement Units)   1.1 Description (subclass)       - 1.1.1 Duration of 60 minutes      - 1.1.2 Used in clock time to determine part of the day   1.2 Attributes (subclass)      - 1.2.1 Hour of the day      - 1.2.2 Business hours      - 1.2.3 School hours      - 1.2.4 Opening hours      - 1.2.5 Peak hours      - 1.2.6 Off-peak hours      - 1.2.7 Happy hours   1.3 Related Units (subclass)      - 1.3.1 Minute      - 1.3.2 Second      - 1.3.3 Day      - 1.3.4 Week      - 1.3.5 Month      - 1.3.6 Year    1.4 Use Cases (subclass)      - 1.4.1 To determine part of the day      - 1.4.2 To establish work or business hours      - 1.4.3 To measure time duration      - 1.4.4 To schedule activities or events      - 1.4.5 To create timetables or schedules      - 1.4.6 In scientific experiments   1.5 Standards (subclass)      - 1.5.1 24-hour clock      - 1.5.2 12-hour clock   1.6 Regions (subclass)      - 1.6.1 Different time zones 2. Interactions with Other Concepts (superclass)  2.1 Temporal Concepts (subclass)     - 2.1.1 Past     - 2.1.2 Present     - 2.1.3 Future  2.2 Schedule (subclass)    - 2.2.1 Event    - 2.2.2 Appointment    - 2.2.3 Task  2.3 Daily Life Concepts (subclass)     - 2.3.1 Eating     - 2.3.2 Sleeping     - 2.3.3 Working     - 2.3.4 Leisure activities
Build an ontology surrounding the concept of the following: {noun}.	 Provide it in valid Turtle/RDF format, excluding any extra text.	Build an ontology surrounding the concept of the following: Hour. Provide it in valid Turtle/RDF format, excluding any extra text.	@prefix rdf: <http://www.w3.org/1999/02/22-rdf-syntax-ns#> .@prefix rdfs: <http://www.w3.org/2000/01/rdf-schema#> .@prefix xsd: <http://www.w3.org/2001/XMLSchema#> .@prefix owl: <http://www.w3.org/2002/07/owl#> .@prefix timeOntology: <http://www.example.org/ontologies/time#> .timeOntology:Hour rdf:type owl:Class ;                 rdfs:subClassOf timeOntology:Time ;timeOntology:hasMinutes rdf:type owl:DatatypeProperty ;                        rdfs:domain timeOntology:Hour ;                        rdfs:range xsd:integer ;                        rdfs:comment "The length of an hour in minutes"@en .timeOntology:isPartOf rdf:type owl:ObjectProperty ;                      rdfs:domain timeOntology:Hour ;                      rdfs:range timeOntology:Day ;                      rdfs:comment "An hour is part of a day"@en .timeOntology:Day rdf:type owl:Class ;                 rdfs:subClassOf timeOntology:Time ;timeOntology:Time rdf:type owl:Class ;                  rdfs:comment "A measure indicating the duration of an event"@en .timeOntology:TimePeriod rdf:type owl:Class ;                       owl:equivalentClass timeOntology:Hour ;                       rdfs:comment "A time period equivalent to an hour"@en .
Formulate an ontology related to  the following: {noun}.		Formulate an ontology related to  the following: Hour.	1. Concept: Hour   Attributes: Seconds, Minutes, Daytime, Nighttime2. Relationships:    - Contains: An Hour contains 60 minutes, 3600 seconds.   - Is part of: An Hour is part of Day and Night.   - Follows: An Hour follows the previous hour and precedes the next hour. 3. Instances:     - Hour 1, Hour 2, Hour 3 etc., up to Hour 244. Sub-Concepts:     - Business Hour: The period during a day when business is conducted, typically from 9 am to 5 pm.      - After-Hours: The time period that is outside of the core working hours.     - Peak-Hours: The time during a day when there is maximum congestion or usage, often on roads, in electricity supply networks, and in other public utilities.     - Happy-Hour: A period of the day when drinks are sold at reduced prices in a bar or restaurant.     5. Properties:     - Exactness: An Hour has a fixed and precise time frame     - Measurement: An Hour is a unit of time used globally6. Functions:      - Time Keeping: Hours are used to measure time and schedule tasks.     - Event planning: Hours are used to plan events or meetings.     - Billing: Services are often billed on an hourly basis.7. Constraints:     - An Hour cannot have more than 60 minutes or less than 60 minutes. It is a fixed time measurement.     8. Axioms:     - An hour equals to 60 minutes.      - A day is consisted of 24 hours. 
Formulate an ontology related to  the following: {noun}.	 Provide it in valid Turtle/RDF format, excluding any extra text.	Formulate an ontology related to  the following: Hour. Provide it in valid Turtle/RDF format, excluding any extra text.	```@prefix rdf: <http://www.w3.org/1999/02/22-rdf-syntax-ns#> .@prefix rdfs: <http://www.w3.org/2000/01/rdf-schema#> .@prefix owl: <http://www.w3.org/2002/07/owl#> .@prefix xsd: <http://www.w3.org/2001/XMLSchema#> .@prefix unit: <http://qudt.org/vocab/unit#> .@prefix time: <http://www.w3.org/2006/time#> .unit:Hour rdf:type owl:Class ;  rdfs:label "Hour"@en ;  rdfs:subClassOf time:TemporalUnit ;  rdfs:comment "Unit of temporal measurement"@en .time:hours rdf:type owl:DatatypeProperty ;  rdfs:label "hours"@en ;  rdfs:domain time:TemporalEntity ;  rdfs:range xsd:decimal ;  rdfs:comment "Property to denote time in hours"@en .time:TemporalEntity rdf:type owl:Class ;  rdfs:label "Temporal Entity"@en ;  rdfs:comment "Entity that exists in time or has temporal properties"@en .```
Establish an ontology based on the following: {noun}.		Establish an ontology based on the following: Hour.	An ontology for the concept of an "Hour" could be as follows:1. Concept: Hour    - Definition: A unit of time equal to 60 minutes or 1/24 of a day.    2. Properties of Hour    - Has Minutes: An hour consists of 60 minutes.    - Part of Day: An hour is 1/24th of a day.    - Part of Time: An hour is a unit used to measure time.3. Related Concepts   - Second: Smaller unit of time, 3600 seconds make an hour.   - Minute: Smaller unit of time, 60 minutes make an hour.   - Day: Larger unit of time, 24 hours constitute a day.   - Week: Larger unit of time, composed of 168 hours.   - Month: Larger unit of time, approximately 730 hours.   - Year: Larger unit of time, approximately 8,760 hours.4. Functions   - Measure Time: An hour is used to measure time.   - Schedule Activities: Hours are used to schedule and plan daily activities.   - Indicate Duration: Hours can indicate the length or duration of events or activities.5. Concepts related to cultural or societal norms     - Business Hours: The hours during a day in which business is commonly conducted.      - Rush Hour: A part of the day during which traffic congestion on roads and crowding on public transport is at its highest.     - Happy Hour: A period of the day when drinks are sold at reduced prices in bars or restaurants.6. References in Popular Culture     - Witching Hour: The time of day when supernatural creatures such as witches, demons, and ghosts are thought to appear and be at their most powerful.     - Hourglass: A device used to measure the passage of an hour.     - "The Hours": A Pulitzer Prize-winning novel by Michael Cunningham.
Establish an ontology based on the following: {noun}.	 Provide it in valid Turtle/RDF format, excluding any extra text.	Establish an ontology based on the following: Hour. Provide it in valid Turtle/RDF format, excluding any extra text.	@prefix rdf: <http://www.w3.org/1999/02/22-rdf-syntax-ns#> .@prefix rdfs: <http://www.w3.org/2000/01/rdf-schema#> .@prefix xsd: <http://www.w3.org/2001/XMLSchema#> .@prefix onto: <http://example.com/ontology#> .onto:Minute a rdfs:Class ;  rdfs:comment "A class representing minute as a unit of time." .onto:Hour a rdfs:Class ;  rdfs:comment "A class representing hour as a unit of time." ;  rdfs:subClassOf onto:Minute.onto:hasMinutes a rdf:Property ;  rdfs:domain onto:Hour ;  rdfs:range xsd:int ;  rdfs:comment "Property showing how many minutes an hour has." .onto:12PM onto:hasMinutes "60"^^xsd:int.
Design an ontology to encompass the following: {noun}.		Design an ontology to encompass the following: Hour.	An ontology for the concept of "Hour" would typically involve related concepts and attributes along with their relationships. Here is an example:1. Concept: Hour   - Attributes: Minutes (60), Seconds (3600), Part of (Day), Length (1/24 of a day)   - Relationships:     - Is Part Of: Day     - Divided Into: Minutes, Seconds     - Next Unit: Minute     - Previous Unit: Day2. Concept: Day  - Attributes: Hours (24), Minutes (1440), Seconds (86400), Part of (Week)  - Relationships:    - Divided Into: Hours, Minutes, Seconds    - Next Unit: Hour    - Previous Unit: Week3. Concept: Minute   - Attributes: Seconds (60), Fraction of (Hour)   - Relationships:     - Is Part Of: Hour     - Divided Into: Seconds     - Next Unit: Second     - Previous Unit: Hour4. Concept: Second  - Attributes: Fraction of (Minute, Hour)  - Relationships:    - Is Part Of: Minute, Hour    - Previous Unit: Minute5. Concept: Week   - Attributes: Days (7)   - Relationships:     - Divided Into: Days     - Next Unit: DayThis ontology allows for the understanding and conceptualization of what an Hour entails in terms of smaller units (minutes and seconds) and how it relates to larger units (Day, Week). It defines the relationships of the Hour as well as its attributes. By doing this, we can help define complexities within a certain system â€“ in this case, the system of time.
Design an ontology to encompass the following: {noun}.	 Provide it in valid Turtle/RDF format, excluding any extra text.	Design an ontology to encompass the following: Hour. Provide it in valid Turtle/RDF format, excluding any extra text.	@prefix xsd: <http://www.w3.org/2001/XMLSchema#> .@prefix owl: <http://www.w3.org/2002/07/owl#> .@prefix rdfs: <http://www.w3.org/2000/01/rdf-schema#> .@prefix time: <http://www.w3.org/2006/time#> .time:Hour a rdfs:Class ;      rdfs:label "Hour" ;      rdfs:subClassOf time:TemporalUnit ;      rdfs:comment "A unit of measure of time, specifically 60 minutes or 1/24 of a day." .time:hasHour a owl:ObjectProperty ;      rdfs:label "has hour" ;      rdfs:domain time:TemporalEntity ;      rdfs:range time:Hour ;      rdfs:comment "Relates a temporal entity to an hour." .      time:hourValue a owl:DatatypeProperty ;      rdfs:label "hour value" ;      rdfs:domain time:Hour ;      rdfs:range xsd:integer ;      rdfs:comment "The numeric value of an hour." .
Generate an ontology that covers the following: {noun}.		Generate an ontology that covers the following: Hour.	Ontology: Time1. Class: Hour   - Subclass: Working Hour       - Attributes: Start time, End time       - Relationship: Is part of Day   - Subclass: Non-working Hour       - Attributes: Start time, End time       - Relationship: Is part of Day   - Attributes: Minutes (60)   - Relationship: Is part of Time2. Class: Minute   - Subclass: Second       - Attributes: Number of seconds (60)   - Attributes: Number of minutes (60)   - Relationship: Is part of Hour  3. Class: Day   - Subclass: Working Day      - Attributes: Number of working hours      - Relationship: Contains Working Hour   - Subclass: Non-working Day      - Attributes: Number of non-working hours      - Relationship: Contains Non-working Hour   - Attributes: Hours (24), Weekday, Weekend   - Relationship: Contains Hour4. Class: Week   - Attributes: Days (7)   - Relationship: Contains Day5. Class: Month   - Attributes: Weeks, Days   - Relationship: Contains Week, Contains Day6. Class: Year   - Attributes: Months (12)   - Relationship: Contains Month7. Class: Time   - Attributes: Present, Past, Future   - Relationship: Contains Hour, Minute, Second, Day, Week, Month, Year8. Class: Second   - Attributes: Number of seconds (60)   - Relationship: Is part of Minute.
Generate an ontology that covers the following: {noun}.	 Provide it in valid Turtle/RDF format, excluding any extra text.	Generate an ontology that covers the following: Hour. Provide it in valid Turtle/RDF format, excluding any extra text.	@prefix rdf: <http://www.w3.org/1999/02/22-rdf-syntax-ns#> .@prefix rdfs: <http://www.w3.org/2000/01/rdf-schema#> .@prefix xsd: <http://www.w3.org/2001/XMLSchema#> .@prefix ex: <http://example.com/> .ex:Hour    rdf:type rdfs:Class ;    rdfs:comment "A unit of time equal to 60 minutes."@en ;    rdfs:label "Hour"@en .ex:minute    rdf:type rdfs:Class ;    rdfs:subClassOf ex:Hour ;    rdfs:label "Minute"@en ;    rdfs:comment "A unit of time equal to 60 seconds."@en .ex:second    rdf:type rdfs:Class ;    rdfs:subClassOf ex:minute ;    rdfs:label "Second"@en ;    rdfs:comment "A base unit of time in the International System of Units."@en .ex:timePeriod    rdf:type rdfs:Property ;    rdfs:comment "The period in which an event occurs."@en ;    rdfs:domain ex:Event ;    rdfs:range ex:Hour . ex:Event    rdf:type rdfs:Class ;    rdfs:label "Event"@en ;    rdfs:comment "Anything that happens or could occur, within a certain period of time."@en .
Produce an ontology specifically for the following: {noun}.		Produce an ontology specifically for the following: Hour.	1. Hour:   - Definition: A unit of time equal to 60 minutes, usually used to measure the duration of events or the intervals between them.   - Properties:       - Is a unit of: Time.      - Is less than: Day.      - Is more than: Minute.      - Can be measured in: Seconds, minutes.      - Can be part of: Work hours, leisure hours, sleeping hours, etc.   - Types of hour:       - 12-Hour clock (AM or PM).      - 24-Hour clock (military time).   - Related concepts:       - Calendar.      - Schedule.      - Timestamp.      - Timezone.      - Morning, afternoon, evening, night.2. Morning Hour:   - Definition: The period of time from sunrise to noon.    - Properties:       - Is a part of: Day.      - Is a type of: Hour.      - Occurs in: Morning.   3. Afternoon Hour:   - Definition: The period of time from noon to evening.    - Properties:       - Is a part of: Day.      - Is a type of: Hour.      - Occurs in: Afternoon.4. Evening Hour:   - Definition: The period of time from sunset to night.    - Properties:       - Is a part of: Day.      - Is a type of: Hour.      - Occurs in: Evening.5. Night Hour:   - Definition: The period of time from nightfall to sunrise.    - Properties:       - Is a part of: Night.      - Is a type of: Hour.      - Occurs in: Night.6. Working Hour:   - Definition:  The period of time during which one is at work.   - Properties:       - Is a type of: Hour.      - Occurs in: Workplaces.      - Related concepts: Shifts, break time, overtime.7. Leisure Hour:   - Definition: The period of time during which one is at leisure, not engaged in work   - Properties:       - Is a type of: Hour.      - Occurs in: Personal time.      - Related concepts: Relaxation, hobbies, free time.   8. Sleeping Hour:   - Definition: The period of time during which one is asleep.    - Properties:       - Is a type of: Hour.      - Occurs in: Night, sleeping schedule.      - Related concepts: Sleep cycle, dreams, insomnia.9. Rush Hour:   - Definition: A time during each day at which traffic is at its heaviest.    - Properties:       - Is a type of: Hour.      - Occurs in: Traffic, daily commute.      - Related concepts: Traffic, commuting, public transportation.   10. Golden Hour:    - Definition: The period of daytime shortly after sunrise or before sunset, during which daylight is redder and softer than when the Sun is higher in the sky.    - Properties:       - Is a type of: Hour.      - Occurs in: Sunrise, sunset.      - Related concepts: Photography, sunlight, daylight.   These are all various types of hours, each having their own definition, properties, and related concepts.
Produce an ontology specifically for the following: {noun}.	 Provide it in valid Turtle/RDF format, excluding any extra text.	Produce an ontology specifically for the following: Hour. Provide it in valid Turtle/RDF format, excluding any extra text.	@prefix : <http://example.org/hoursOntology#> .@prefix rdf: <http://www.w3.org/1999/02/22-rdf-syntax-ns#> .@prefix rdfs: <http://www.w3.org/2000/01/rdf-schema#> .@prefix owl: <http://www.w3.org/2002/07/owl#> .@prefix xsd: <http://www.w3.org/2001/XMLSchema#> .: a owl:Ontology ;    rdfs:comment "An ontology describing hours in a day"@en .:Hour rdf:type rdfs:Class ;    rdfs:comment "Represents an hour in a day"@en ;    rdfs:subClassOf rdfs:Resource .:hasNumber rdf:type rdf:Property ;    rdfs:comment "Property representing the numerical value of the hour"@en ;    rdfs:domain :Hour ;    rdfs:range xsd:int .:isPartOfDay rdf:type rdf:Property ;    rdfs:comment "Property indicating what part of the day an hour belongs to. Can be: Morning, Afternoon, Evening, Night"@en ;    rdfs:domain :Hour ;    rdfs:range :PartOfDay .:PartOfDay rdf:type rdfs:Class ;    rdfs:comment "Represents a part of the day. Can be: Morning, Afternoon, Evening, Night"@en ;    rdfs:subClassOf rdfs:Resource .:Morning rdf:type :PartOfDay ;    rdfs:comment "The morning part of the day"@en .:Afternoon rdf:type :PartOfDay ;    rdfs:comment "The afternoon part of the day"@en .:Evening rdf:type :PartOfDay ;    rdfs:comment "The evening part of the day"@en .:Night rdf:type :PartOfDay ;    rdfs:comment "The night part of the day"@en .
Compose an ontology to represent the following: {noun}.		Compose an ontology to represent the following: Hour.	1. Class: Time   - Subclass: Hour     - Property: Starts_From       - Description: Marks the starting time of the hour.       - Value: Time     - Property: Ends_At       - Description: Marks the ending of the hour.       - Value: Time2. Class: Duration   - Subclass: Hour     - Property: Length       - Description: Length of the hour.       - Value: 60 Minutes3. Class: Unit_Of_Time    - Subclass: Hour     - Property: Fraction_Of_Day       - Description: States how much of a day an hour is.       - Value: 1/244. Class: Period_Of_Time   - Subclass: Hour      - Property: Constitute_Day        - Description: Describes how many hours constitute a day.        - Value: 24Each of these classes are interrelated. An "Hour" is a "Unit_Of_Time", it is also a period of time ("Period_Of_Time") which has a duration ("Duration") and is a part of the larger time cycle- 'Day'. It is also a segment of the overall "Time" class.
Compose an ontology to represent the following: {noun}.	 Provide it in valid Turtle/RDF format, excluding any extra text.	Compose an ontology to represent the following: Hour. Provide it in valid Turtle/RDF format, excluding any extra text.	@prefix rdf: <http://www.w3.org/1999/02/22-rdf-syntax-ns#> .@prefix rdfs: <http://www.w3.org/2000/01/rdf-schema#> .@prefix owl: <http://www.w3.org/2002/07/owl#> .@prefix xsd: <http://www.w3.org/2001/XMLSchema#> .@prefix time: <http://www.w3.org/2006/time#> .time:Hour a rdfs:Class ;    rdfs:label "Hour" ;    rdfs:comment "Unit of time measurement equivalent to 60 minutes." ;    rdfs:subClassOf time:TemporalUnit ;    .    time:hasHour a rdf:Property ;    rdfs:label "has hour" ;    rdfs:comment "The property of having a specified number of hours." ;    rdfs:domain time:TemporalEntity ;    rdfs:range xsd:integer ;    .
Make an ontology that pertains to the following: {noun}.		Make an ontology that pertains to the following: Hour.	Class: TimeMeasurement    SubClass: Hour         Characteristics:             - Duration             - ConversionFactor(Minutes)            - ConversionFactor(Seconds)            - Period of Day (AM, PM) Class: PeriodOfDay    SubClass: Morning (AM)    SubClass: Afternoon (PM)        ObjectProperty:     - HasDuration (applies to Hour)    - HasConversionFactor (applies to Hour)    - IsPeriodOfDay (applies to Hour)DataProperty:    - DurationValue (applies to HasDuration)    - ConversionFactorValue (applies to HasConversionFactor)    - PeriodOfDayValue (applies to IsPeriodOfDay)Individual:     Hour         Property: HasDuration             Value: "60 minutes"        Property: HasConversionFactor (Minutes)            Value: "60"        Property: HasConversionFactor (Seconds)            Value: "3600"        Property: IsPeriodOfDay            Value: Depends on the specific hour (e.g., "Morning (AM)" for 9:00, "Afternoon (PM)" for 15:00)        Note: This ontology allows for the representation of hours in terms of duration and its equivalent in minutes and seconds, and whether it is AM or PM. It however doesn't fully represent other potential aspects related to hours, like time zones or Daylight Saving Time.
Make an ontology that pertains to the following: {noun}.	 Provide it in valid Turtle/RDF format, excluding any extra text.	Make an ontology that pertains to the following: Hour. Provide it in valid Turtle/RDF format, excluding any extra text.	```@prefix rdf: <http://www.w3.org/1999/02/22-rdf-syntax-ns#> .@prefix owl: <http://www.w3.org/2002/07/owl#> .@prefix xsd: <http://www.w3.org/2001/XMLSchema#> .@prefix rdfs: <http://www.w3.org/2000/01/rdf-schema#> .@prefix hour: <http://www.example.org/hours#> .hour:Hour rdf:type owl:Class ;    rdfs:comment "Represents a specific hour in a day"@en ;    rdfs:label "Hour"@en .hour:startTime rdf:type owl:DatatypeProperty ;    rdfs:domain hour:Hour ;    rdfs:range xsd:time ;    rdfs:label "start time"@en ;    rdfs:comment "The start time of this hour"@en .    hour:endTime rdf:type owl:DatatypeProperty ;    rdfs:domain hour:Hour ;    rdfs:range xsd:time ;    rdfs:label "end time"@en ;    rdfs:comment "The end time of this hour"@en .```
Could you develop a basic design pattern for representing {noun} in an ontology?		Could you develop a basic design pattern for representing Hour in an ontology?	Sure, here's a basic ontology design pattern primarily focusing on the representation of the Hour:```Class: Hour    Subclass Of: Time Period       Description: A time period which lasts for 60 minutes and makes up 1/24th of a day.Attributes:    hourValue:         Description: The numeric representation of the hour as defined in 24-hour time format.        DataTypes: Integer        Domain: Hour        Range: 0-23    description:         Description: A textual representation or note on the specific hour.        DataTypes: String    Relations:    isPartOf:         Description: The relation that a certain hour is a part of a larger time period, i.e., a Day.        Domain: Hour         Range: Day    follows:         Description: The relation that represents the succession of hours.        Domain: Hour         Range: Hour    precedes:         Description: The relation that represents the preceding hour.        Domain: Hour         Range: HourClass: Day    Subclass Of: Time Period        Description: A time period of 24 hours, typically involving both daylight and nighttime periods.Attributes:    Day:         DataTypes: DateTimeRelations:   hasPart:         Description: The relation that a day has 24 individual hours as its parts.        Domain: Day        Range: Hour         ```This is a very basic template, and an ontology should be further enhanced and tailored to the specific needs of the domain, or the knowledge representation requirements. There might be additional attributes, relations, or special kinds of hours that aren't considered here. Note that the attributes and relations presented here should adhere to reality and domain-specific constraints.
Could you develop a basic design pattern for representing {noun} in an ontology?	 Provide it in valid Turtle/RDF format, excluding any extra text.	Could you develop a basic design pattern for representing Hour in an ontology? Provide it in valid Turtle/RDF format, excluding any extra text.	Surely, here's a simple pattern for representing an 'Hour' in Turtle syntax:```turtle@prefix xsd: <http://www.w3.org/2001/XMLSchema#> .@prefix ex: <http://example.org/> .ex:timePointA a ex:TimePoint ;    ex:hour "09"^^xsd:integer .ex:TimePoint a rdfs:Class ;    rdfs:label "Time Point"@en ;    rdfs:comment "A certain point in time, represented by an hour"@en .ex:hour a rdf:Property ;    rdfs:label "hour"@en ;    rdfs:comment "The hour of a given time point"@en ;    rdfs:domain ex:TimePoint ;    rdfs:range xsd:integer .```In this example, 'ex:hour' property is defined to relate 'ex:TimePoint' instances with their respective 'Hour', represented as xsd:integer. For instance, 'ex:timePointA' is a 'ex:TimePoint' that happens at hour 09.Please, adapt namespaces, definitions and formats according to your specific needs.
Is it possible for you to create a straightforward pattern to depict {noun} ontologically?		Is it possible for you to create a straightforward pattern to depict Hour ontologically?	Sure, here's a basic ontological pattern to depict an "Hour":1. Hour (Concept)   - Properties:      - Duration: 60 minutes     - PartOf: Day (24 hours make 1 day)     - ComparableTo: Minute (60 times a minute), Second (3600 times a second)     - HasUnits: Minutes, Seconds   - Relations :     - Precedes: Next Hour     - Follows: Previous Hour   - Instances:      - "Hour 1", "Hour 2", "Hour 3"... "Hour 24"This is a very basic ontological pattern for the concept of an hour. Remember ontology can have various levels of complexity and the level of detail in the ontology really depends on your specific use case.Also note, this ontology is based on the standard definition of 'hour'. However, this might differ from the cultural perception of time in some societies.
Is it possible for you to create a straightforward pattern to depict {noun} ontologically?	 Provide it in valid Turtle/RDF format, excluding any extra text.	Is it possible for you to create a straightforward pattern to depict Hour ontologically? Provide it in valid Turtle/RDF format, excluding any extra text.	Yes, it's possible to define a "Hour" class in RDF/Turtle format. An example would be:```turtle@prefix xsd: <http://www.w3.org/2001/XMLSchema#> .@prefix my: <http://www.example.org/time#> .my:Hour a rdfs:Class .my:hasHourValue a rdf:Property ;    rdfs:domain my:Hour ;    rdfs:range xsd:integer .```In this example, `my:Hour` is a class representing an hour, and `my:hasHourValue` is a property that associates an instance of that class with an integer value, representing the hour value. Please note that this is just a basic example, and a more complex ontology could be created if required, for example to include minutes, seconds, or timezone information.
Can you formulate a simple ontology pattern that captures the essence of {noun}?		Can you formulate a simple ontology pattern that captures the essence of Hour?	Ontology Class: HourSub-Classes: NoneProperties:- "HasSeconds" (Every hour has 3600 seconds)- "HasMinutes" (Every hour has 60 minutes)- "PartOfDay" (Hour is part of day)- "PartOfTimezone" (Each hour is specific to a time zone)Instances: - 1 o'clock- 2 o'clock- 3 o'clock... and so on till 24 o'clockRelationships (via properties):- Hour "HasSeconds"- Hour "HasMinutes"- Hour is "PartOfDay"- Hour is "PartOfTimezone"Inverse Relationships:- Second "IsPartOf" Hour- Minute "IsPartOf" Hour- Day "HasPart" Hour- Timezone "HasPart" Hour Note: This is a very generalized pattern for "Hour". More or less detail may be required based on the specific needs of the ontology.
Can you formulate a simple ontology pattern that captures the essence of {noun}?	 Provide it in valid Turtle/RDF format, excluding any extra text.	Can you formulate a simple ontology pattern that captures the essence of Hour? Provide it in valid Turtle/RDF format, excluding any extra text.	```@prefix rdf: <http://www.w3.org/1999/02/22-rdf-syntax-ns#> .@prefix rdfs: <http://www.w3.org/2000/01/rdf-schema#> .@prefix xsd: <http://www.w3.org/2001/XMLSchema#> .@prefix ex: <http://example.com/> .ex:Hour a rdfs:Class ;   rdfs:label "Hour"@en ;   rdfs:comment "A measurement of time representing 60 minutes"@en . ex:timePoint a ex:Hour ;    rdfs:label "time point"@en ;    rdfs:comment "An instance representing a specific hour of the day"@en ;    ex:hasValue "10"^^xsd:integer .```
Would you be able to generate a basic pattern for {noun}'s ontological representation?		Would you be able to generate a basic pattern for Hour's ontological representation?	Ontology is a way to represent knowledge or information in a more structured way. The term is often used in fields like philosophy, artificial intelligence, and computer science.When talking about representing an "hour" in an ontology, we'd typically consider the entity (Hour), its properties, and relationships. Here's a basic ontological representation:Entity: Hour- It's a unit of time.- Composed of 60 minutes.- It's a subclass of time unit.Properties: Start time minute, End time minute, Hour number (1-12 for AM/PM format; 0-23 for 24 hours format), Time period (AM/PM for 12 hours format)Object Relations:- Can be part of Day or Night in a 24-hour cycle. - Can follow another hour (e.g., 2 PM follows 1 PM).- Can lead to another hour (e.g., 1 PM leads to 2 PM).This is fairly rudimentary and could be expanded based on the specific context or application where it's being used. For example, if you're designing a smart home system, you might also assign specific activities or states to different hours (such as specific lighting conditions or temperatures).
Would you be able to generate a basic pattern for {noun}'s ontological representation?	 Provide it in valid Turtle/RDF format, excluding any extra text.	Would you be able to generate a basic pattern for Hour's ontological representation? Provide it in valid Turtle/RDF format, excluding any extra text.	@prefix rdf: <http://www.w3.org/1999/02/22-rdf-syntax-ns#> .@prefix xsd: <http://www.w3.org/2001/XMLSchema#> .@prefix owl: <http://www.w3.org/2002/07/owl#> .@prefix rdfs: <http://www.w3.org/2000/01/rdf-schema#> .@prefix time: <http://www.w3.org/2006/time#> .:Hour rdf:type owl:Class ;    rdfs:subClassOf time:TemporalUnit ;    rdfs:label "Hour"@en ;    rdfs:comment "Hour as a unit of temporal measurement defined as 60 minutes"@en .
Are you able to design a simple framework within an ontology to embody {noun}?		Are you able to design a simple framework within an ontology to embody Hour?	Yes, an AI model can help design a simple framework within an ontology to embody "Hour".Here is an example of how the concept of "Hour" might fit within a time-oriented ontology:1. **Entity:** Time Measurement2. **Sub-Entity:** Hour3. **Properties of Hour:**      - Consists of: 60 Minutes      - Part of: Day      - Associated with: Timezone4. **Actions related to Hour:**      - Increase (e.g., shift to the next hour)      - Decrease (e.g., shift to the previous hour)      - Measure (e.g., calculate the amount of hours between two points in time)5. **Relationships**:   - Hour is related to Minute by the relationship "Consists of".      - Hour is related to Day by the relationship "Part of".      - Hour might be related to different cultural, geographical, normative entities through the concept of "Timezone".6. **Instances of Hour:**   - Each specific hour of the day (e.g., 12 PM, 1 PM, etc.) would be an instance.This framework attempt to capture the entity, properties, actions, relationships, and instances related to "Hour". Remember that ontology design can be very complex, so this is a simplified illustration. Depending on the domain, level of detail and specific requirements of the system, more entities, relationships and properties might be required.
Are you able to design a simple framework within an ontology to embody {noun}?	 Provide it in valid Turtle/RDF format, excluding any extra text.	Are you able to design a simple framework within an ontology to embody Hour? Provide it in valid Turtle/RDF format, excluding any extra text.	@prefix : <http://example.org/> .@prefix rdf: <http://www.w3.org/1999/02/22-rdf-syntax-ns#> .@prefix rdfs: <http://www.w3.org/2000/01/rdf-schema#> .:Hour rdf:type rdfs:Class .:hasHour rdf:type rdf:Property ;    rdfs:domain :Entity ;    rdfs:range :Hour .:Entity rdf:type rdfs:Class .
Could you craft a minimalist design pattern to illustrate {noun} within an ontology?		Could you craft a minimalist design pattern to illustrate Hour within an ontology?	Sure, in order to illustrate Hour in a really minimalistic way within an ontology, it could look like this:```Class: Hour  SubClassOf:     TimePeriod    hasUnit some 'hour'  EquivalentTo:     TimePeriod that hasTimeAmount exactly 1.0 and hasUnit value 'hour'```
Could you craft a minimalist design pattern to illustrate {noun} within an ontology?	 Provide it in valid Turtle/RDF format, excluding any extra text.	Could you craft a minimalist design pattern to illustrate Hour within an ontology? Provide it in valid Turtle/RDF format, excluding any extra text.	```@prefix rdf: <http://www.w3.org/1999/02/22-rdf-syntax-ns#> .@prefix rdfs: <http://www.w3.org/2000/01/rdf-schema#> .@prefix xsd: <http://www.w3.org/2001/XMLSchema#> .<http://example.com/ontology/Time>  rdf:type rdfs:Class .<http://example.com/ontology/Hour>  rdf:type rdfs:Datatype ;  rdfs:subClassOf xsd:integer ;  rdfs:range "0"^^xsd:integer ;   rdfs:range "23"^^xsd:integer . ```
Can you establish a basic structure for encapsulating {noun} in ontology terms?		Can you establish a basic structure for encapsulating Hour in ontology terms?	Sure, the basic structure for encapsulating Hour in ontology terms could look like:1. Concept: Time   - Sub-Concept: Hour2. Characteristics / Attributes of Hour:   - Integer: 1-24 or 0-23, depends on the format (24 hours or AM/PM)   - Part of: Day   - Divided into: Minutes (60 minutes)3. Relationships:   - Is followed by: Another hour   - Is preceded by: Another hour   - Part of: Day   - Has: Minutes and Seconds4. Instances:   - 1 o'clock, 2 o'clock, 3 o'clock, etc.Please note that ontologies can be subjective and it might vary depending on the level of detail and the perspective from which someone is viewing a concept.
Can you establish a basic structure for encapsulating {noun} in ontology terms?	 Provide it in valid Turtle/RDF format, excluding any extra text.	Can you establish a basic structure for encapsulating Hour in ontology terms? Provide it in valid Turtle/RDF format, excluding any extra text.	@prefix rdf: <http://www.w3.org/1999/02/22-rdf-syntax-ns#> .@prefix owl: <http://www.w3.org/2002/07/owl#> .@prefix xsd: <http://www.w3.org/2001/XMLSchema#> .@prefix rdfs: <http://www.w3.org/2000/01/rdf-schema#> .:Hour    rdf:type owl:Class ;    rdfs:label "Hour" ;    rdfs:comment "A unit of time equivalent to 60 minutes." .:hasHour    rdf:type owl:DatatypeProperty ;    rdfs:domain :Time ;    rdfs:range xsd:int ;    rdfs:label "has hour" ;    rdfs:comment "Property that indicates the hour of a certain time object." .
Would you create a straightforward ontology model to capture {noun}?		Would you create a straightforward ontology model to capture Hour?	Sure, let me outline a basic ontology model for capturing "Hour".1. **Class: Hour**This class represents a specific hour of the day.    Properties:    - **Hour Number**: This refers to the specific number of the hour from 0 (representing 12 AM) to 23 (representing 11 PM).    - **Hour Start Time**: This refers to the start time of this hour.    - **Hour End Time**: This refers to the end time of this hour.2. **Class: Minute**This class represents a specific minute of the hour.    Properties:    - **Minute Number**: This refers to the specific number of the minute from 0 to 59.    - **Minute Start Time**: This refers to the start time of this minute.    - **Minute End Time**: This refers to the end time of this minute.3. **Relationship: hasMinute**This relationship links an Hour to its certain Minute.Please note that this is a simple model and can be expanded. For example, you could consider seconds, or use half-hours, or link to a "Day" concept in a broader ontology. Also, typically, one would use a standard time and data format rather than creating their own classes for the hour, minute, etc. However, this example is to illustrate how to think about creating an ontology.
Would you create a straightforward ontology model to capture {noun}?	 Provide it in valid Turtle/RDF format, excluding any extra text.	Would you create a straightforward ontology model to capture Hour? Provide it in valid Turtle/RDF format, excluding any extra text.	Sure, here is an example of an ontology that captures the concept of an "Hour":```turtle@prefix xsd: <http://www.w3.org/2001/XMLSchema#> .@prefix ex: <http://example.org/> .ex:hour a rdf:Property ;    rdfs:label "hour" ;    rdfs:comment "Property to represent an hour of time" ;    rdfs:domain ex:Time ;    rdfs:range xsd:int .  ex:Time a rdfs:Class ;    rdfs:label "Time" ;    rdfs:comment "Class to represent time" .ex:TimeInstance a ex:Time ;    ex:hour "12"^^xsd:int .```In this example, `ex:hour` is a property which denotes an hour of time, and its domain is the class `ex:Time`. This means that `ex:hour` will be a property of instances of `ex:Time`. The range of `ex:hour` is `xsd:int`, indicating that the values of `ex:hour` should be integers. `ex:TimeInstance` is an instance of the `ex:Time` class and uses the `ex:hour` property to specify the hour as 12.
Can you assemble a succinct pattern to convey {noun}'s concept through ontology?		Can you assemble a succinct pattern to convey Hour's concept through ontology?	[Entity: Hour, Subclass Of: Time Measurement Unit, Properties: Has Minutes(60), Used in Context: Scheduling, Time Telling, Planning]
Can you assemble a succinct pattern to convey {noun}'s concept through ontology?	 Provide it in valid Turtle/RDF format, excluding any extra text.	Can you assemble a succinct pattern to convey Hour's concept through ontology? Provide it in valid Turtle/RDF format, excluding any extra text.	@prefix rdf: <http://www.w3.org/1999/02/22-rdf-syntax-ns#> .@prefix rdfs: <http://www.w3.org/2000/01/rdf-schema#> .@prefix xsd: <http://www.w3.org/2001/XMLSchema#> .@prefix owl: <http://www.w3.org/2002/07/owl#> .@prefix ex: <http://example.com#> .ex:Hour rdf:type rdfs:Class ;    rdfs:label "Hour"@en ;    rdfs:comment "A unit of time equal to 60 minutes or 1/24 of a day"@en ;    rdfs:subClassOf ex:TimeUnit . ex:TimeUnit rdf:type owl:Class ;    rdfs:label "Time Unit"@en ;    rdfs:comment "A measurement unit for time"@en . ex:dayHas24Hours rdf:type owl:ObjectProperty ;    rdfs:label "day has 24 hours"@en ;    rdfs:domain ex:Day ;   # A Day consists of Hours    rdfs:range ex:Hour .  # The concept "Hour" is linked with Day through "dayHas24Hours" propertyex:Day rdf:type owl:Class ;    rdfs:label "Day"@en ;    rdfs:comment "A unit of time equal to 24 hours or 1440 minutes"@en ;    rdfs:subClassOf ex:TimeUnit .
Could you devise a simple scheme for representing {noun} within an ontology context?		Could you devise a simple scheme for representing Hour within an ontology context?	Sure, here's a basic representation for the context of Hour within an ontology scheme:1. `Hour`: This is the main concept, in ontology terms we usually call this "Class".    1. `hasLabel`: It could have the attribute or "Data Property" of a text label indicating the hour e.g., "1 AM", "2 PM", etc.    2. `hasNumericValue`: It could also have a numeric representation, which also falls under "Data Property".2. `isPartOf`: This is the "Object Property" which signifies that an Hour is part of a larger time segmentation e.g., the Day, Week, Month or Year.3. `follows`: Another "Object Property" representing the sequential nature of hours. Each hour follows another.4. `hasMinute`: An "Object Property" that would connect the Hour to a Minute representation. This would allow us to go more in-depth down to minutes within an hour.This is a quite simplified version and might need adaptations according to specific requirements in a particular context or complexity level.
Could you devise a simple scheme for representing {noun} within an ontology context?	 Provide it in valid Turtle/RDF format, excluding any extra text.	Could you devise a simple scheme for representing Hour within an ontology context? Provide it in valid Turtle/RDF format, excluding any extra text.	@prefix rdf: <http://www.w3.org/1999/02/22-rdf-syntax-ns#> .@prefix rdfs: <http://www.w3.org/2000/01/rdf-schema#> .@prefix xsd: <http://www.w3.org/2001/XMLSchema#> .@prefix ex: <http://example.com/time#> .ex:Hour rdf:type rdfs:Class .ex:hasHour rdf:type rdf:Property ;    rdfs:range ex:Hour ;    rdfs:domain ex:Time .ex:Time rdf:type rdfs:Class ;    rdfs:subClassOf ex:Period .ex:Period rdf:type rdfs:Class .ex:Time01 rdf:type ex:Time ;    ex:hasHour ex:Hour01 .ex:Hour01 rdf:type ex:Hour ;    rdfs:label "01"@en ;    rdfs:comment "Refers to the hour of the day"@en .
Could you develop a basic design pattern for representing the following in an ontology: {noun}		Could you develop a basic design pattern for representing the following in an ontology: Hour	Sure, here is a very basic design pattern for representing "Hour" in an ontology. This can, of course, get very complex depending on the requirements but this should serve as a good starting point.1. Class or Concept: Hour2. Properties or Attributes of the Class:   - startTime: The beginning of the hour. Values are in a 24-hour format.   - endTime: The end of the hour. Values are in a 24-hour format.   - hourNumber: The numeric identification of the hour in 24-hour format.   - partOfDay: The part of the day to which the hour belongs, like morning, afternoon, evening, and night.3. Relationships:    - isFollowedBy: Relation to another Hour which comes strictly after this hour.   - isPrecededBy: Relation to another Hour which comes strictly before this hour.4. Instances:    - Hour{startTime="13:00", endTime="14:00", hourNumber=13, partOfDay="afternoon"}**Note:** The exact design and conceptualization can vary based on the ontology design methodology and the requirements. For example, in some cases, people might consider breaking down the Minutes class and relations like `isPartOf` between Hour and Minute. Therefore, while this pattern provides a simple representation, always consider your specific use case requirements when designing ontology.
Could you develop a basic design pattern for representing the following in an ontology: {noun}	 Provide it in valid Turtle/RDF format, excluding any extra text.	Could you develop a basic design pattern for representing the following in an ontology: Hour Provide it in valid Turtle/RDF format, excluding any extra text.	Here is an example of a basic design pattern for representing 'Hour' in an ontology using Turtle/RDF format:```turtle@prefix xsd: <http://www.w3.org/2001/XMLSchema#> .@prefix ex: <http://example.org/> .ex:hour a rdfs:Class ;    rdfs:label "Hour"@en ;    rdfs:comment "A unit of time"@en ;    rdfs:subClassOf xsd:decimal ;    rdfs:range xsd:decimal ;    rdfs:domain ex:Time .ex:Time a rdfs:Class ;    rdfs:label "Time"@en ;    rdfs:comment "Entity for representing time"@en .ex:timePoint a ex:Time ;    rdfs:label "Time point"@en ;    ex:hour "10"^^xsd:decimal .```In the above snippet:- The 'Hour' class is a sub-class of the XML Schema type 'decimal', and has a label and a comment in English.  - The range of the 'Hour' class is a decimal, indicating that instances of the 'Hour' class are decimals.- The domain of 'Hour' class is 'Time', indicating that the 'Hour' class applies to instances of 'Time'.  - There is also a 'Time' class, which represents time in a general sense.  - An instance of 'Time' called 'timePoint' is declared, which has an 'Hour' of "10".
Is it possible for you to create a straightforward pattern to depict the following ontologically: {noun}		Is it possible for you to create a straightforward pattern to depict the following ontologically: Hour	Sure, here's a pattern that could represent an hour ontologically:{  "Hour": {    "ID": "Unique identifier",    "Start_Time": "Start time of the hour",    "End_Time": "End time of the hour",    "Minute": [      {        "ID": "Unique identifier",        "Start_Time": "Start time of the minute",        "End_Time": "End time of the minute",        "Second": [          {            "ID": "Unique identifier",            "Start_Time": "Start time of the second",            "End_Time": "End time of the second"          }          //Continues until 60 seconds have passed        ]      }      //Continues until 60 minutes have passed    ],    "Associated_Events": [      {        //Associated events taking place during this hour      }    ],    "Associated_Dates": [      {       //Associated dates of this hour      }    ]  }} This pattern assumes that an hour consists of 60 minutes, each minute consists of 60 seconds, and that there may be events or dates associated with each hour.
Is it possible for you to create a straightforward pattern to depict the following ontologically: {noun}	 Provide it in valid Turtle/RDF format, excluding any extra text.	Is it possible for you to create a straightforward pattern to depict the following ontologically: Hour Provide it in valid Turtle/RDF format, excluding any extra text.	Yes, it is possible to create a straightforward pattern in Turtle/RDF format to depict an ontology of an hour. Here it is:```turtle@prefix rdf: <http://www.w3.org/1999/02/22-rdf-syntax-ns#> .@prefix rdfs: <http://www.w3.org/2000/01/rdf-schema#> .@prefix xsd: <http://www.w3.org/2001/XMLSchema#> .@prefix ex: <http://example.com/> .ex:Hour rdf:type rdfs:Class .ex:hasHour rdf:type rdf:Property ;    rdfs:domain ex:Time ;    rdfs:range ex:Hour .ex:Time ex:hasHour "13"^^xsd:int .```In this example:- `ex:Hour` is a class- `ex:hasHour` is a property. The `rdf:domain` of `ex:hasHour` is `ex:Time` (i.e., whatever has this property is a time), the `rdf:range` of `ex:hasHour` is `ex:Hour` (i.e., the value of this property is an hour).- `ex:Time ex:hasHour "13"^^xsd:int` indicates a specific time that has a specific hour.
Can you formulate a simple ontology pattern that captures the essence of the following: {noun}		Can you formulate a simple ontology pattern that captures the essence of the following: Hour	Class: - HourSubclass of:- Period of time (duration)Properties:- Has Minutes (integer)- Is Part of Day - Related to Time Zone- Is Part of Clock Instances: - Hour1, Hour2, ..., Hour23, Hour24
Can you formulate a simple ontology pattern that captures the essence of the following: {noun}	 Provide it in valid Turtle/RDF format, excluding any extra text.	Can you formulate a simple ontology pattern that captures the essence of the following: Hour Provide it in valid Turtle/RDF format, excluding any extra text.	```turtle@prefix ex: <http://example.com/> .@prefix time: <http://www.w3.org/2006/time#> .ex:hour a time:UnitOfMeasure ;    time:numericDuration "1"^^xsd:decimal ;    time:unitType time:unitHour .```
Would you be able to generate a basic pattern for the following's ontological representation: {noun}		Would you be able to generate a basic pattern for the following's ontological representation: Hour	Sure, here's a basic pattern for an ontological representation of an "Hour":1. **Concept**: Hour   - **Type**: Temporal Unit   - **Definition**: A unit of time equal to 60 minutes or 1/24th of a day.   - **Correlated Units**:     - Minute:       - Relation: 1 Hour = 60 minutes     - Second:       - Relation: 1 Hour = 3,600 seconds   - **Dimension**: Time 2. **Interactions**:   - **Part of**: Day     - Relation: 1 Day = 24 Hours   - **Includes**: Minutes, Seconds3. **Instances**:   - Hour 1 of a day (01:00 - 01:59)   - Hour 12 of a day (12:00 -12:59)   - Hour 24 of a day (00:00 - 00:59)Please, adapt this as per your scope of ontology and context.
Would you be able to generate a basic pattern for the following's ontological representation: {noun}	 Provide it in valid Turtle/RDF format, excluding any extra text.	Would you be able to generate a basic pattern for the following's ontological representation: Hour Provide it in valid Turtle/RDF format, excluding any extra text.	Sure, here's a basic Turtle/RDF format representation for an "Hour" ontology. Note that ontologies can be very detailed and complex and this is a simplified example.```rdf@prefix rdf: <http://www.w3.org/1999/02/22-rdf-syntax-ns#> .@prefix rdfs: <http://www.w3.org/2000/01/rdf-schema#> .@prefix xsd: <http://www.w3.org/2001/XMLSchema#> .@prefix time: <http://www.w3.org/2006/time#> .:Hour a rdfs:Class ;  rdfs:label "Hour" ;  rdfs:comment "A unit of time equal to 60 minutes" .:hasHour a rdf:Property ;  rdfs:domain :Event ;  rdfs:range :Hour ;  rdfs:label "has hour" ;  rdfs:comment "The hour at which the event occurs" .  :Event a rdfs:Class ;  rdfs:label "Event" ;  rdfs:comment "A thing that happens or takes place, especially one of importance" .```In the above Turtle format representation, `:Hour` and `:Event` are classes, and `:hasHour` is a property that associates an Event with a Hour. The rdfs:domain and rdfs:range predicates respectively specify the class of the subject and object. The rdfs:label and rdfs:comment predicates provide human-readable information about the class or property.
Are you able to design a simple framework within an ontology to describe the following: {noun}		Are you able to design a simple framework within an ontology to describe the following: Hour	Yes, certainly. Here's a basic framework to describe the ontological concept of an 'Hour':1. **Class**: Time Unit    - **Subclass**: Hour2. **Properties**:    - **Symbol** (with the datatype of string): "h"   - **Equivalent in minutes** (with the datatype of integer): 60   - **Equivalent in seconds** (with the datatype of integer): 3600   - **Part Of** (with the datatype of class): 'Day'   - **Contains** (with the datatype of class): 'Minute'   - **Quantity** (with the datatype of integer): This could be a dynamic field representing the specific number of hours being considered.3. **Instances**:     - Examples of instances of Hour could be "One Hour," "Two Hours," etc.This is a simple starter template. Depending on what the ontology is being used for, you might want to include additional information or break it down in different ways.
Are you able to design a simple framework within an ontology to describe the following: {noun}	 Provide it in valid Turtle/RDF format, excluding any extra text.	Are you able to design a simple framework within an ontology to describe the following: Hour Provide it in valid Turtle/RDF format, excluding any extra text.	Sure, here's a simple RDF/Turtle format to describe an 'Hour':```turtle@prefix xsd: <http://www.w3.org/2001/XMLSchema#> .@prefix : <http://example.org/> .:hour a rdfs:Class ;    rdfs:label "Hour"@en ;    rdfs:comment "A unit of time equal to 60 minutes."@en ;    rdfs:subClassOf xsd:integer .:hasHour a rdf:Property ;    rdfs:label "has hour"@en ;    rdfs:comment "The property that relates an event or object to its hour."@en ;    rdfs:domain :Event ;    rdfs:range :Hour .```In this model, `:Hour` is defined as a class and is indicated to be a subclass of `xsd:integer`, meaning that the values of `Hour` are expected to be integers. The property `:hasHour` relates some `:Event` to an `:Hour`. It could be used, for example, to provide the hour of a certain event.
Could you craft a minimalist design pattern to illustrate the following within an ontology: {noun}		Could you craft a minimalist design pattern to illustrate the following within an ontology: Hour	Sure, here's a simple design pattern that could represent "Hour" within an ontology:``` Class: HourProperties:    hasMinute (type: DatatypeProperty, range: integer)    isPartOfDay (type: ObjectProperty, range: Day)```This design pattern defines a class called "Hour". The "hasMinute" property indicates that an Hour can have a certain number of minutes (from 0 to 59), while the "isPartOfDay" property would connect an Hour to the broader class of "Day". It's a minimalist design because it only includes the bare essentials needed to define an "Hour". Further refinements could include linking an Hour to a specific Time Zone, specifying whether it's part of the AM or PM, etc. But in its simplest form, this pattern should suffice.
Could you craft a minimalist design pattern to illustrate the following within an ontology: {noun}	 Provide it in valid Turtle/RDF format, excluding any extra text.	Could you craft a minimalist design pattern to illustrate the following within an ontology: Hour Provide it in valid Turtle/RDF format, excluding any extra text.	Sure, below is a simple example of how you could represent an "Hour" within an ontology, using the Turtle RDF format. It illustrates a basic situation where "Hour" is a class and a specific hour (e.g., "Hour08") is an instance of that class. ```Turtle@prefix rdf: <http://www.w3.org/1999/02/22-rdf-syntax-ns#> .@prefix rdfs: <http://www.w3.org/2000/01/rdf-schema#> .@prefix ex: <http://example.org/> .ex:Hour08 rdf:type ex:Hour .ex:Hour rdfs:label "Hour"@en ;    rdfs:comment "A class representing a specific hour of the day"@en .```In the example, the "Hour" class is represented as "ex:Hour" where "ex" is a prefix that stands for "http://example.org/" (a namespace)."Hour08" is an instance of the class "Hour", which is represented by "ex:Hour08 rdf:type ex:Hour". The predicates "rdfs:label" and "rdfs:comment" provide a human-readable name and description for the class, respectively. Please note that this is a very simplistic design pattern and might not suit more complex use-cases. Depending on the context, "Hour" might link to other classes (like "Day") and could have extra properties (like "hasMinute"). Also, it's possible to represent the "Hour" in a more precise way like an integer datatype property rather than a class - especially when dealing with a full temporal ontology. But as per the minimal requirement in the question this script illustrates that.
Can you establish a basic structure for encapsulating the following in ontology terms: {noun}		Can you establish a basic structure for encapsulating the following in ontology terms: Hour	Sure, I will make use of the BFO (Basic Formal Ontology) structure to encapsulate "Hour" in ontology terms.1. Entity:    - BFO:0000001 (Entity)  2. Continuant:    - BFO:0000002 (Continuant)  3. Independent Continuant:    - BFO:0000004 (Independent Continuant)4. Specifically Dependent Continuant:    - BFO:0000005 (Specifically Dependent Continuant)  5. Temporal Region:    - BFO:0000008 (Temporal Region)6. Temporal Interval:    - BFO:0000017 (Temporal Interval)7. One Dimensional Temporal Region    - BFO:0000022 (One Dimensional Temporal Region)8. Hour:     - An instance of class "One Dimensional Temporal Region". It refers to a concept of a specific unit of time, equal to 60 minutes or 3600 seconds, used to quantify the duration of events or the intervals between them.Note: The last term does not directly exist in BFO. It's a term which you will need to create to encapsulate "Hour". This term could be further linked to other concepts such as Minute, Second, Day etc., creating a hierarchy within the BFO structure.
Can you establish a basic structure for encapsulating the following in ontology terms: {noun}	 Provide it in valid Turtle/RDF format, excluding any extra text.	Can you establish a basic structure for encapsulating the following in ontology terms: Hour Provide it in valid Turtle/RDF format, excluding any extra text.	@prefix xsd: <http://www.w3.org/2001/XMLSchema#> .@prefix ex: <http://example.org/> .ex:hour a rdfs:Class ;  rdfs:label "Hour"@en .ex:hasHour a rdf:Property ;  rdfs:range ex:Hour ;  rdfs:domain ex:TimeEvent ;  rdfs:label "has hour"@en ;  rdfs:comment "The hour associated with a particular time event"@en .  ex:Hour   rdfs:subClassOf xsd:integer .ex:TimeEvent a rdfs:Class ;  rdfs:label "Time Event"@en .
Would you create a straightforward ontology model to capture the following: {noun}		Would you create a straightforward ontology model to capture the following: Hour	Creating an ontology model to capture "Hour" would involve creating a hierarchical representation of concepts and relationships around time. This could look something like the following:- Entity: Time  - Subentity: Hour    - Properties: Seconds, Minutes    - Relations:       - Is part of: Day, Week, Month, Year      - Followed by: Minute, Second      - Preceded by: Minute, Second      - Is equivalent to: 60 minutes, 3600 seconds      - Instances: 1st hour, 2nd hour, 3rd hour, ... 23rd hour, 24th hourThis basic model captures the concept of an "Hour" as a part of larger time entities, as well as its composition in minutes and seconds. It also denotes the hour's sequential relation to the preceding and following entities (minutes and seconds). The instances then capture each unique hour within a 24-hour period.  Note: Depending on the complexity of your data or application, you might want to expand this model. You might also include other properties or relations such as AM/PM, timezone, or relationships to other concepts.
Would you create a straightforward ontology model to capture the following: {noun}	 Provide it in valid Turtle/RDF format, excluding any extra text.	Would you create a straightforward ontology model to capture the following: Hour Provide it in valid Turtle/RDF format, excluding any extra text.	Here's a simple ontology for an Hour:```TTL@prefix xsd: <http://www.w3.org/2001/XMLSchema#> .@prefix time: <http://www.example.com/time#> .time:Hour    rdf:type owl:Class ;    rdfs:label "Hour"@en ;    rdfs:comment "A unit of time equivalent to 60 minutes or 3600 seconds"@en ;    rdfs:subClassOf xsd:integer ;    .time:isPartOfDay    rdf:type owl:ObjectProperty ;    rdfs:label "is part of day"@en ;    rdfs:comment "Indicates that an hour is part of a day"@en ;    rdfs:domain time:Hour ;    rdfs:range time:Day ;    .time:isPartOfTwelveHourClock    rdf:type owl:ObjectProperty ;    rdfs:label "is part of twelve hour clock"@en ;    rdfs:comment "Indicates that an hour is part of a twelve hour clock"@en ;    rdfs:domain time:Hour ;    rdfs:range time:TwelveHourClock ;    .```The above ontology describes an Hour, which is a subclass of Integer. There are two relationships considered, `isPartOfDay` and `isPartOfTwelveHourClock`, both of which connect an Hour to a Day or a TwelveHourClock, respectively. This is a very basic and simplified ontology, there could be much more comprehensive requirements based on your use case.
Can you assemble a succinct pattern to convey the following's concept in an ontology: {noun}		Can you assemble a succinct pattern to convey the following's concept in an ontology: Hour	Concept: Time - Subconcept: Hour   - Definition: A unit of time equivalent to 60 minutes or 3600 seconds.   - Related concepts: Minute, Second, Day   - Properties: Duration   - Instance: 12:00PM.   - Units: In terms of minutes (60), In terms of seconds (3600).
Can you assemble a succinct pattern to convey the following's concept in an ontology: {noun}	 Provide it in valid Turtle/RDF format, excluding any extra text.	Can you assemble a succinct pattern to convey the following's concept in an ontology: Hour Provide it in valid Turtle/RDF format, excluding any extra text.	@prefix rdf: <http://www.w3.org/1999/02/22-rdf-syntax-ns#> .@prefix rdfs: <http://www.w3.org/2000/01/rdf-schema#> .:Hour rdf:type rdfs:Class .
Could you devise a simple scheme for representing the following within an ontology context: {noun}		Could you devise a simple scheme for representing the following within an ontology context: Hour	Sure. In the context of an ontology, an "hour" can be represented in several ways taking into consideration its nature as a unit of time, its involvement in various time related concepts and its connection to other units of time. Here is a simple structure to represent "hour" as an ontology.1. Concept: Time   - Has_part: Hour2. Concept: Hour    - Type: Unit of Time   - Is_part_of: Time   - Has_smaller_unit: Minute   - Has_larger_unit: Day   - Has_quantity: 60 minutes   3. Concept: Day   - Has_part: Hour   - Has_quantity: 24 hours4. Concept: Minute   - Is_part_of: Hour   - Has_quantity: 60 seconds   In this ontology:- An "hour" is classified as a unit of time, which falls under the broader concept of "time".- An "hour" consists of smaller units, which are "minutes". - An "hour" is also a part of larger units such as "day". - The quantity of "hour" is defined as 60 minutes. This ontology does not only define what an "hour" is, but also its connections and associations with other relevant concepts. However, do note that ontologies can be much more complex and thorough in defining a concept based on the intended usage.
Could you devise a simple scheme for representing the following within an ontology context: {noun}	 Provide it in valid Turtle/RDF format, excluding any extra text.	Could you devise a simple scheme for representing the following within an ontology context: Hour Provide it in valid Turtle/RDF format, excluding any extra text.	The representation of "Hour" in Turtle/RDF format within an ontology context would be something similar to this:```turtle@prefix xsd: <http://www.w3.org/2001/XMLSchema#> .@prefix ex: <http://example.org/> .ex:Hour rdf:type rdfs:Class ;    rdfs:comment "A class to represent an hour of the day"^^xsd:string ;    rdfs:label "Hour"^^xsd:string .ex:specificHour rdf:type ex:Hour ;    rdfs:comment "An instance of the Hour class representing a specific hour"^^xsd:string ;    ex:value "12"^^xsd:int . ```This RDF/Turtle representation introduces a new class "Hour", and also gives an example of a specific hour. It uses a prefix "ex:" that stands for "http://example.org/", `rdf` and `rdfs` for commonly used ontology terms, and `xsd` for XML Schema types.
