Develop an ontology dedicated to {noun}.		Develop an ontology dedicated to Mother.	Ontology:1. Classification: Human, Female, Parent2. Relationships: Child, Father, Grandmother, Grandfather, Aunt, Uncle.3. Attributes: Biological Mother, Adoptive Mother, Stepmother, Mother-in-law, Surrogate Mother.4. Roles: Caregiver, Educator, Mentor, Disciplinarian5. Qualities: Loving, Nurturing, Patient, Understanding, Protective.6. Actions: Feeding, Teaching, Consoling, Guiding, Supporting.7. Contexts: Familial, Societal, Cultural, Emotional, Biological.8. Constraints: Legal, Age, Health, Financial.9. Philosophical Concepts: Motherhood, Maternal Bond, Matriarchy.10. Symbolism: Fertility, Creation, Safety, Clarity, Purity.11. Cultural and Societal Representations: Mother's Day, Maternal Figures in Religion and Mythology, Maternal Archetypes in Literature, Art, and Media.12. Issues and Challenges: Single Motherhood, Working Mothers, Motherhood and Feminism, Postpartum Depression.13. Empirical Studies: Parenting Styles, Attachment Theory, Impact of Mother's Education on Child's Success. 14. Services and Institutions: Maternity leave, Childcare, Parenting classes, Health care.Every entity is linked or related to the central concept - "Mother".
Develop an ontology dedicated to {noun}.	 Provide it in valid Turtle/RDF format, excluding any extra text.	Develop an ontology dedicated to Mother. Provide it in valid Turtle/RDF format, excluding any extra text.	```turtle@prefix rdf: <http://www.w3.org/1999/02/22-rdf-syntax-ns#> .@prefix rdfs: <http://www.w3.org/2000/01/rdf-schema#> .@prefix xsd: <http://www.w3.org/2001/XMLSchema#> .@prefix ex: <http://example.org/mother#> .ex:Mother rdf:type rdfs:Class .ex:hasChild rdf:type rdf:Property ;    rdfs:domain ex:Mother ;    rdfs:range ex:Person .ex:hasName rdf:type rdf:Property ;    rdfs:domain ex:Mother ;    rdfs:range xsd:string .ex:Person rdf:type rdfs:Class .ex:hasMother rdf:type rdf:Property ;    rdfs:domain ex:Person ;    rdfs:range ex:Mother .ex:hasAge rdf:type rdf:Property ;    rdfs:domain ex:Mother ;    rdfs:range xsd:integer .ex:isMarried rdf:type rdf:Property ;    rdfs:domain ex:Mother ;    rdfs:range ex:Person .ex:isWidowed rdf:type rdf:Property ;    rdfs:domain ex:Mother ;    rdfs:range xsd:boolean .ex:hasOccupation rdf:type rdf:Property ;    rdfs:domain ex:Mother;    rdfs:range xsd:string .```
Construct an ontology focused on {noun}.		Construct an ontology focused on Mother.	Ontology: Mother- 1. Definitions        - 1.1 Biological Mother: The woman whose egg gives rise to a child.        - 1.2 Adoptive Mother: A woman who has legally adopted a child.        - 1.3 Stepmother: The wife of one's parent when distinct from one's natural or legal mother.        - 1.4 Surrogate Mother: A woman who becomes pregnant by artificial insemination or implantation of a fertilized egg.        - 1.5 Foster Mother: A woman who serves as a temporary and substitute mother to a child.- 2. Roles        - 2.1 Caregiver: Responsible for the health and well-being of the child.        - 2.2 Teacher: Guides the child through life and provides key life teachings.        - 2.3 Protector: Ensures the safety and security of the child.        - 2.4 Provider: Ensures that the child's basic needs such as food, clothing, and shelter are met.        - 2.5 Supporter: Provides emotional, academic, and spiritual support.        - 2.6 Role Model: Sets a good example for the child to emulate.    - 3. Relationships        - 3.1 Maternal Grandmother: Mother's mother        - 3.2 Maternal Grandfather: Mother's father        - 3.3 Daughter: Female offspring        - 3.4 Son: Male offspring        - 3.5 Husband: The father of the child and the spouse of the mother- 4. Characters associated with being a mother        - 4.1 Love and Compassion        - 4.2 Sacrifice        - 4.3 Strength        - 4.4 Patience        - 4.5 Nurturer- 5. Rights and obligations        - 5.1 Rights: To make decisions for the child's welfare and upbringing.        - 5.2 Obligations: To take care of and provide for the child physically, emotionally and economically                until they are of legal age.- 6. Events associated with Motherhood        - 6.1 Pregnancy        - 6.2 Birth        - 6.3 Mother's Day        - 6.4 Adoption        - 6.5 Child milestones (First words, first steps etc)- 7. Symbols and Icons        - 7.1 Mother and Child        - 7.2 Heart        - 7.3 Symbol of Venus (♀)- 8. Quotes and Proverbs        - 8.1 "God could not be everywhere, and therefore he made mothers." - Rudyard Kipling        - 8.2 "A mother's love for her child is like nothing else in the world." - Agatha Christie        - 8.3 "Motherhood: All love begins and ends there." - Robert Browning- 9. Cultural and Historical Perspectives        - 9.1 Mother's Day traditions        - 9.2 Depiction of mothers in literature, art, and religion        - 9.3 Evolution of the mother's role in different societies and eras.- 10. Profession         -10.1 Stay at home mom         -10.2 Working mother
Construct an ontology focused on {noun}.	 Provide it in valid Turtle/RDF format, excluding any extra text.	Construct an ontology focused on Mother. Provide it in valid Turtle/RDF format, excluding any extra text.	@prefix rdf: <http://www.w3.org/1999/02/22-rdf-syntax-ns#> .@prefix rdfs: <http://www.w3.org/2000/01/rdf-schema#> .@prefix owl: <http://www.w3.org/2002/07/owl#> .@prefix xsd: <http://www.w3.org/2001/XMLSchema#> .@prefix ontology: <http://www.example.com/mother_ontology#> .ontology:Mother rdf:type owl:Class .ontology:hasChild rdf:type owl:ObjectProperty ;    rdfs:domain ontology:Mother ;    rdfs:range ontology:Child .ontology:hasRelationship rdf:type owl:ObjectProperty ;    rdfs:domain ontology:Mother ;    rdfs:range ontology:Husband .ontology:Child rdf:type owl:Class .ontology:Husband rdf:type owl:Class .ontology:age rdf:type owl:DatatypeProperty ;    rdfs:domain ontology:Mother ;    rdfs:range xsd:integer .ontology:name rdf:type owl:DatatypeProperty ;    rdfs:domain ontology:Mother ;    rdfs:range xsd:string .ontology:occupation rdf:type owl:DatatypeProperty ;    rdfs:domain ontology:Mother ;    rdfs:range xsd:string .
Build an ontology surrounding the concept of a {noun}.		Build an ontology surrounding the concept of a Mother.	Concept: Mother1. Definitions:    - Biological Mother: A woman who gives birth to a child.    - Adoptive Mother: A woman who legally takes on the parental responsibility for a child not biologically her own.    - Foster Mother: A woman who provides temporary care for children unable to live with their biological parents.    - Step-Mother: A woman who is married to one's father after the death or divorce of one's natural mother.    - Surrogate Mother: A woman who carries a child in pregnancy, usually for another couple.    - Grandmother: The mother of one's parent.2. Characteristics:    - Nurturing    - Caring    - Protective    - Loving3. Roles:    - Childbirth    - Raising children    - Providing emotional support    - Ensuring safety and well-being    - Educating4. Related Concepts:    - Maternity    - Parenthood    - Family    - Motherhood    - Mother's Day5. Relationships:    - Spouse/Partner: A person with whom the mother has a romantic relationship.    - Child: The offspring of the mother.    - Sister: Another female sibling of the mother.    - Brother: A male sibling of the mother.    - Father: The male parent of the child.6. Disciplines Studying the Concept:    - Sociology: Studies the role and influence of mothers in the societal context.    - Psychology: Studies the emotional and mental aspects of motherhood.    - Biology: Studies the physical aspects of being a mother, including the study of reproduction and genetics.    - Anthropology: Studies the cultural differences and concepts of motherhood across cultures.  7. Influences:    - Maternal Health    - Parenting Styles    - Economic Status    - Culture/Tradition8. Legal/Ethical Aspects:    - Parental rights    - Maternity Leave    - Child custody in case of divorce or separation    - Laws regarding surrogacy and adoption.
Build an ontology surrounding the concept of a {noun}.	 Provide it in valid Turtle/RDF format, excluding any extra text.	Build an ontology surrounding the concept of a Mother. Provide it in valid Turtle/RDF format, excluding any extra text.	```ttl@prefix rdf: <http://www.w3.org/1999/02/22-rdf-syntax-ns#> .@prefix rdfs: <http://www.w3.org/2000/01/rdf-schema#> .@prefix xsd: <http://www.w3.org/2001/XMLSchema#> .@prefix foaf: <http://xmlns.com/foaf/0.1/> .@prefix rel: <http://purl.org/vocab/relationship/> .<#Elizabeth>    a                       foaf:Person ;    foaf:name               "Elizabeth"^^xsd:string ;    rel:motherOf            <#Jane> , <#John> .<#Jane>    a                       foaf:Person ;    foaf:name               "Jane"^^xsd:string ;    rel:daughterOf          <#Elizabeth> .<#John>    a                       foaf:Person ;    foaf:name               "John"^^xsd:string ;    rel:sonOf               <#Elizabeth> .rel:motherOf    a                       rdf:Property ;    rdfs:label              "mother of" ;    rdfs:domain             foaf:Person ;    rdfs:range              foaf:Person .rel:daughterOf    a                       rdf:Property ;    rdfs:label              "daughter of" ;    rdfs:domain             foaf:Person ;    rdfs:range              foaf:Person .rel:sonOf    a                       rdf:Property ;    rdfs:label              "son of" ;    rdfs:domain             foaf:Person ;    rdfs:range              foaf:Person .```
Formulate an ontology related to {noun}.		Formulate an ontology related to Mother.	I. Domain: Family RelationshipsII. Class:  1. Mother     Subclasses: Biological Mother, Step Mother, Surrogate Mother, Adoptive Mother, Single Mother  2. Child     Subclasses: Son, Daughter   3. Extended Family     Subclasses: Grandmother, Aunt, Cousin, Niece     4. Spouse     Subclasses: Husband, Ex-HusbandIII. Properties/Relations:  1. IsMotherOf - linking a mother to her child  2. HasMother - linking a child to his/her mother   3. IsMarriedTo - linking husband to wife   4. WasMarriedTo - indicating past marital status with ex-husband  5. IsDaughterOf - linking grandchildren to the grandmother IV. Instances:  1. Biological Mother: Mary  2. Child: Jack, Jenny  3. Husband: John   4. Ex-Husband: Robert  5. Grandmother: HelenV. Axioms:  1. Every person has at least one biological mother.  2. A step mother is a mother through a marriage and not through birth.  3. A person can have only one biological mother.  4. A mother can have more than one child.  5. Every mother is a woman.  6. Every mother has a child.  7. If a person is a mother of a child, then this child is a son or a daughter of this mother.  8. A single mother has full responsibility for raising her child or children.
Formulate an ontology related to {noun}.	 Provide it in valid Turtle/RDF format, excluding any extra text.	Formulate an ontology related to Mother. Provide it in valid Turtle/RDF format, excluding any extra text.	@prefix rdf: <http://www.w3.org/1999/02/22-rdf-syntax-ns#> .@prefix rdfs: <http://www.w3.org/2000/01/rdf-schema#> .@prefix xsd: <http://www.w3.org/2001/XMLSchema#> .@prefix dbo: <http://dbpedia.org/ontology/> .@prefix owl: <http://www.w3.org/2002/07/owl#> .dbo:Mother rdf:type owl:Class ;    rdfs:label "Mother"@en ;    rdfs:subClassOf dbo:Person ;    rdfs:comment "A woman in relation to her child or children."@en .dbo:hasMother rdf:type owl:ObjectProperty ;    rdfs:label "has mother"@en ;    rdfs:domain dbo:Person ;    rdfs:range dbo:Mother ;    rdfs:comment "The property that relates a person to their mother."@en .dbo:hasChild rdf:type owl:ObjectProperty ;    rdfs:label "has child"@en ;    rdfs:domain dbo:Mother ;    rdfs:range dbo:Person ;    rdfs:comment "The property that relates a mother to her child or children."@en .dbo:givenBirth rdf:type owl:ObjectProperty ;    rdfs:label "given birth"@en ;    rdfs:domain dbo:Mother ;    rdfs:range dbo:Child ;    rdfs:comment "The property that indicates a mother has given birth to a child."@en .dbo:Child rdf:type owl:Class ;    rdfs:label "Child"@en ;    rdfs:subClassOf dbo:Person ;    rdfs:comment "A person's offspring."@en .
Establish an ontology based on {noun}.		Establish an ontology based on Mother.	An ontology, in the field of artificial intelligence, refers to a set of concepts and categories in a subject area or domain that shows their properties and the relations between them. Here is an example ontology based on the concept of a "Mother".1. Mother (superclass)    - Attributes: Age, Nationality, Occupation, Education, Marital status    - Actions: Cares for children, Works, Educates children, Manages home2. Types of Mothers (subclasses)   - Biological Mother   - Adoptive Mother   - Step-Mother   - Surrogate Mother   - Single Mother   - Married Mother   - Widowed Mother   - Grandmother (Mother of a Mother or Father)   - Godmother3. Related Concepts (related classes)   - Child   - Father   - Family4. Mother-Child Relationships   - Biological mother-child    - Adoptive mother-child   - Step mother-child   - Surrogate mother-intended mother-child   - Godmother-Godchild   5. Mother-Father Relationships:   - Mother-father (married)    - Mother-father (separated)   - Mother-father (divorced)   6. Aspects related to Motherhood (associated concepts):   - Pregnancy   - Childbirth   - Child care   - Child discipline   - Child education   - Adoption process   - Surrogacy process  7. Occupations (related to the concept of mother)    - Stay-at-home mom    - Working mom (full-time, part-time)    - Retired mom8. Emotional aspects    - Mother’s love for her children    - Children’s love for their mother    - Maternal instinct    - Bonding between a mother and childThis structured representation of the concept enables more sophisticated querying and understanding for various technology usages like in search engines, recommendation systems, and text understanding applications.
Establish an ontology based on {noun}.	 Provide it in valid Turtle/RDF format, excluding any extra text.	Establish an ontology based on Mother. Provide it in valid Turtle/RDF format, excluding any extra text.	```@prefix ex: <http://example.com/> .ex:Mother a rdfs:Class ;  rdfs:label "Mother"@en ;  rdfs:comment "A female parent"@en ;  rdfs:subClassOf ex:Parent .ex:hasMother a rdf:Property ;  rdfs:label "has mother"@en ;  rdfs:comment "Indicates the mother of someone"@en ;  rdfs:domain ex:Person ;  rdfs:range ex:Mother .ex:isMotherOf a rdf:Property ;  rdfs:label "is mother of"@en ;  rdfs:comment "Indicates the child/children that the mother has"@en ;  rdfs:domain ex:Mother ;  rdfs:range ex:Person .  ex:birthday a rdf:Property ;  rdfs:label "birthday"@en ;  rdfs:comment "Indicates the birth date of the mother"@en ;  rdfs:domain ex:Mother ;  rdfs:range xsd:date .  ex:hasDaughter a rdf:Property ;  rdfs:label "has daughter"@en ;  rdfs:comment "Indicates the daughter of the mother"@en ;  rdfs:domain ex:Mother ;  rdfs:range ex:FemaleChild .  ex:hasSon a rdf:Property ;  rdfs:label "has son"@en ;  rdfs:comment "Indicates the son of the mother"@en ;  rdfs:domain ex:Mother ;  rdfs:range ex:MaleChild .```
Design an ontology to encompass {noun}.		Design an ontology to encompass Mother.	An ontology is a representation of a set of concepts within a domain and the relationships that hold between them. It basically helps to structure and organize information.Concept: MotherSub-concepts: Biological Mother, StepMother, Mother-in-law, Adoptive Mother, Surrogate Mother, Grandmother, Single Mother.Attributes:1. Biological Mother: A female who has given birth to a child.- HasChild- GivesBirth2. StepMother: A woman who is married to one's father after the death or divorce of one's mother.- IsMarriedTo- HasStepChild3. Mother-in-law: The mother of one's spouse.- HasSonInLaw/DaughterInLaw 4. Adoptive Mother: A woman who has adopted a child.- HasAdoptedChild5. Surrogate Mother: A woman who gives birth to a child for another person who then becomes the parent of the child.- HasSurrogacyContract- GivesBirth6. Grandmother: The mother of one's father or mother.- HasGrandChild 7. Single Mother: A mother who has a dependent child or dependent children and who is living without a partner.- HasChild- NoPartner Relationships:- HasChild: The mother-child relationship is the primary relationship that defines the mother concept.- GivesBirth: This is a unique relationship that is specific to biological and surrogate mothers.- IsMarriedTo: Pertains to mothers in relational contexts like StepMother.- HasSonInLaw/DaughterInLaw: Defines the relationship of a mother-in-law.- HasAdoptedChild: Unique to the concept of an Adoptive Mother.- HasSurrogacyContract: This relationship is unique to surrogate mothers. - HasGrandChild: Defines the Grandmother concept.- NoPartner: It's a unique identifier for single mothers. The purpose of this ontology is to clearly define the concept of Mother, establishing explicit differentiation among its various types and their unique identifying relationships.
Design an ontology to encompass {noun}.	 Provide it in valid Turtle/RDF format, excluding any extra text.	Design an ontology to encompass Mother. Provide it in valid Turtle/RDF format, excluding any extra text.	@prefix rdf: <http://www.w3.org/1999/02/22-rdf-syntax-ns#> .@prefix rdfs: <http://www.w3.org/2000/01/rdf-schema#> .@prefix xsd: <http://www.w3.org/2001/XMLSchema#> .@prefix owl: <http://www.w3.org/2002/07/owl#> .@prefix foaf: <http://xmlns.com/foaf/0.1/> .@prefix ex: <http://example.org/> .ex:Mother a rdfs:Class;    rdfs:label "Mother"@en;    rdfs:comment "Individual who is a female parent of a person or offspring"@en;    rdfs:subClassOf foaf:Person .ex:hasMother a rdf:Property;    rdfs:label "has mother"@en;    rdfs:comment "Property indicating the mother of a person"@en;    rdfs:domain foaf:Person;    rdfs:range ex:Mother .ex:isMotherOf a rdf:Property;    rdfs:label "is mother of"@en;    rdfs:comment "Property indicating the person/offspring of a mother"@en;    rdfs:domain ex:Mother;    rdfs:range foaf:Person .ex:Mother    rdfs:subClassOf ex:Parent;    ex:isGender "Female"^^xsd:string .ex:Parent a rdfs:Class;    rdfs:label "Parent"@en;    rdfs:comment "Individual who has a biological or legal familial relationship to a child"@en;    rdfs:subClassOf foaf:Person .
Generate an ontology that covers {noun}.		Generate an ontology that covers Mother.	1. Ontology: Mother1.1 Definition: Female parent of a child, offspring or adopted child.1.2 Attributes:1.2.1 Biological mother: The woman from whose egg the child originated.1.2.2 Adoptive mother: A woman who has legally adopted a child.1.2.3 Step-Mother: The wife of one's father and not one's biological mother.1.2.4 Grandmother: The mother of one's parent.1.2.5 Great Grandmother: The mother of one's grandparent.1.2.6 Single mother: A woman who has a child and is not currently married or in a relationship.1.3 Relationships:1.3.1 Daughter: A female child of a mother.1.3.2 Son: A male child of a mother.1.3.3 Spouse: The husband or partner of a mother.1.3.4 Sibling: The brother or sister of a mother.1.3.5 In-Laws: The family of the spouse of a mother.1.3.6 Friends: Non-family people who have a close relationship with the mother.1.4 Values:1.4.1 Maternal instincts: The natural inclination to care and protect one's children.1.4.2 Nurturing: Providing care and encouragement for growth and development.1.5 Roles:1.5.1 Caregiver: Provides care for their children.1.5.2 Teacher: Helps to teach their children about the world.1.5.3 Protector: Protects their children from harm.1.5.4 Provider: Provides for their children's needs.1.6 Events:1.6.1 Pregnancy: The period of carrying a fetus.1.6.2 Childbirth: The process of delivering a child.1.6.3 Adoption: The legal process of becoming a parent to a child that is not biologically theirs.1.7 Occupations:1.7.1 Stay-at-home mother: A woman who chooses to forego paid employment and stay at home full-time to raise her children.1.7.2 Working mother: A woman who works outside of the home in addition to raising her children.1.8 Legal implications:1.8.1 Custody: Legal responsibility and care for a child.1.9 Medical implications:1.9.1 Maternal health: The health of women during pregnancy, childbirth, and the postpartum period.1.9.2 Breastfeeding: The process of feeding a baby with milk directly from the mother's breasts.1.10 Cultural implications:1.10.1 Motherhood in different cultures: The different societal expectations and practices of mothers in different cultures.
Generate an ontology that covers {noun}.	 Provide it in valid Turtle/RDF format, excluding any extra text.	Generate an ontology that covers Mother. Provide it in valid Turtle/RDF format, excluding any extra text.	@prefix foaf: <http://xmlns.com/foaf/0.1/> .@prefix rdfs: <http://www.w3.org/2000/01/rdf-schema#> .@prefix schema: <http://schema.org/> .@prefix xsd: <http://www.w3.org/2001/XMLSchema#> .@prefix dbo: <http://dbpedia.org/ontology/> .schema:Mother a rdfs:Class ;  rdfs:label "Mother"@en ;  rdfs:subClassOf schema:Person ;  rdfs:comment "A woman in relation to her child or children."@en .dbo:child a rdfs:Property ;  rdfs:label "child "@en ;  rdfs:domain schema:Mother ;  rdfs:range schema:Person ;  rdfs:comment "A child of the mother."@en .dbo:biologicalMother a rdfs:Property ;  rdfs:label "biological mother"@en ;  rdfs:domain schema:Person ;  rdfs:range schema:Mother ;  rdfs:comment "The woman who gave birth to the child. Not necessarily the caretaker."@en .  dbo:adoptiveMother a rdfs:Property ;  rdfs:label "adoptive mother"@en ;  rdfs:domain schema:Person ;  rdfs:range schema:Mother ;  rdfs:comment "The woman who has legally adopted the child."@en .dbo:surrogateMother a rdfs:Property ;  rdfs:label "surrogate mother"@en ;  rdfs:domain schema:Person ;  rdfs:range schema:Mother ;  rdfs:comment "The woman who became pregnant with the child through a surrogacy arrangement."@en .
Produce an ontology specifically for {noun}.		Produce an ontology specifically for Mother.	OWL: Ontology for MotherClass: Mother    Subclass of: Parent    Annotation: The female parent of an offspring.  Properties:    hasChild: Object property, relates Mother to Child        Annotation: This relation describes that a mother has at least one child.        Domain: Mother        Range: Child    ChildBirthDate: Data property, relates Mother to Date        Annotation: This property indicates the date of birth of a mother's child.        Domain: Mother        Range: Date    hasParentingStyle: Data property, relates Mother to Parenting Style        Annotation: This property indicates the style or approach a mother uses when raising a child.        Domain: Mother        Range: Parenting Style Class: Child    Subclass of: Person    Annotation: A child is a young human-being who is the offspring of a mother.  Class: Parenting Style     Annotation: The different approaches that parents use to raise a child. Can be classified as authoritative, authoritarian, permissive, or uninvolved.Individual: Authoritative Style     Type: Parenting StyleIndividual: Authoritarian Style     Type: Parenting StyleIndividual: Permissive Style     Type: Parenting StyleIndividual: Uninvolved Style     Type: Parenting StyleData type: Date    Annotation: A calendar date represented in the format dd-mm-yyyy.
Produce an ontology specifically for {noun}.	 Provide it in valid Turtle/RDF format, excluding any extra text.	Produce an ontology specifically for Mother. Provide it in valid Turtle/RDF format, excluding any extra text.	@prefix rdf: <http://www.w3.org/1999/02/22-rdf-syntax-ns#> .@prefix rdfs: <http://www.w3.org/2000/01/rdf-schema#> .@prefix owl: <http://www.w3.org/2002/07/owl#> .@prefix xsd: <http://www.w3.org/2001/XMLSchema#> .@prefix : <http://example.org/mother#> .:Mother rdf:type owl:Class ;        rdfs:comment "A female parent" ;        rdfs:label "Mother"@en .:hasMother rdf:type owl:ObjectProperty ;            rdfs:domain :Person ;            rdfs:range :Mother ;            rdfs:subPropertyOf :hasParent ;            rdfs:comment "The mother of a person" ;            rdfs:label "has mother"@en .            :hasChild rdf:type owl:ObjectProperty ;           rdfs:domain :Mother ;           rdfs:range :Person ;           rdfs:subPropertyOf :hasOffspring ;           rdfs:comment "The child of a mother" ;           rdfs:label "has child"@en .:Person rdf:type owl:Class ;        rdfs:subClassOf [ rdf:type owl:Restriction ; owl:onProperty :hasMother ; owl:someValuesFrom :Mother ] ;        rdfs:subClassOf [ rdf:type owl:Restriction ; owl:onProperty :hasFather ; owl:someValuesFrom :Father ] ;        rdfs:comment "A human being" ;        rdfs:label "Person"@en . :hasParent rdf:type owl:ObjectProperty ;           rdfs:domain :Person ;           rdfs:range :Person ;           rdfs:comment "The parent of a person" ;           rdfs:label "has parent"@en .:hasOffspring rdf:type owl:ObjectProperty ;           rdfs:domain :Person ;           rdfs:range :Person ;           rdfs:comment "The offspring of a person" ;           rdfs:label "has offspring"@en .:Father rdf:type owl:Class ;        rdfs:comment "A male parent" ;        rdfs:label "Father"@en .
Compose an ontology to represent {noun}.		Compose an ontology to represent Mother.	Class: Human    Subclass: Female        Subclass: Adult            Subclass: Mother                Properties: Has Child (Human)                             Can give birth (Boolean)                             Has maternal instincts (Boolean)                             Has umbilical connection (Boolean)Instances of Mother class might have additional properties such as the following:Instance: Sarah (Mother)    Property: Has Child (Lucy, John)              Can give birth (True)              Has maternal instincts (True)              Has umbilical connection (True) 
Compose an ontology to represent {noun}.	 Provide it in valid Turtle/RDF format, excluding any extra text.	Compose an ontology to represent Mother. Provide it in valid Turtle/RDF format, excluding any extra text.	@prefix rdf: <http://www.w3.org/1999/02/22-rdf-syntax-ns#> .@prefix rdfs: <http://www.w3.org/2000/01/rdf-schema#> .@prefix owl: <http://www.w3.org/2002/07/owl#> .@prefix xsd: <http://www.w3.org/2001/XMLSchema#> .@prefix foaf: <http://xmlns.com/foaf/0.1/> .@prefix fam: <http://example.org/family#> .fam:Mother rdf:type owl:Class ;           rdfs:subClassOf fam:Woman ;           rdfs:comment "A female parent of a child or children."@en ;           rdfs:label "Mother"@en .                fam:hasMother rdf:type owl:ObjectProperty ;              rdfs:range fam:Mother ;              rdfs:domain fam:Person ;              rdfs:label "has mother"@en ;              rdfs:comment "The mother of the person."@en .fam:isMotherOf rdf:type owl:ObjectProperty ;               rdfs:domain fam:Mother ;               rdfs:range fam:Person ;               rdfs:label "is mother of"@en ;               rdfs:comment "The child or children of the mother."@en .
Make an ontology that pertains to {noun}.		Make an ontology that pertains to Mother.	I. Class: Parent    A. Subclass: Mother        1. Characteristics:             a. Biological Entity: The biological parent who gives birth to their offspring.            b. Gender: Typically associated with female gender.            c. Role: Primary caregiver, role model, and provider for the child.            d. Relationship: Directly connected to the child and possibly a father.        2. Responsibilities:            a. Child Rearing: Taking care of the child's physical, emotional, and social needs.            b. Education: Ensuring the child's educational needs are met.            c. Health: Looking after the child’s health.II. Class: Relationship     A. Subclass: Maternal         1. Characteristics:            a. Emotional Bond: Strong emotional attachment between mother and child.            b. Biological Bond: Biological connection shared between mother and child.            c. Legal Bond: Legal obligation of the mother to the child.III. Class: Behavior    A. Subclass: Maternal Behavior        1. Characteristics:            a. Nurturing: Behaviors geared towards taking care of the child's needs.            b. Providing: Making sure the child's fundamental needs are met.            c. Teaching: Imparting knowledge and skills to the child.        IV. Class: Motherhood    A. Subclass: Stages of Motherhood        1. Characteristics:            a. Pregnancy: The period of gestation.            b. Childbirth: The process of delivering a baby.            c. Postpartum: The period following childbirth.            d. Child Raising: The process of nurturing and educating a child.V. Class: Cultural Views     A. Subclass: Perception of Mother        1. Characteristics:            a. Reverence: High regard or respect often given to mothers in society.            b. Roles: Culturally defined expectations and responsibilities for a mother.            c. Symbolism: Symbols and metaphors associated with motherhood in various cultures.            VI. Class: Legal Definitions     A. Subclass: Legal Rights of Mother        1. Characteristics:            a. Custody: Right to make decisions for the child's wellbeing.            b. Maternal Leave: Right to take time off work for childbirth or care of a newborn.            c. Child Support: Legal obligation to provide financial support for the child.
Make an ontology that pertains to {noun}.	 Provide it in valid Turtle/RDF format, excluding any extra text.	Make an ontology that pertains to Mother. Provide it in valid Turtle/RDF format, excluding any extra text.	@prefix rdf: <http://www.w3.org/1999/02/22-rdf-syntax-ns#> .@prefix owl: <http://www.w3.org/2002/07/owl#> .@prefix rdfs: <http://www.w3.org/2000/01/rdf-schema#> .@prefix xsd: <http://www.w3.org/2001/XMLSchema#> .@prefix ex: <http://example.org/> .ex:Mother rdf:type owl:Class ;rdfs:subClassOf ex:Female, ex:Parent ;rdfs:comment "A woman who has given birth to a child or children"@en .ex:hasMother rdf:type owl:ObjectProperty ;rdfs:domain ex:Person ;rdfs:range ex:Mother ;rdfs:comment "Relates a person to their biological mother"@en .ex:hasChild rdf:type owl:ObjectProperty ;rdfs:domain ex:Mother ;rdfs:range ex:Person ;rdfs:comment "Relates a mother to her biological child or children"@en .
Develop an ontology dedicated to the following: {noun}.		Develop an ontology dedicated to the following: Mother.	An ontology is a set of concepts that describe a specific domain. In this case, the domain is 'mother'. Therefore, the ontology will consist of concepts, classes, or entities related to a 'mother', the relationships among these entities and properties or attributes of these entities which will define and specify them. So, let's describe an ontology dedicated to 'Mother':Ontology: MotherEntities/Classes:1. Person (with attributes like name, age, gender etc.)2. Mother (subclass of Person)3. Child (subclass of Person)4. FamilyAttributes:1. Mother: Children (1 to N), Name, Age, Ethnicity, Occupation, etc.2. Child: Parents (1 to 2), Siblings (0 to N), Name, Age, Gender, etc.3. Family: Family_members (2 to N), Relation_Type, etc.Relationships:1. <Mother, hasChild, Child>2. <Mother, memberOf, Family>3. <Child, hasMother, Mother>This ontology allows for semantic data representation of information related to the concept of mother. It captures the attributes of a mother, child and the familial relationship between them.
Develop an ontology dedicated to the following: {noun}.	 Provide it in valid Turtle/RDF format, excluding any extra text.	Develop an ontology dedicated to the following: Mother. Provide it in valid Turtle/RDF format, excluding any extra text.	```turtle@prefix rdf: <http://www.w3.org/1999/02/22-rdf-syntax-ns#> .@prefix rdfs: <http://www.w3.org/2000/01/rdf-schema#> .@prefix owl: <http://www.w3.org/2002/07/owl#> .@prefix xsd: <http://www.w3.org/2001/XMLSchema#> .@prefix mother: <http://example.org/mother#> .mother:Mother rdf:type owl:Class ;  rdfs:comment "Class representing a mother." ;  rdfs:label "Mother" .mother:hasChild rdf:type owl:ObjectProperty ;  rdfs:comment "Property denoting the children of a mother." ;  rdfs:label "has child" ;  rdfs:range mother:Child ;  rdfs:domain mother:Mother .mother:Child rdf:type owl:Class ;  rdfs:comment "Class representing a child." ;  rdfs:label "Child" .mother:hasName rdf:type owl:DatatypeProperty ;  rdfs:comment "The name of the mother." ;  rdfs:label "has name" ;  rdfs:domain mother:Mother ;  rdfs:range xsd:string .mother:hasAge rdf:type owl:DatatypeProperty ;  rdfs:comment "The age of the mother." ;  rdfs:label "has age" ;  rdfs:domain mother:Mother ;  rdfs:range xsd:integer .```
Construct an ontology focused on the following: {noun}.		Construct an ontology focused on the following: Mother.	1. Concept: MotherPrimary Sub-Concepts:1.1 Biological Mother1.2 Adoptive Mother1.3 Surrogate Mother1.4 Step-Mother1.5 Foster Mother1.6 Single Mother1.7 Working Mother1.8 Stay-at-Home MotherRelated Concepts:2.1 Parenthood2.2 Father2.3 GrandmotherActivities:3.1 Child Rearing3.2 Breastfeeding3.3 Employment3.4 Discipline3.5 Education3.6 Home ManagementAttributes/Properties:4.1 Maternal Instinct4.2 Age4.3 Health Status4.4 Marital Status4.5 Income / Economic Status4.6 Education LevelValues:5.1 Unconditional Love5.2 Sacrifice5.3 Nurturing5.4 Guidance5.5 ProtectionRoles:6.1 Caregiver6.2 Educator6.3 Decision-maker6.4 Supporter6.5 Role modelIssues:7.1 Maternal Health7.2 Maternal Mortality7.3 Maternal Abuse7.4 Maternal Employment7.5 Postpartum Depression7.6 Single Motherhood7.7 Mother's RightsRelation:8.1 Child8.2 Spouse/Partner8.3 Ex-Spouse/ Partner8.4 Parents8.5 SiblingsSymbols:9.1 Mother and Child (Art)9.2 Mother's Day9.3 Heart (Symbol of Love)9.4 Baby Bump (Pregnancy)Cultural aspects:10.1 Cultural beliefs about motherhood10.2 Cultural traditions regarding motherhood10.3 Influence of culture on Mother-child relationship10.4 Role of mother in different cultures. Organizations:11.1 Mothers' Union11.2 Single Mothers by Choice11.3 Mothers Against Drunk Driving(MADD)11.4 National Association of Mothers' Centers.Laws & Policies:12.1 Maternity Leave Policies12.2 Parental Rights Laws12.3 Adoption Laws12.4 Child Support Laws12.5 Surrogacy Laws.
Construct an ontology focused on the following: {noun}.	 Provide it in valid Turtle/RDF format, excluding any extra text.	Construct an ontology focused on the following: Mother. Provide it in valid Turtle/RDF format, excluding any extra text.	```@prefix rdf: <http://www.w3.org/1999/02/22-rdf-syntax-ns#> .@prefix rdfs: <http://www.w3.org/2000/01/rdf-schema#> .@prefix xsd: <http://www.w3.org/2001/XMLSchema#> .@prefix ont: <http://example.org/ontology#> .ont:Mother a rdfs:Class ;ont:Mother rdfs:subClassOf ont:Woman .ont:hasMother a rdf:Property ;    rdfs:domain ont:Person ;    rdfs:range ont:Mother .ont:hasChild a rdf:Property ;    rdfs:domain ont:Mother ;    rdfs:range ont:Person .ont:hasName a rdf:Property ;    rdfs:domain ont:Person ;    rdfs:range xsd:string .ont:hasAge a rdf:Property ;    rdfs:domain ont:Person ;    rdfs:range xsd:integer .```
Build an ontology surrounding the concept of the following: {noun}.		Build an ontology surrounding the concept of the following: Mother.	1. Mother   - Biological Mother     - Pregnancy       - Conception       - Prenatal care       - Childbirth     - Genetics        - DNA       - Inherited traits       - Genetic diseases     - Breastfeeding       - Lactation       - Nutrition       - Bonding   - Legal Mother     - Adoption       - Adoption process       - Legal rights     - Guardianship       - Court appointed       - Custodial responsibilities   - Step-mother     - Marriage       - Wedding ceremony       - Legal responsibilities     - Blended families       - Co-parenting       - Step-siblings   - Surrogate Mother     - Surrogacy agreement     - IVF (In vitro fertilization)     - Childbirth   - Mother-in-law     - Marriage     - Spouse's mother     - Extended family  - Emotional Aspects    - Maternal love    - Mother-child bond    - Maternal instincts  - Roles and Responsibilities    - Child care    - Discipline    - Teaching and guiding  - Symbolic and Cultural Aspects    - Mother's Day    - Symbolism in literature and art    - Cultural expectations and traditions  - Titles and Names    - Mom, Mum, Mummy, Mama, Ma    - Maternal figures in religious texts    - Honorifics and titles in different cultures (Madame, Senora, etc.)
Build an ontology surrounding the concept of the following: {noun}.	 Provide it in valid Turtle/RDF format, excluding any extra text.	Build an ontology surrounding the concept of the following: Mother. Provide it in valid Turtle/RDF format, excluding any extra text.	```turtle@prefix rdf: <http://www.w3.org/1999/02/22-rdf-syntax-ns#> .@prefix rdfs: <http://www.w3.org/2000/01/rdf-schema#> .@prefix xsd: <http://www.w3.org/2001/XMLSchema#> .@prefix : <http://example.org/mother#> .:Mother rdf:type rdfs:Class ;        rdfs:label "Mother"@en ;        rdfs:comment "A female parent of a child or offspring"@en .        :Child rdf:type rdfs:Class ;       rdfs:label "Child"@en ;       rdfs:comment "A person in relation to his or her parent" .:hasMother rdf:type rdf:Property ;           rdfs:domain :Child ;           rdfs:range :Mother ;           rdfs:label "has mother"@en ;           rdfs:comment "The property that indicates a mother of a child"@en .            :givesBirthTo rdf:type rdf:Property ;              rdfs:domain :Mother ;              rdfs:range :Child ;              rdfs:label "gives birth to"@en ;              rdfs:comment "The property that indicates a child that a mother has given birth to"@en .              :Name rdf:type rdf:Property ;      rdfs:domain [:Mother :Child] ;      rdfs:range xsd:string ;      rdfs:label "has name"@en ;      rdfs:comment "The property that provides the name of the mother or child"@en .```
Formulate an ontology related to  the following: {noun}.		Formulate an ontology related to  the following: Mother.	1. Concept: Mother2. Sub-concepts:   - Biological mother: A woman who gives birth to a child.   - Adoptive mother: A woman who legally assumed the parental responsibility of a child.   - Foster mother: A woman who is authorised to take responsibility of a child in absence of biological parents.   - Step-mother: A woman who marries a single parent.   - Surrogate mother: A woman who carries and delivers a child on behalf of another person or couple.   - Single mother: A woman raising one or more children as the head of a household.3. Related concepts:    - Child: An offspring of a mother.    - Father: A partner of a mother in raising a child.    - Grandmother: The mother of one's father or mother.    - Motherhood: The state or experience of having or raising a child.    - Maternity: The state of being a mother; motherhood.    - Parenting: The process of raising and educating a child from birth or before until adulthood.    4. Attributes:    - Name: The designation of a mother.    - Age: The age of the mother.    - Nationality: The country of citizenship of the mother.    - Occupation: The profession or job of the mother.5. Functions:    - Caregiving: The act of giving care to a child.    - Nurturing: The act of providing nourishment for growth and development.    - Educating: The act of imparting knowledge or skills.    - Protecting: The act of shielding from harm or danger.6. Relations:    - Is a mother of: Reflects the relationship of a mother to her child.    - Is a daughter of: Reflects the relationship of a mother to her own parents.    - Is a wife of: Reflects the relationship of a mother to her spouse.    - Is a grandmother of: Reflects the relationship of a mother to her grandchild.
Formulate an ontology related to  the following: {noun}.	 Provide it in valid Turtle/RDF format, excluding any extra text.	Formulate an ontology related to  the following: Mother. Provide it in valid Turtle/RDF format, excluding any extra text.	@prefix rdf: <http://www.w3.org/1999/02/22-rdf-syntax-ns#> .@prefix rdfs: <http://www.w3.org/2000/01/rdf-schema#> .@prefix xsd: <http://www.w3.org/2001/XMLSchema#> .@prefix : <http://example.org/mother#> .:Mother rdf:type rdfs:Class .:hasMother rdf:type rdf:Property ;    rdfs:domain :Person ;    rdfs:range :Mother .    :Person rdf:type rdfs:Class .:child rdf:type :Person ;    :hasMother :mother1 .    :mother1 rdf:type :Mother .
Establish an ontology based on the following: {noun}.		Establish an ontology based on the following: Mother.	Ontology:1. Entity: Human   - Sub-entity: Woman     - Individual Entity: Mother2. Attributes of Mother:   - Parent: A mother is a parent to her child.   - Caretaker: A mother often assumes the role of taking care of her child’s physical, emotional, and social needs.   - Educator: A mother often teaches her child about life and many other things.   - Provider: A mother often provides for her child's physical sustenance and safety.3. Relation:   - Biological Relation: A mother is biologically related to her children by genetics.   - Family Relation: A mother is part of a family structure.   - Social Relation: A mother has a social role and identity in the society.  4. Actions:   - Giving Birth: A woman often becomes a mother by giving birth to a child.   - Adoption: A woman can also become a mother by adopting a child.   - Raising: A mother typically raises her child, providing care, love, support and guidance. 5. Object:   - Children: A mother’s children are the primary object of her role.   - Household: A mother often manages and takes responsibility of her household.   6. Qualities:   - Nurturing: Mothers usually have a nurturing character, providing care and protection.   - Loving: Mothers typically show a great deal of love and affection to their children.   - Patient: Mothers often show patience in dealing with their children's needs and behavior.7. Event:   - Motherhood: Motherhood is the state of being a mother.   - Child Birth: Childbirth is the event where a woman becomes a mother.   - Parenting: Parenting is the event comprising of the experiences and activities of raising one's child.
Establish an ontology based on the following: {noun}.	 Provide it in valid Turtle/RDF format, excluding any extra text.	Establish an ontology based on the following: Mother. Provide it in valid Turtle/RDF format, excluding any extra text.	@prefix rdf: <http://www.w3.org/1999/02/22-rdf-syntax-ns#> .@prefix rdfs: <http://www.w3.org/2000/01/rdf-schema#> .@prefix owl: <http://www.w3.org/2002/07/owl#> .@prefix xsd: <http://www.w3.org/2001/XMLSchema#> .@prefix : <http://example.org#> .:Mother rdf:type owl:Class ;    rdfs:subClassOf :Human .:hasMother rdf:type owl:ObjectProperty ;    rdfs:domain :Human ;    rdfs:range :Mother .:isMotherOf rdf:type owl:ObjectProperty ;    rdfs:domain :Mother ;    rdfs:range :Human ;    owl:inverseOf :hasMother . 
Design an ontology to encompass the following: {noun}.		Design an ontology to encompass the following: Mother.	Designing an ontology surrounding the concept of "Mother" would involve a detailed structure of all the possible relationships, attributes and roles associated with a mother. Here is a simplified structure of such an ontology.Classes:1) Person2) Mother (subclass of Person)3) Child (subclass of Person)4) Grandmother (subclass of Mother)5) Mother-in-law (special case of Mother, wherein relation is established through marriage not birth)Properties:- HasChild: The relationship between a Mother and Child.- HasMother: The relationship between a Person and their Mother.- IsMotherOf: The inverse relationship of HasMother. - GivenBirthTo: A relationship between a Mother and Child marking the act of birth.- Raised: A relationship between a Mother and Child referring to the upbringing of the child.- MarriedTo: The relationship between a Person and their spouse, from which the Mother-in-law relationship can be deduced.Attributes:- Name: An attribute of Person.- DateOfBirth: An attribute of Person.- DateOfDeath: An attribute of Person.- Sex: An attribute of Person.- Nationality: An attribute of Person.Instances:- Mother can be instantiated with real-world individuals like "Mary", "Jane", etc.- Child can be instantiated with real-world individuals like "John", "Emma", etc.Note: This is a highly simplified version of an ontology focused on the concept of "Mother". A comprehensive ontology could include numerous other classes (like Siblings, Biological mother, Adoptive mother), myriad additional relationships (like WorksAs - detail about profession, LivesIn - detail about location), and a rich set of additional attributes (like address, educational details, etc.).
Design an ontology to encompass the following: {noun}.	 Provide it in valid Turtle/RDF format, excluding any extra text.	Design an ontology to encompass the following: Mother. Provide it in valid Turtle/RDF format, excluding any extra text.	@prefix rdf: <http://www.w3.org/1999/02/22-rdf-syntax-ns#> .@prefix rdfs: <http://www.w3.org/2000/01/rdf-schema#> .@prefix : <http://example.org/#> .    :Mother rdf:type rdfs:Class ;    rdfs:label "Mother"@en ;    rdfs:comment "A female parent"@en .       :Person rdf:type rdfs:Class ;    rdfs:label "Person"@en ;    rdfs:comment "An individual human being"@en .        :hasMother rdf:type rdf:Property ;    rdfs:label "has mother"@en ;    rdfs:comment "The mother of a person"@en ;    rdfs:domain :Person ;    rdfs:range :Mother .        :isMotherOf rdf:type rdf:Property ;    rdfs:label "is mother of"@en ;    rdfs:comment "A person to whom a woman gave birth"@en ;    rdfs:domain :Mother ;    rdfs:range :Person .
Generate an ontology that covers the following: {noun}.		Generate an ontology that covers the following: Mother.	Ontology:1. Class: Person   - SubClass: Mother     - Properties:         1. HasChild(Person)        2. IsParentOf(Person)        3. IsDaughterOf(Person)        4. IsWifeOf(Person)        5. HasSibling(Person)        6. HasSpouse(Person)        7. Mother'sFirstName(String)        8. Mother'sLastName(String)        9. Mother'sDOB(Date)        10. Mother'sPOB(String)        11. Mother'sNationality(String)        12. Mother'sEthnicity(String)        13. Mother'sOccupation(String)        14. Mother'sEducationLevel(String)        15. Mother'sReligion(String)        16. Mother'sMaritalStatus(String)        17. Mother'sBiological(Boolean)
Generate an ontology that covers the following: {noun}.	 Provide it in valid Turtle/RDF format, excluding any extra text.	Generate an ontology that covers the following: Mother. Provide it in valid Turtle/RDF format, excluding any extra text.	@prefix rdf: <http://www.w3.org/1999/02/22-rdf-syntax-ns#> .@prefix rdfs: <http://www.w3.org/2000/01/rdf-schema#> .@prefix xsd: <http://www.w3.org/2001/XMLSchema#> .@prefix owl: <http://www.w3.org/2002/07/owl#> .@prefix : <http://example.com/mother#> .:Woman a owl:Class ;  rdfs:label "Woman"@en .:Child a owl:Class ;  rdfs:label "Child"@en .:Mother a owl:Class ;  rdfs:subClassOf :Woman ;  rdfs:label "Mother"@en .:hasMother a owl:ObjectProperty ;  rdfs:domain :Child ;  rdfs:range :Mother ;  rdfs:label "has mother"@en .:Mother rdfs:subClassOf :hasChild .:hasChild a owl:ObjectProperty ;  rdfs:domain :Mother ;  rdfs:range :Child ;  rdfs:label "has child"@en .
Produce an ontology specifically for the following: {noun}.		Produce an ontology specifically for the following: Mother.	Ontology is an explicit specification of a conceptualization, aiming to define and structure concepts and their relationships within a specific domain. The mentioned domain is the entity 'Mother', so this is a specialized ontology for the concept of mother:Class: Living Being  Subclass: Human    Subclass: Female      Subclass: MotherRelations: 1. Living Being - can be - Human2. Human - can be - Female3. Female - can be - MotherProperties (attributes) of 'Mother':1. Has children2. Gave birth3. Shows maternal instinct4. Provides care5. Has grandchildren (Potentially)6. Has own biological mother and father7. Has age8. Has nationality9. Has marital status  Relationships with other entities:1. Mother - can be married to - Father2. Mother - can give birth to - Children3. Mother - can be daughter of - Grandparents4. Mother - can be sister of - Aunt/Uncle5. Mother - can be adoptive, biological or step - ParentInstances (individuals):1. Any individual who is a mother. For example, Marie Curie, Angelina Jolie, etc.Axioms:1. All mothers are female.2. All mothers have at least one child.3. All mothers are humans.This ontology can be specialized or generalized according to the needs of the domain. For instance, we can continue to add subclasses to the mother class like 'Single Mother', 'Working Mother', etc., or we can add subclass to children like 'Son', 'Daughter'. Also, more properties or attributes can be added to the 'Mother' class, like 'Education level', 'Employment status' etc. depending on what we want to represent in our domain.
Produce an ontology specifically for the following: {noun}.	 Provide it in valid Turtle/RDF format, excluding any extra text.	Produce an ontology specifically for the following: Mother. Provide it in valid Turtle/RDF format, excluding any extra text.	@prefix rdf: <http://www.w3.org/1999/02/22-rdf-syntax-ns#> .@prefix rdfs: <http://www.w3.org/2000/01/rdf-schema#> .@prefix owl: <http://www.w3.org/2002/07/owl#> .@prefix xsd: <http://www.w3.org/2001/XMLSchema#> .@prefix : <http://example.org/mother#> .:Mother rdf:type rdfs:Class ;  rdfs:subClassOf :FemaleHuman ;  rdfs:comment "The female parent of a child or offspring"@en .:hasMother rdf:type owl:ObjectProperty ;  rdfs:label "has mother"@en ;  rdfs:domain :HumanBeing ;  rdfs:range :Mother .:isMotherOf rdf:type owl:ObjectProperty ;  rdfs:label "is mother of"@en ;  rdfs:domain :Mother ;  rdfs:range :HumanBeing .:FemaleHuman rdf:type rdfs:Class ;  rdfs:subClassOf :HumanBeing .:HumanBeing rdf:type rdfs:Class ;  rdfs:comment "A human being"@en .
Compose an ontology to represent the following: {noun}.		Compose an ontology to represent the following: Mother.	Ontology Class: Human Being- Subclass: Woman  - Subclass: Mother    - Attributes:       - Name      - Age      - Nationality      - Occupation      - Children (Relation to another class - Human Being)    - Relations:      - Is a parent of (relation to another class - Human Being)      - Is a daughter of (relation to another class - Woman)      - Is married to (relation to another class - Man)- Subclass: Man  - Attributes:       - Name      - Age      - Nationality      - Occupation      - Children (Relation to another class - Human Being)    - Relations:      - Is a parent of (relation to another class - Human Beings)      - Is a son of (relation to another class - Woman)      - Is married to (relation to another class - Woman)Description:In this ontology, a mother is a subclass of a woman, which is itself a subclass of the human being class. Attributes of the mother class include name, age, nationality, and occupation. The 'children' attribute is a relation to another human being class, indicating the children of the mother. There are also relations indicating that the mother is a parent of someone, is a daughter of another woman, or is married to a man.
Compose an ontology to represent the following: {noun}.	 Provide it in valid Turtle/RDF format, excluding any extra text.	Compose an ontology to represent the following: Mother. Provide it in valid Turtle/RDF format, excluding any extra text.	@prefix rdf: <http://www.w3.org/1999/02/22-rdf-syntax-ns#> .@prefix rdfs: <http://www.w3.org/2000/01/rdf-schema#> .@prefix xsd: <http://www.w3.org/2001/XMLSchema#> .@prefix ex: <http://example.org#> .ex:Mother rdf:type rdfs:Class ;    rdfs:label "Mother"@en ;    rdfs:comment "A female parent"@en .ex:hasMother rdf:type rdf:Property ;    rdfs:label "has mother"@en ;    rdfs:comment "The property indicates a relationship from an individual to their female parent"@en ;    rdfs:domain ex:Person ;    rdfs:range ex:Mother .ex:isMotherOf rdf:type rdf:Property ;    rdfs:label "is mother of"@en ;    rdfs:comment "The property indicates a relationship from a female parent to her offspring"@en ;    rdfs:domain ex:Mother ;    rdfs:range ex:Person .
Make an ontology that pertains to the following: {noun}.		Make an ontology that pertains to the following: Mother.	Class: Person    Subclass: Woman        Subclass: Mother            Properties:            - HasChild (Person)            - IsMarriedTo (Man, optional)            - IsDivorcedFrom (Man, optional)            - IsWidowedBy (Man, optional)            - IsAdoptiveMother (Boolean)            - IsBiologicalMother (Boolean)            - Age (Integer)            - Occupation (String)            - Education (String)            - Nationality (String)            - Religion (String)Class: Child   Properties:   - HasMother (Mother)   - HasFather (Man, optional)   - Age (Integer)   - Gender (String)   - Nationality (String)   - Education (String)Class: Man   Subclass: Father      Properties:      - IsMarriedTo (Woman, optional)      - IsDivorcedFrom (Woman, optional)      - IsWidowedBy (Woman, optional)      - HasChild (Person)      - Age (Integer)      - Occupation (String)      - Education (String)      - Nationality (String)      - Religion (String) Class: Pregnancy   Properties:   - HasMother (Mother)   - StartDate (Date)   - EndDate (Date)   - ResultedInChild (Child)Class: Adoption   Properties:   - HasAdoptiveMother (Mother)   - HasAdoptiveFather (Man, optional)   - StartDate (Date)   - FinalizationDate (Date)   - ResultedInChild (Child)
Make an ontology that pertains to the following: {noun}.	 Provide it in valid Turtle/RDF format, excluding any extra text.	Make an ontology that pertains to the following: Mother. Provide it in valid Turtle/RDF format, excluding any extra text.	@prefix rdf: <http://www.w3.org/1999/02/22-rdf-syntax-ns#> .@prefix rdfs: <http://www.w3.org/2000/01/rdf-schema#> .@prefix owl: <http://www.w3.org/2002/07/owl#> .@prefix xsd: <http://www.w3.org/2001/XMLSchema#> .@prefix foaf: <http://xmlns.com/foaf/0.1/> .@prefix ex: <http://example.com/mother#> .ex:Mother rdf:type owl:Class ;    rdfs:subClassOf foaf:Person ;    rdfs:comment "A female human who has given birth to a child or who has a child for whom she has the legal and moral responsibility."@en ;    rdfs:label "Mother"@en .ex:hasMother rdf:type owl:ObjectProperty ;    rdfs:domain foaf:Person ;    rdfs:range ex:Mother ;    rdfs:comment "The mother of a person."@en ;    rdfs:label "has mother"@en .ex:hasChild rdf:type owl:ObjectProperty ;    rdfs:domain ex:Mother ;    rdfs:range foaf:Person ;    rdfs:comment "The child of a mother."@en ;    rdfs:label "has child"@en .ex:hasSpouse rdf:type owl:ObjectProperty ;    rdfs:domain ex:Mother ;    rdfs:range foaf:Person ;    rdfs:comment "The spouse of a mother."@en ;    rdfs:label "has spouse"@en .ex:isMotherOf rdf:type owl:ObjectProperty ;    rdfs:domain ex:Mother ;    rdfs:range foaf:Person ;    rdfs:comment "The person of whom one is the mother."@en ;    rdfs:label "is mother of"@en .ex:isDaughterOf rdf:type owl:ObjectProperty ;    rdfs:domain foaf:Person ;    rdfs:range ex:Mother ;    rdfs:comment "The mother of whom one is the daughter."@en ;    rdfs:label "is daughter of"@en .ex:isSonOf rdf:type owl:ObjectProperty ;    rdfs:domain foaf:Person ;    rdfs:range ex:Mother ;    rdfs:comment "The mother of whom one is the son."@en ;    rdfs:label "is son of"@en .
Could you develop a basic design pattern for representing {noun} in an ontology?		Could you develop a basic design pattern for representing Mother in an ontology?	Sure! Here is a very basic design pattern for representing "Mother" in an ontology. It's important to remember that ontology is highly dependent on the specifics of the system where it is being used, so this is a simplified, general example.1. Class: Person   - Attribute: Name (String)   - Attribute: BirthDate (Date)   - Attribute: Gender (Enum[Male, Female])2. Class: Mother (Subclass of Person)   - Attribute: Children (List of Person)   - Relationship: HasChild (directed association to Person)       In this ontology, a Mother is considered as a subclass of a Person. The key characteristic of Mother that distinguishes her from other persons is that she has at least one child. However, ontology could be more complex where it considers other aspects like the biological relation, emotional relation, fostering, adoption and legal aspects. It also depends on the cultural context and the interpretation of motherhood in specific communities. Remember this is a simple portrayal. A comprehensive pattern would need to allow for multiple children, child death, adoption, surrogate mothers, etc. Also, it's important to note that real-world deployment of this type of design pattern can involve sensitive, personal data which must be handled respectfully and securely under privacy laws and ethical standards.
Could you develop a basic design pattern for representing {noun} in an ontology?	 Provide it in valid Turtle/RDF format, excluding any extra text.	Could you develop a basic design pattern for representing Mother in an ontology? Provide it in valid Turtle/RDF format, excluding any extra text.	Sure, here's a very basic representation:```turtle@prefix rdf: <http://www.w3.org/1999/02/22-rdf-syntax-ns#> .@prefix rdfs: <http://www.w3.org/2000/01/rdf-schema#> .@prefix foaf: <http://xmlns.com/foaf/0.1/> .@prefix rel: <http://purl.org/vocab/relationship/> .:Mary rdf:type foaf:Person ;      foaf:name "Mary" ;      rel:motherOf :John .:John rdf:type foaf:Person ;      foaf:name "John" ;      rel:childOf :Mary .```In this representation:- Mary is a `foaf:Person` (FOAF = Friend of a Friend, a common vocabulary for representing people and relationships) with name "Mary".- Mary is a mother of John (represented by `rel:motherOf`, from a relationship vocabulary).- John is a `foaf:Person` with name "John".- John is a child of Mary (`rel:childOf`).Please note that this is a metaphorical representation and the actual design pattern would depend on various factors and requirements such as the level of detail needed, terms used, vocabularies used, etc. For a more detailed and complex ontology, you might need to include more properties, classes, and relationships.
Is it possible for you to create a straightforward pattern to depict {noun} ontologically?		Is it possible for you to create a straightforward pattern to depict Mother ontologically?	As an AI, I can attempt to create an ontological pattern for the concept of a Mother. This pattern represents abstract ideas about a mother's attributes and roles, but please note that individual experiences and cultural beliefs may vary.1. Entity: Mother2. Relationship: Child, Father, Grandparents, Siblings3. Attributes: Biological or adoptive Female parent, nurturing, loving, protective, provides sustenance and care.4. Actions: Gives birth or adopts, raises and guides children, provides emotional and physical care.5. Roles: Primary caregiver (often but not exclusively), role model, educator, moral guide.Again, remember that the concept of "Mother" may mean different things to different people. It is possible for these roles to be filled by different individuals or entities in someone's life.
Is it possible for you to create a straightforward pattern to depict {noun} ontologically?	 Provide it in valid Turtle/RDF format, excluding any extra text.	Is it possible for you to create a straightforward pattern to depict Mother ontologically? Provide it in valid Turtle/RDF format, excluding any extra text.	Yes, it is possible to represent the concept of "Mother" ontologically in Turtle/RDF format. But keep in mind, the pattern just depicts a very simple view of what a "Mother" might represent.```@prefix rdf: <http://www.w3.org/1999/02/22-rdf-syntax-ns#> .@prefix rdfs: <http://www.w3.org/2000/01/rdf-schema#> .@prefix ex: <http://example.com/> .ex:Mother rdf:type rdfs:Class .ex:hasMother rdf:type rdf:Property ;             rdfs:domain ex:Person ;             rdfs:range ex:Mother .```The above pattern states that "Mother" is a class, and hasMother is a property that relates a person to a mother. This is a very basic set-up and can be enhanced further based on specific requirements (for example, by incorporating specific attributes of Mother, sub-class relationships, etc.).
Can you formulate a simple ontology pattern that captures the essence of {noun}?		Can you formulate a simple ontology pattern that captures the essence of Mother?	Class: Person    Subclass: Woman       Relationship: Is_Mother_Of - Person       Relationship: Has_Mother - PersonDescription:The 'Person' class signifies any individual. 'Woman' is a subclass of a person representing females. The relationship 'Is_Mother_Of' is a property that indicates that a certain Woman class is the mother of another Person class. Similarly, 'Has_Mother' is another property that denotes that a certain Person class has a mother in the form of a Woman class. The essence of a 'Mother' is captured in these relationships. These relationships are reciprocal; if Woman 'A' Is_Mother_Of Person 'B', then Person 'B' Has_Mother Woman 'A'.
Can you formulate a simple ontology pattern that captures the essence of {noun}?	 Provide it in valid Turtle/RDF format, excluding any extra text.	Can you formulate a simple ontology pattern that captures the essence of Mother? Provide it in valid Turtle/RDF format, excluding any extra text.	```turtle@prefix rdf: <http://www.w3.org/1999/02/22-rdf-syntax-ns#> .@prefix rdfs: <http://www.w3.org/2000/01/rdf-schema#> .@prefix ex: <http://example.com/> .ex:Mother rdf:type rdfs:Class .ex:hasMother rdf:type rdf:Property ;    rdfs:domain ex:Person ;    rdfs:range ex:Mother ;    rdfs:subPropertyOf ex:hasParent .```This ontology defines a 'Mother' as a class and 'hasMother' as a relation that a person can have with a 'Mother'. It's also specified that 'hasMother' relation is a subproperty of the 'hasParent' relation. Note that this is a very basic ontology and would benefit from additions or modifications to become more precise in many use-cases.
Would you be able to generate a basic pattern for {noun}'s ontological representation?		Would you be able to generate a basic pattern for Mother's ontological representation?	Ontology defines a common vocabulary for researchers who need to share information in a domain, including definitions of basic concepts and their relationships. Here is a basic ontological representation for "Mother":1. Mother (Primary Class)   Attributes:      - Name   - Age   - Nationality   - Occupation   - Marital Status   Relationships:   - HasChild (relation with "Child" entity)   - IsMarriedTo (relation with "Father" entity)   - IsDaughterOf (relation with "Grandparent" entity)2. Child (Class)   Attributes:      - Name   - Age   - Gender   - School   Relationships:      - IsChildOf (relation with "Mother" entity)3. Father (Class)   Attributes:   - Name   - Age   - Nationality   - Occupation   Relationships:   - IsMarriedTo (relation with "Mother" entity)   - HasChild (relation with "Child" entity)4. Grandparent (Class)   - Name   - Age   - Nationality   Relationships:      - HasDaughter (relation with "Mother" entity)Please note that the representation may differ based on the complexity and specificity of information needed. For instance, the "Mother" class could also include information about siblings, parents, pets, etc. Similarly, more relationships could be drawn, and new classes can also be included. Proper development of an ontological representation depends on the requirements at hand.
Would you be able to generate a basic pattern for {noun}'s ontological representation?	 Provide it in valid Turtle/RDF format, excluding any extra text.	Would you be able to generate a basic pattern for Mother's ontological representation? Provide it in valid Turtle/RDF format, excluding any extra text.	Sure, here's a basic pattern using semantic web technology to denote the ontological relationships that relate to the concept of a mother. This is done in the Turtle syntax.```turtle@prefix rdfs: <http://www.w3.org/2000/01/rdf-schema#> .@prefix foaf: <http://xmlns.com/foaf/0.1/> .@prefix rel: <http://purl.org/vocab/relationship/> .<#Alice> a foaf:Person ;  foaf:name "Alice" ;  rel:motherOf <#Bob> .<#Bob> a foaf:Person ;  foaf:name "Bob" ;  rel:childOf <#Alice> .```This code represents that Alice is a mother of Bob. It includes base prefixes rdfs (for basic Resource Description Framework Schema elements), foaf (for Friend of a Friend vocabulary, to describe people and relationships), and rel (to define the specific relationship of child/mother). You could certainly extend this with more properties and relationships, reflecting more complex aspects of Alice and Bob, and HTML URIs if they are available, but this presents a basic representation.
Are you able to design a simple framework within an ontology to embody {noun}?		Are you able to design a simple framework within an ontology to embody Mother?	Sure, an ontology system for the concept "Mother" may include the following elements:1. **Class:** Mother.    - **Subclasses:** Biological Mother, Adoptive Mother, Stepmother, Foster Mother, Surrogate Mother, Grandmother.2. **Properties of the Class "Mother":**    - **hasChild:** This property relates a mother with her child.    - **childBirthDate:** This property indicates the date a mother gave birth or adopted a child.    - **isMarried:** This property seeks to identify if the mother is married or not.    - **hasSpouse:** This property identifies the mother's spouse, if any.    - **isWorking:** This property seeks to identify if the mother is a working mother or not.3. **Relations:**     - **Sibling Relation :** shows if the mother has any other children (siblings to the child).    - **Ancestral Relation:** shows lineage or ancestral information (who is the mother of the mother etc.)    - **Marital Relation:** shows the connection with a spouse or ex-spouse.This is a very basic framework. It can be expanded into various dimensions (financial status, health status, ethnicity, education, occupation, number of children, age, location etc.) depending on the information we have and the complexity we want to add.
Are you able to design a simple framework within an ontology to embody {noun}?	 Provide it in valid Turtle/RDF format, excluding any extra text.	Are you able to design a simple framework within an ontology to embody Mother? Provide it in valid Turtle/RDF format, excluding any extra text.	@prefix rdf: <http://www.w3.org/1999/02/22-rdf-syntax-ns#> .@prefix rdfs: <http://www.w3.org/2000/01/rdf-schema#> .@prefix : <http://example.org/> .:Mother     rdf:type rdfs:Class ;    rdfs:label "Mother" ;    rdfs:comment "A female parent." .:hasMother    rdf:type rdf:Property ;    rdfs:label "has mother" ;    rdfs:comment "A relationship designating motherhood." ;    rdfs:domain :Person ;    rdfs:range :Mother .:Person    rdf:type rdfs:Class ;    rdfs:label "Person" ;    rdfs:comment "An individual human being." .
Could you craft a minimalist design pattern to illustrate {noun} within an ontology?		Could you craft a minimalist design pattern to illustrate Mother within an ontology?	Sure, below is a basic minimalist design pattern:```Class: Person Class: Female   SubClassOf: PersonClass: Mother   SubClassOf: Female   ObjectProperty: hasChild      Range: Person```In this ontology, 'Person' forms the main class, and 'Female' is a subclass of 'Person'. The 'Mother' class is a subclass of 'Female' with the object property 'hasChild', which has a range of 'Person'. This particular design captures the concept of a mother in a minimalist manner by focusing on motherhood as a state of having one or more children.
Could you craft a minimalist design pattern to illustrate {noun} within an ontology?	 Provide it in valid Turtle/RDF format, excluding any extra text.	Could you craft a minimalist design pattern to illustrate Mother within an ontology? Provide it in valid Turtle/RDF format, excluding any extra text.	```turtle@prefix rdf: <http://www.w3.org/1999/02/22-rdf-syntax-ns#> .@prefix rdfs: <http://www.w3.org/2000/01/rdf-schema#> .@prefix ex: <http://example.org/> .ex:Mother rdf:type rdfs:Class .ex:hasMother rdf:type rdf:Property ;  rdfs:domain ex:Person ;  rdfs:range ex:Mother .```This pattern defines "Mother" as a class and "hasMother" as a relationship (property) that exists between a person (the "domain") and their mother (the "range").
Can you establish a basic structure for encapsulating {noun} in ontology terms?		Can you establish a basic structure for encapsulating Mother in ontology terms?	Sure, in ontology, entities are generally classified into classes or concepts, which are specified by their properties and the relationships they have with other entities. Here is a basic framework for encapsulating "Mother" in ontology terms:Concept: Human 1. Class: Woman    - Property: "Is a" relationship with "Human"     - Property: Possesses female gender2. Sub-class: Mother   - Property: "Is a" relationship with "Woman"    - Property: Has given birth to at least one child   - Relationship: "Parent of" with "Child"Relationships:1. "Is a" relationship with Man/Woman - for indicating gender of the human.2. "Parent of" relationship with children - for indicating whom she has given birth to.3. "Spouse of" relationship with "Father" - to specify her marital status and relationship with the father of her children.Attributes: 1. Personal Attributes: age, name, nationality, occupation, etc.2. Health Attributes: health status, medical history, etc.This is a very basic structure for encapsulating "Mother" in ontology terms and can be further expanded and specified depending on the use case. Optimization may also involve creating additional classes, relationships, etc. based on the context.
Can you establish a basic structure for encapsulating {noun} in ontology terms?	 Provide it in valid Turtle/RDF format, excluding any extra text.	Can you establish a basic structure for encapsulating Mother in ontology terms? Provide it in valid Turtle/RDF format, excluding any extra text.	@prefix rdf: <http://www.w3.org/1999/02/22-rdf-syntax-ns#> .@prefix rdfs: <http://www.w3.org/2000/01/rdf-schema#> .@prefix xsd: <http://www.w3.org/2001/XMLSchema#> .@prefix owl: <http://www.w3.org/2002/07/owl#> .@prefix foaf: <http://xmlns.com/foaf/0.1/> .@prefix : <http://example.com/> .:Mother a owl:Class ;    rdfs:subClassOf :Person ;    rdfs:label "Mother"@en ;    rdfs:comment "A female parent"@en ;    rdfs:seeAlso foaf:Person .:hasMother a owl:ObjectProperty ;    rdfs:domain :Person ;    rdfs:range :Mother ;    rdfs:label "has mother"@en ;    rdfs:comment "A property indicating a person's mother"@en .:isMotherOf a owl:ObjectProperty ;    rdfs:domain :Mother ;    rdfs:range :Person ;    rdfs:label "is mother of"@en ;    rdfs:comment "A property indicating person(s) a mother is parent to"@en .
Would you create a straightforward ontology model to capture {noun}?		Would you create a straightforward ontology model to capture Mother?	Sure, here is an example of a simple ontology model for Mother:1. Superclass: Human   - Subclass: Female2. Subclass: Mother   - Property: HasChild             - PropertyType: Human                 - Restrictions: MinCardinality(1)3. Relationship:   - Type: Biological              - Domain: Mother              - Range: Child4. Attributes of Mother:   - Name (datatype: string)   - Age (datatype: integer)   - Nationality (datatype: string)5. Object Property:    - HasBirthDate (range: Date)In this model, Mother is a subclass of Female. The Mother class has a property called 'HasChild' which is itself a Human type and must have at least one instance (MinCardinality(1)). There's a biological relationship established between Mother and Child. Then, several attributes are defined for Mother including name, age, and nationality. An object property 'HasBirthDate' is also established.
Would you create a straightforward ontology model to capture {noun}?	 Provide it in valid Turtle/RDF format, excluding any extra text.	Would you create a straightforward ontology model to capture Mother? Provide it in valid Turtle/RDF format, excluding any extra text.	```turtle@prefix ex: <http://example.com/> .@prefix rdf: <http://www.w3.org/1999/02/22-rdf-syntax-ns#> .@prefix rdfs: <http://www.w3.org/2000/01/rdf-schema#> .ex:Mother rdf:type rdfs:Class ;          rdfs:label "Mother" ;          rdfs:subClassOf ex:Female, ex:Parent .ex:hasMother rdf:type rdf:Property ;             rdfs:label "hasMother" ;             rdfs:domain ex:Person ;             rdfs:range ex:Mother .``` In this ontology, "Mother" is a class that is a subclass of both the "Female" and "Parent" classes. "hasMother" represents a property with the domain of "Person" and the range of "Mother", meaning that a "Person" has a mother who is a "Mother". Note that "Female" and "Parent" classes are also presupposed in this ontology.
Can you assemble a succinct pattern to convey {noun}'s concept through ontology?		Can you assemble a succinct pattern to convey Mother's concept through ontology?	Mother (Concept)- Primary Role: Childbearing, nurturing, raising children- Secondary Roles: Emotional support, guidance, protector, educator- Attributes: Femininity, patience, love, care, sacrifice- Relations: Child, spouse, maternal grandparents, maternal siblings- Associated Concepts: Motherhood, maternity, parenting, family - Symbols: Heart, Mother's Day, Madonna (Religious symbol) - Entities: Biological mother, adoptive mother, stepmother, surrogate mother, mother-in-law, grandmother- Related Locations: Home, maternity hospital- Social Roles: Homemaker, working mother- Professions: Midwife, obstetrician, pediatrician (caring for children)
Can you assemble a succinct pattern to convey {noun}'s concept through ontology?	 Provide it in valid Turtle/RDF format, excluding any extra text.	Can you assemble a succinct pattern to convey Mother's concept through ontology? Provide it in valid Turtle/RDF format, excluding any extra text.	```@prefix rdf: <http://www.w3.org/1999/02/22-rdf-syntax-ns#> .@prefix rdfs: <http://www.w3.org/2000/01/rdf-schema#> .@prefix owl: <http://www.w3.org/2002/07/owl#> .@prefix ex: <http://example.com/> .ex:Mother rdf:type rdfs:Class ;          rdfs:subClassOf ex:Human ;          rdfs:comment "A female parent" .ex:hasMother rdf:type owl:ObjectProperty ;             rdfs:domain ex:Human ;             rdfs:range ex:Mother ;             rdfs:comment "Relates a person to their mother" .ex:Mary rdf:type ex:Mother .ex:John ex:hasMother ex:Mary .```
Could you devise a simple scheme for representing {noun} within an ontology context?		Could you devise a simple scheme for representing Mother within an ontology context?	In the context of ontology, "Mother" can be represented as the connection between two entities. Here is a simple scheme:1. Class: Person2. Sub-Class: Woman3. Sub-Class: Mother (A sub-class of "Woman" since only a woman can be a Mother)    Properties of Mother:    - hasChild : Person (This indicates the relationship of the mother to the person(s) who is/are her child/children. It can hold multiple values since a mother can have more than one child.)    - hasSpouse : Man (Indicates the relationship of the mother to the person who is her spouse)    - hasAge : Integer    - hasName: String    - hasBirthDate : DateTimeMoreover, a loss of generality could involve adding more attributes to the "Mother" class, such as biological mother, adoptive mother, step-mother, etc., which can certainly complicate the ontology but can give it more realism and richness.
Could you devise a simple scheme for representing {noun} within an ontology context?	 Provide it in valid Turtle/RDF format, excluding any extra text.	Could you devise a simple scheme for representing Mother within an ontology context? Provide it in valid Turtle/RDF format, excluding any extra text.	Sure, here we may devise a simple ontology to represent a Mother within RDF Turtle context like so:```RDF@prefix rdf: <http://www.w3.org/1999/02/22-rdf-syntax-ns#> .@prefix rdfs: <http://www.w3.org/2000/01/rdf-schema#> .@prefix ontology: <http://example.com/ontology#> .@prefix individuals: <http://example.com/individuals#> .ontology:Mother rdf:type rdfs:Class .    individuals:Mary rdf:type ontology:Mother .```In this schema, we have created an ontology class "Mother". And "Mary" is an individual of type "Mother". The prefix "ontology" and "individuals" are usually replaced with the actual URI of the ontology and individuals. However, if you have a concept of mother as a relationship (i.e., someone is a mother because they have child/children), we could represent it this way:```RDF@prefix rdf: <http://www.w3.org/1999/02/22-rdf-syntax-ns#> .@prefix rdfs: <http://www.w3.org/2000/01/rdf-schema#> .@prefix ontology: <http://example.com/ontology#> .@prefix individuals: <http://example.com/individuals#> .ontology:hasMother rdf:type rdf:Property ;    rdfs:domain ontology:Person ;    rdfs:range ontology:Mother .    individuals:John ontology:hasMother individuals:Mary .individuals:Mary rdf:type ontology:Mother .individuals:John rdf:type ontology:Person .```Here, "hasMother" is a property that relates a person (John) to his mother (Mary). An individual "Mary" of class "Mother" is stated to be the mother of "John" who is of the class "Person".
Could you develop a basic design pattern for representing the following in an ontology: {noun}		Could you develop a basic design pattern for representing the following in an ontology: Mother	Sure, here is a simple ontology design pattern to represent the concept "Mother".Classes:1. Person: A generic class that represents a human being.2. Female: A subclass of person that represents women. 3. Mother: A subclass of Female that represents women who have given birth to, adopted, and or raised a child.Properties:1. hasChild: This relation connects the Mother class to the Person class (or Baby/ Child class if defined separately). It indicates that the linked person is the child of the mother.2. hasMother: This is the inverse relation of the "hasChild" property. It connects Person (or Baby/ Child) back to the Mother 3. isMarriedTo: This can be an optional relation between two Person classes, indicating married couples.4. hasSurname: This property could be used to specify the surname of the person.Individuals:These refer to instances of the classes. For instance, 'Jane Smith' could be an instance of a 'Person', 'Female', and possibly 'Mother', if specified information includes mention of a child.To enrich the ontology, further semantics such as birth details, residence, and so on can encompass more classes and properties.
Could you develop a basic design pattern for representing the following in an ontology: {noun}	 Provide it in valid Turtle/RDF format, excluding any extra text.	Could you develop a basic design pattern for representing the following in an ontology: Mother Provide it in valid Turtle/RDF format, excluding any extra text.	Certainly, here is a basic design pattern in Turtle/RDF format that can be used to represent the concept "Mother" in an ontology:```turtle@prefix ex: <http://example.com/> .@prefix rdf: <http://www.w3.org/1999/02/22-rdf-syntax-ns#> .@prefix rdfs: <http://www.w3.org/2000/01/rdf-schema#> .@prefix owl: <http://www.w3.org/2002/07/owl#> .ex:Mother a owl:Class ;  rdfs:subClassOf ex:Person ;  rdfs:comment "A person who is a female parent" .ex:hasMother a owl:ObjectProperty ;  rdfs:domain ex:Person ;  rdfs:range ex:Mother ;  rdfs:comment "A property indicating the mother of a particular person." .ex:isMotherOf a owl:ObjectProperty ;  rdfs:domain ex:Mother ;  rdfs:range ex:Person ;  rdfs:comment "A property indicating the child of a particular mother." .```This pattern states that 'Mother' is a subclass of 'Person' which has the properties 'hasMother' and 'isMotherOf'. The domain of 'hasMother' and range of 'isMotherOf' is 'Person', while the domain of 'isMotherOf' and range of 'hasMother' is 'Mother'. Therefore, a 'Mother' is a 'Person' who 'hasMother' other 'Persons' and is also the 'isMotherOf' other 'Persons'. This ontology design pattern allows us to represent the relationship between mothers and their children in both directions.
Is it possible for you to create a straightforward pattern to depict the following ontologically: {noun}		Is it possible for you to create a straightforward pattern to depict the following ontologically: Mother	Sure, here is a simple ontological pattern depicting the concept of "Mother":- Entity: Human    - Attribute: Gender        - Value: Female    - Role: Parent        - Relation: Motherhood            - Directed towards: Child (another Human entity)The above pattern essentially demonstrates that a "Mother" is a human who identifies as a female and has one or more child entities in relation to her.This is a very rudimentary pattern and might need additional attributes, roles, and relations pertaining to some specific requirements like biological, adoptive or step mother, etc. Ontology is a complex field that can vastly differ based on the domain and the level of detail needed.
Is it possible for you to create a straightforward pattern to depict the following ontologically: {noun}	 Provide it in valid Turtle/RDF format, excluding any extra text.	Is it possible for you to create a straightforward pattern to depict the following ontologically: Mother Provide it in valid Turtle/RDF format, excluding any extra text.	Yes, it is possible to model "Mother" using Turtle/RDF format, although it should be noted that RDF doesn't directly express relations like "mother". Instead relations are usually expressed through properties, and individuals through resources. Here is an example:```turtle@prefix rdf: <http://www.w3.org/1999/02/22-rdf-syntax-ns#> .@prefix rdfs: <http://www.w3.org/2000/01/rdf-schema#> .@prefix xsd: <http://www.w3.org/2001/XMLSchema#> .@prefix : <http://example.org/#> .:Marry rdf:type :Human .:Jane rdf:type :Human .:Marry :hasDaughter :Jane .:Jane :hasMother :Marry .```In this example, ":Marry" and ":Jane" are individual resources, corresponding to two people. The properties ":hasDaughter" and ":hasMother" express the "Mother" relationship. Please replace ":Marry", ":Jane", "http://example.org/#" with your own data URIs.This is a very simple example. Depending on your use case and your domain of discourse, you might need a richer model. For example, if you want to express the idea of "mother" in various cultural or historical contexts, you might need a more complex ontology.
Can you formulate a simple ontology pattern that captures the essence of the following: {noun}		Can you formulate a simple ontology pattern that captures the essence of the following: Mother	Pattern:- Entity: Individual- Property 1: isMotherOf- Property 2: isDaughterOf- Property 3: isFemaleAxioms:- Every Individual which has the property 'isMotherOf' must be an 'Individual', and this Individual should have the property 'isFemale'.- Every Individual which has the property 'isDaughterOf' must be an 'Individual'.- If an Individual 'A' has the property 'isMotherOf' another Individual 'B', then 'B' has the property 'isDaughterOf' 'A' (or 'isSonOf' depending on gender).Assertions:- Individual 'A' isMotherOf Individual 'B'.- Individual 'B' isDaughterOf (or 'isSonOf') Individual 'A'.- Individual 'A' isFemale.Please note that this ontology pattern allows for only binary gender identification and stereotypical parent-child relationships. It might need to be adjusted if a broader perspective is required.
Can you formulate a simple ontology pattern that captures the essence of the following: {noun}	 Provide it in valid Turtle/RDF format, excluding any extra text.	Can you formulate a simple ontology pattern that captures the essence of the following: Mother Provide it in valid Turtle/RDF format, excluding any extra text.	@prefix rdf: <http://www.w3.org/1999/02/22-rdf-syntax-ns#> .@prefix rdfs: <http://www.w3.org/2000/01/rdf-schema#> .@prefix ex: <http://example.com#> .ex:Mother a rdfs:Class ;    rdfs:comment "A female parent" .ex:hasMother a rdf:Property ;    rdfs:domain ex:Person ;    rdfs:range ex:Mother ;    rdfs:comment "The property that links a person to their mother" .ex:Person a rdfs:Class ;    rdfs:comment "A human individual" .ex:John a ex:Person ;    ex:hasMother ex:Jane .ex:Jane a ex:Mother .
Would you be able to generate a basic pattern for the following's ontological representation: {noun}		Would you be able to generate a basic pattern for the following's ontological representation: Mother	Sure, here is a basic pattern for representing the ontological structure of the concept "Mother":Class: Person  Subclass: Female    Instance: Mother       Property: HasChild          RelationTo: Instance (person)       Property: HasSpouse          RelationTo: Instance (person)In this pattern, "Mother" is an instance of the subclass "Female" which itself is a subclass of the class "Person". A mother can have properties such as "HasChild" (relation to another person instance, i.e. child) and "HasSpouse" (relation to another person instance, i.e. father).
Would you be able to generate a basic pattern for the following's ontological representation: {noun}	 Provide it in valid Turtle/RDF format, excluding any extra text.	Would you be able to generate a basic pattern for the following's ontological representation: Mother Provide it in valid Turtle/RDF format, excluding any extra text.	Sure, here's a very basic representation of the "Mother" relationship in RDF/Turtle format:```@prefix ex: <http://example.org/> .ex:Mary a ex:Mother ;    ex:hasChild ex:Jill .ex:Jill a ex:Human.```In this example, "ex:Mary" is an instance of the class "ex:Mother", and she "ex:hasChild" "ex:Jill".  "ex:Jill" is an instance of the class "ex:Human". The entities and relationships represented can be customized for your particular use case. Note: The example uses a fictitious namespace "http://example.org/". You should replace it with the one you are using.
Are you able to design a simple framework within an ontology to describe the following: {noun}		Are you able to design a simple framework within an ontology to describe the following: Mother	Yes, sure, here's a simplified example:This ontology describes the concept of "Mother" in the context of family relationships.1. Class:    - Person: The general class that includes all individual persons.    - Mother: A subclass of Person, represents individuals who are mothers.2. Properties:    - hasChild: A relational property,       - Domain: Person (specifically Mother)      - Range: Person    - isChildOf: An inverse property of "hasChild",      - Domain: Person      - Range: Person (specifically Mother)    - hasSpouse: A relational property between two persons,      - Domain: Person (specifically Mother)      - Range: Person3. Instances of the class:   - Make instances for each individual to be represented in this ontology (Mother1, Child1, Spouse1 etc.)4. Assignments:    - Assign the individuals for the properties, such as assigning Child1 as the child of Mother1 or assigning Spouse1 as the spouse of Mother1.5. Axioms:    - Every instance of the Mother class is also an instance of the Person class. (all mothers are persons)    - If person A is child of person B, then person B has child A. (if A isChildOf B, then B hasChild A)This simple ontology would thus provide a way of representing the interactions and roles of a mother in a family context. You can always expand this framework depending of the level of complexity needed.
Are you able to design a simple framework within an ontology to describe the following: {noun}	 Provide it in valid Turtle/RDF format, excluding any extra text.	Are you able to design a simple framework within an ontology to describe the following: Mother Provide it in valid Turtle/RDF format, excluding any extra text.	Sure, Here is a simple example of an ontology that could be used to describe the concept of 'Mother' in RDF/Turtle format.```turtle@prefix rdf: <http://www.w3.org/1999/02/22-rdf-syntax-ns#> .@prefix rdfs: <http://www.w3.org/2000/01/rdf-schema#> .@prefix xsd: <http://www.w3.org/2001/XMLSchema#> .@prefix ex: <http://example.com/> .# Class Definition for Person and Motherex:Person a rdfs:Class .ex:Mother a rdfs:Class ;     rdfs:subClassOf ex:Person .# Property Definition for hasMotherex:hasMother a rdf:Property ;    rdfs:domain ex:Person ;    rdfs:range ex:Mother ;    rdfs:label "has mother" ;    rdfs:comment "The mother of a certain person" .# Example of usageex:John a ex:Person ;    ex:hasMother ex:Mary .ex:Mary a ex:Mother .```In this example, `ex:Person` and `ex:Mother` are classes that represent persons and mothers respectively. `ex:Mother` is a subclass of `ex:Person` which means that every mother is also a person. `ex:hasMother` property indicates a relationship between a person and their mother. For example, `ex:John` has `ex:Mary` as a mother.
Could you craft a minimalist design pattern to illustrate the following within an ontology: {noun}		Could you craft a minimalist design pattern to illustrate the following within an ontology: Mother	Certainly, here's a minimalist design pattern for illustrating a "Mother" within an ontology.```      Class: Person    Description: An individual human being    Class: Female    SubClassOf: Person    Description: A person who is typically characterized as having two X chromosomes.    Class: Mother    SubClassOf: Female    Description: A female person who has given birth to, or raised a child.Object Properties:    hasChild        Domain: Mother        Range: Person        Description: Connects a mother to her child.    ```Please note that each human language and culture may have different concepts of mother, some may include adoptive mothers, mothers-in-law, or spiritual mothers. This is a very minimal representation and the specifics should be expanded according to the required level of detail. A mother is a female, and a female is a person. A mother is related to her child through the "hasChild" relationship in this minimal ontology. Also, this model doesn't account multiple parents. This is a minimal pattern and improvements by including additional relationships like "isChildOf", "hasParent", and expanding the range of gender representation may be required according to the context of the application of the ontology.
Could you craft a minimalist design pattern to illustrate the following within an ontology: {noun}	 Provide it in valid Turtle/RDF format, excluding any extra text.	Could you craft a minimalist design pattern to illustrate the following within an ontology: Mother Provide it in valid Turtle/RDF format, excluding any extra text.	```@prefix ex: <http://example.org/> .@prefix rdf: <http://www.w3.org/1999/02/22-rdf-syntax-ns#> .ex:Carol rdf:type ex:Person .ex:John rdf:type ex:Person .ex:Carol ex:isMotherOf ex:John .```
Can you establish a basic structure for encapsulating the following in ontology terms: {noun}		Can you establish a basic structure for encapsulating the following in ontology terms: Mother	Ontology is a way of representing real-world entities and their interrelationships in a structured format. Here's a basic structure for encapsulating "Mother" in ontology:1. **Concepts**: Primary concepts involved in this structure would be Mother, Child and Family. Other adjacent concepts could be Father, Sibling etc.2. **Entities**: Individual cases falling under each concept, like individual persons being mothers and children. Each mother and child can be represented as an individual entity under their respective concept.3. **Attributes**: Attributes refer to properties or characteristics of the entities. Attributes of "Mother" could include Age, Name, MaritalStatus etc.4. **Relationships**: The primary relationship here is "MotherOf", signifying that a mother has a child. Other relationships can include "SpouseOf" or "SiblingOf".5. **Classes**: These are categories or types of concepts. For Mother, the classes could be "BiologicalMother", "StepMother", "AdoptiveMother", etc. 6. **Subclass**: These are a subset of classes. Under "BiologicalMother", subclasses can be "SingleMother", "MotherWithPartner", etc.7. **Instances**: These are individual examples of classes. Specific mothers would be instances of a class.It's important to note that the structure can vary depending on the complexity and detail one intends to represent in the ontology.
Can you establish a basic structure for encapsulating the following in ontology terms: {noun}	 Provide it in valid Turtle/RDF format, excluding any extra text.	Can you establish a basic structure for encapsulating the following in ontology terms: Mother Provide it in valid Turtle/RDF format, excluding any extra text.	@prefix rdf: <http://www.w3.org/1999/02/22-rdf-syntax-ns#> .@prefix rdfs: <http://www.w3.org/2000/01/rdf-schema#> .@prefix owl: <http://www.w3.org/2002/07/owl#> .@prefix ex: <http://www.example.com#> .ex:Mother rdf:type owl:Class .ex:hasMother rdf:type owl:ObjectProperty ;    rdfs:domain ex:Person ;    rdfs:range ex:Mother .ex:isMotherOf rdf:type owl:ObjectProperty ;    rdfs:domain ex:Mother ;    rdfs:range ex:Person .ex:Person rdf:type owl:Class .# Example of usage in data:ex:John ex:hasMother ex:Mary .ex:Mary ex:isMotherOf ex:John .
Would you create a straightforward ontology model to capture the following: {noun}		Would you create a straightforward ontology model to capture the following: Mother	Sure, here is a simple ontology model.1. Entity: Human   - Attributes: Name, Age, Gender, BirthDate   - Relations: hasMother, hasChild, hasSpouse2. Entity: Mother   - Inherits: Human (This means that all attributes and relations defined for the Human entity are relevant for the Mother entity too)   - Relations: isMotherOf3. Relation: hasMother   - Domains: Human   - Range: Mother4. Relation: isMotherOf   - Domains: Mother   - Range: Human5. Relation: hasChild   - Domains: Human   - Range: HumanNote: This is a very simplistic model and may not encompass all the complexity around the concept of a mother in different cultures, legal systems, biological sciences, etc. For example, a more comprehensive model could have additional entities such as BiologicalMother, AdoptiveMother, Stepmother, etc., each of them could have different attributes and relationships.
Would you create a straightforward ontology model to capture the following: {noun}	 Provide it in valid Turtle/RDF format, excluding any extra text.	Would you create a straightforward ontology model to capture the following: Mother Provide it in valid Turtle/RDF format, excluding any extra text.	@prefix ex: <http://example.org/> .ex:Mary a ex:Female ;    ex:isMotherOf ex:John .ex:John a ex:Male ;    ex:hasMother ex:Mary .
Can you assemble a succinct pattern to convey the following's concept in an ontology: {noun}		Can you assemble a succinct pattern to convey the following's concept in an ontology: Mother	Concept: Mother- Sub-classes: Biological Mother, Adoptive Mother, Mother-in-Law- Properties: Date of Birth, Nationality, Occupation, Marital Status- Relationships: Has Child, Has Spouse, Has Parent- Functions: Gives Birth, Raises Child, Provides Care- Instances: Jane Smith (specific person who is a mother)
Can you assemble a succinct pattern to convey the following's concept in an ontology: {noun}	 Provide it in valid Turtle/RDF format, excluding any extra text.	Can you assemble a succinct pattern to convey the following's concept in an ontology: Mother Provide it in valid Turtle/RDF format, excluding any extra text.	@prefix rdf: <http://www.w3.org/1999/02/22-rdf-syntax-ns#> .@prefix rdfs: <http://www.w3.org/2000/01/rdf-schema#> .@prefix ex: <http://example.com/> .ex:Mother rdf:type rdfs:Class .ex:hasMother rdf:type rdf:Property ;    rdfs:domain ex:Person ;    rdfs:range ex:Mother .
Could you devise a simple scheme for representing the following within an ontology context: {noun}		Could you devise a simple scheme for representing the following within an ontology context: Mother	Sure, I will represent it with a simple ontology construct.Class: Person- Property: hasGender (Values: Male, Female)- Property: hasChild (Values: Instances of class Person)Class: Mother- Subclass of: Person where hasGender = Female and hasChild >= 1
Could you devise a simple scheme for representing the following within an ontology context: {noun}	 Provide it in valid Turtle/RDF format, excluding any extra text.	Could you devise a simple scheme for representing the following within an ontology context: Mother Provide it in valid Turtle/RDF format, excluding any extra text.	Sure, one of the simple ways could be represented as:```turtle@prefix rdf: <http://www.w3.org/1999/02/22-rdf-syntax-ns#> .@prefix rdfs: <http://www.w3.org/2000/01/rdf-schema#> .@prefix xsd: <http://www.w3.org/2001/XMLSchema#> .@prefix ex: <http://example.org/> .ex:Mother a rdfs:Class .ex:hasMother a rdf:Property ;    rdfs:domain ex:Human ;    rdfs:range ex:Mother ;ex:Human a rdfs:Class .```Here `ex:Human` is a class representing all humans, `ex:Mother` is a class that represents all mothers, and `ex:hasMother` is a property that links a human to their mother. The `rdfs:domain` and `rdfs:range` define the classes of subjects and objects that the property links, respectively. Please note that this is a very basic ontology, and actual implementation may require much more sophisticated modeling.
