hasPart	body.ttl	1
isPartOf	body.ttl	1
commentary	issue.ttl	1
commenter	issue.ttl	1
content	issue.ttl	1
hasAssignee	issue.ttl	1
hasDescription	issue.ttl	1
hasIssue	issue.ttl	1
hasPriority	issue.ttl	1
hasSubmitter	issue.ttl	1
isOpen	issue.ttl	1
issueCause	issue.ttl	1
issueDescription	issue.ttl	1
issueID	issue.ttl	1
issueResolution	issue.ttl	1
issueStatus	issue.ttl	1
hasAuthor	research.ttl	1
hasLead	research.ttl	1
relatedField	research.ttl	1
researchOutcome	research.ttl	1
researchTopic	research.ttl	1
hasDateTime	kidnapping.ttl	1
hasDuration	kidnapping.ttl	1
hasKidnapper	kidnapping.ttl	1
hasLocation	kidnapping.ttl	1
hasRansom	kidnapping.ttl	1
hasVictim	kidnapping.ttl	1
belongsGroup	rebel.ttl	1
hasCause	rebel.ttl	1
usesWeapon	rebel.ttl	1
forOffence	punishment.ttl	1
hasPurpose	punishment.ttl	1
imposes	punishment.ttl	1
isFormOf	punishment.ttl	1
severity	punishment.ttl	1
endOfYear	year.ttl	1
hasYear	year.ttl	1
cause	effect.ttl	1
duration	effect.ttl	1
intensity	effect.ttl	1
result	effect.ttl	1
type	effect.ttl	1
hasBirthDate	life.ttl	1
hasBreed	life.ttl	1
hasColor	life.ttl	1
hasDeathDate	life.ttl	1
hasName	life.ttl	1
hasDenomination	church.ttl	1
hasEndTime	church.ttl	1
hasLocation	church.ttl	1
hasName	church.ttl	1
hasPastor	church.ttl	1
hasService	church.ttl	1
hasStartTime	church.ttl	1
holdsService	church.ttl	1
serviceTime	church.ttl	1
hasAgeDistribution	population.ttl	1
hasGenderRatio	population.ttl	1
totalPopulation	population.ttl	1
hasFurniture	room.ttl	1
isPartOf	room.ttl	1
associatedWith	theme.ttl	1
hasName	theme.ttl	1
campCapacity	camp.ttl	1
campId	camp.ttl	1
campLocation	camp.ttl	1
campType	camp.ttl	1
age	guest.ttl	1
gender	guest.ttl	1
hasAddress	guest.ttl	1
hasGender	guest.ttl	1
hasInvitation	guest.ttl	1
hasName	guest.ttl	1
isAttendingEvent	guest.ttl	1
name	guest.ttl	1
status	guest.ttl	1
stayDuration	guest.ttl	1
staysAt	guest.ttl	1
hasCountySeat	county.ttl	1
hasName	county.ttl	1
hasPopulation	county.ttl	1
inState	county.ttl	1
locatedInState	county.ttl	1
hasSpecialization	doctor.ttl	1
worksAt	doctor.ttl	1
direction	movement.ttl	1
distance	movement.ttl	1
duration	movement.ttl	1
speed	movement.ttl	1
hasAuthor	citation.ttl	1
hasName	citation.ttl	1
hasTitle	citation.ttl	1
hasYear	citation.ttl	1
bornIn	native.ttl	1
countryOfOrigin	native.ttl	1
name	native.ttl	1
nativeLanguage	native.ttl	1
origin	native.ttl	1
speaks	native.ttl	1
atDate	party.ttl	1
atLocation	party.ttl	1
attends	party.ttl	1
hasAge	party.ttl	1
hasAttendee	party.ttl	1
hasDate	party.ttl	1
hasEndDate	party.ttl	1
hasGuest	party.ttl	1
hasHost	party.ttl	1
hasLocation	party.ttl	1
hasName	party.ttl	1
hasOrganizer	party.ttl	1
hasStartDate	party.ttl	1
hasTheme	party.ttl	1
organizes	party.ttl	1
hasMaterial	heming.ttl	1
usesTool	heming.ttl	1
knowledge	blacksmith.ttl	1
tool	blacksmith.ttl	1
age	supporter.ttl	1
name	supporter.ttl	1
orgName	supporter.ttl	1
orgType	supporter.ttl	1
supportedBy	supporter.ttl	1
supportedOrganization	supporter.ttl	1
supports	supporter.ttl	1
hasMinutes	hour.ttl	1
hasSeconds	hour.ttl	1
hasCity	address.ttl	1
hasCountry	address.ttl	1
hasState	address.ttl	1
hasStreet	address.ttl	1
hasZipCode	address.ttl	1
area	island.ttl	1
country	island.ttl	1
hasArea	island.ttl	1
hasName	island.ttl	1
hasPopulation	island.ttl	1
isPartOf	island.ttl	1
population	island.ttl	1
hasFirstName	professor.ttl	1
hasLastName	professor.ttl	1
teachesSubject	professor.ttl	1
worksIn	professor.ttl	1
catcherPosition	catcher.ttl	1
hasAge	resident.ttl	1
hasName	resident.ttl	1
residesIn	resident.ttl	1
content	review.ttl	1
postedBy	review.ttl	1
rating	review.ttl	1
reviewOf	review.ttl	1
hasResponse	response.ttl	1
conductedBy	study.ttl	1
evaluate	study.ttl	1
evaluateResult	study.ttl	1
hasDuration	study.ttl	1
hasName	study.ttl	1
hasResearcher	study.ttl	1
hasStudyField	study.ttl	1
hasSubject	study.ttl	1
hasTitle	study.ttl	1
usesTool	study.ttl	1
hasArrivalEntity	arrival.ttl	1
hasArrivalLocation	arrival.ttl	1
hasArrivalMode	arrival.ttl	1
hasArrivalTime	arrival.ttl	1
hasPerson	arrival.ttl	1
hasExperience	seamstress.ttl	1
hasName	seamstress.ttl	1
hasSkill	seamstress.ttl	1
name	seamstress.ttl	1
specializesIn	seamstress.ttl	1
worksAt	seamstress.ttl	1
worksIn	seamstress.ttl	1
digitalLiteracyLevel	literacy.ttl	1
hasDigitalLiteracySkill	literacy.ttl	1
hasLanguage	literacy.ttl	1
hasReadingSkill	literacy.ttl	1
hasWritingSkill	literacy.ttl	1
readingLevel	literacy.ttl	1
writingLevel	literacy.ttl	1
customerName	service.ttl	1
description	service.ttl	1
hasConsumer	service.ttl	1
hasEndTime	service.ttl	1
hasProvider	service.ttl	1
hasStartTime	service.ttl	1
isProvidedBy	service.ttl	1
name	service.ttl	1
providerName	service.ttl	1
provides	service.ttl	1
providesService	service.ttl	1
receivesService	service.ttl	1
serviceName	service.ttl	1
blessingType	blessing.ttl	1
givenBy	blessing.ttl	1
hasBlessing	blessing.ttl	1
hasBlessingType	blessing.ttl	1
isBlessedBy	blessing.ttl	1
receivedBy	blessing.ttl	1
asexualReproduction	reproduction.ttl	1
hasParent	reproduction.ttl	1
reproduces	reproduction.ttl	1
sexualReproduction	reproduction.ttl	1
bestowAuthority	authority.ttl	1
grantedBy	authority.ttl	1
hasAuthority	authority.ttl	1
holdsPosition	authority.ttl	1
hasLength	road.ttl	1
hasName	road.ttl	1
hasNumberOfLanes	road.ttl	1
hasSurfaceType	road.ttl	1
hasTrafficVolume	road.ttl	1
isInCountry	road.ttl	1
hasArea	country.ttl	1
hasCapital	country.ttl	1
hasName	country.ttl	1
hasPopulation	country.ttl	1
isInContinent	country.ttl	1
hasColor	cotton.ttl	1
hasTexture	cotton.ttl	1
isOrganic	cotton.ttl	1
isUsedIn	cotton.ttl	1
belongsToFamily	prince.ttl	1
hasTitle	prince.ttl	1
born	ancestry.ttl	1
hasAncestor	ancestry.ttl	1
hasChild	ancestry.ttl	1
hasDateOfBirth	ancestry.ttl	1
hasDescendant	ancestry.ttl	1
hasFather	ancestry.ttl	1
hasMother	ancestry.ttl	1
hasPlaceOfBirth	ancestry.ttl	1
hasSibling	ancestry.ttl	1
name	ancestry.ttl	1
belongsChurch	priest.ttl	1
performsRituals	priest.ttl	1
hasAddress	residence.ttl	1
hasOwner	residence.ttl	1
hasResidence	residence.ttl	1
hasResidenceType	residence.ttl	1
hasSister	sister.ttl	1
isSisterOf	sister.ttl	1
color	thing.ttl	1
material	thing.ttl	1
shape	thing.ttl	1
cuisine	chef.ttl	1
dish	chef.ttl	1
experience	chef.ttl	1
location	chef.ttl	1
name	chef.ttl	1
specialty	chef.ttl	1
worksAt	chef.ttl	1
worksIn	chef.ttl	1
yearsOfExperience	chef.ttl	1
hasIntelligence	intelligence.ttl	1
establishedOn	fact.ttl	1
hasFact	fact.ttl	1
refersSubject	fact.ttl	1
validatedBy	fact.ttl	1
applies	drag.ttl	1
hasDragName	drag.ttl	1
performer	drag.ttl	1
wears	drag.ttl	1
generates	power.ttl	1
transfers	power.ttl	1
area	settlement.ttl	1
name	settlement.ttl	1
population	settlement.ttl	1
belongsIn	community.ttl	1
hasMember	community.ttl	1
location	community.ttl	1
name	community.ttl	1
causes	change.ttl	1
hasChangeMagnitude	change.ttl	1
hasChangeType	change.ttl	1
occursAt	change.ttl	1
undergoes	change.ttl	1
defendant	trial.ttl	1
hasCase	trial.ttl	1
hasDefendant	trial.ttl	1
hasJudge	trial.ttl	1
hasProsecutor	trial.ttl	1
hasVerdict	trial.ttl	1
judge	trial.ttl	1
lawyer	trial.ttl	1
edits	editor.ttl	1
name	editor.ttl	1
specializesIn	editor.ttl	1
worksFor	editor.ttl	1
guardsPlace	guard.ttl	1
hasDuty	guard.ttl	1
hasEquipped	guard.ttl	1
hasLocation	guard.ttl	1
hasShift	guard.ttl	1
abbreviation	unit.ttl	1
conversionFactor	unit.ttl	1
unitsOf	unit.ttl	1
awardsReceived	captain.ttl	1
experience	captain.ttl	1
name	captain.ttl	1
rank	captain.ttl	1
shipsCommanded	captain.ttl	1
dateOccurred	circumstance.ttl	1
hasEffect	circumstance.ttl	1
hasFactor	circumstance.ttl	1
hasImpact	circumstance.ttl	1
hasTimeFrame	circumstance.ttl	1
involvedPerson	circumstance.ttl	1
location	circumstance.ttl	1
occursAt	circumstance.ttl	1
occursIn	circumstance.ttl	1
outcome	circumstance.ttl	1
conductedIn	census.ttl	1
name	census.ttl	1
totalPopulation	census.ttl	1
year	census.ttl	1
hasAuthor	information.ttl	1
hasDataType	information.ttl	1
hasDate	information.ttl	1
hasMedium	information.ttl	1
hasSource	information.ttl	1
hasTitle	information.ttl	1
isCreatedBy	information.ttl	1
isDerivedFrom	information.ttl	1
hasSlave	slaveholder.ttl	1
isFrom	slaveholder.ttl	1
ownsProperty	slaveholder.ttl	1
causes	loss.ttl	1
date	loss.ttl	1
dueTo	loss.ttl	1
isMeasuredIn	loss.ttl	1
hasInterest	interest.ttl	1
endTime	end.ttl	1
eventEnd	end.ttl	1
hasConclusion	end.ttl	1
hasEnd	end.ttl	1
hasEndTime	end.ttl	1
hasFinalMoment	end.ttl	1
hasTime	end.ttl	1
isEndOf	end.ttl	1
age	fugitive.ttl	1
hasWarrant	fugitive.ttl	1
name	fugitive.ttl	1
wantedFor	fugitive.ttl	1
hasAge	reader.ttl	1
hasName	reader.ttl	1
reads	reader.ttl	1
componentType	system.ttl	1
hasComponent	system.ttl	1
hasHardware	system.ttl	1
hasSoftware	system.ttl	1
hasSubcomponent	system.ttl	1
isComponentOf	system.ttl	1
name	system.ttl	1
subcomponentType	system.ttl	1
hasOrder	list.ttl	1
item	list.ttl	1
hasPosition	official.ttl	1
workInOrganization	official.ttl	1
forPurpose	use.ttl	1
hasUse	use.ttl	1
isPartOf	trader.ttl	1
location	trader.ttl	1
name	trader.ttl	1
tradeAmount	trader.ttl	1
tradeItem	trader.ttl	1
tradeValue	trader.ttl	1
trades	trader.ttl	1
dish	dinner.ttl	1
hasIngredient	dinner.ttl	1
hasArtist	painting.ttl	1
hasColor	painting.ttl	1
hasMedium	painting.ttl	1
associatedWith	spring.ttl	1
endsOn	spring.ttl	1
hasEnd	spring.ttl	1
hasEvent	spring.ttl	1
hasStart	spring.ttl	1
hasTemperature	spring.ttl	1
hasWeather	spring.ttl	1
startsOn	spring.ttl	1
amount	debt.ttl	1
creditor	debt.ttl	1
debtor	debt.ttl	1
dueDate	debt.ttl	1
interestRate	debt.ttl	1
broker	trading.ttl	1
hasAsset	trading.ttl	1
hasPrice	trading.ttl	1
hasRole	trading.ttl	1
hasVolume	trading.ttl	1
trades	trading.ttl	1
tradesIn	trading.ttl	1
tradingPlatform	trading.ttl	1
xCoordinate	point.ttl	1
yCoordinate	point.ttl	1
zCoordinate	point.ttl	1
birthCountry	origin.ttl	1
birthYear	origin.ttl	1
hasCityOfOrigin	origin.ttl	1
hasCountryOfOrigin	origin.ttl	1
hasOrigin	origin.ttl	1
hasYearOfOrigin	origin.ttl	1
manufacturingCountry	origin.ttl	1
manufacturingYear	origin.ttl	1
name	origin.ttl	1
originatedAt	origin.ttl	1
originatedFrom	origin.ttl	1
belongsTo	background.ttl	1
hasBackground	background.ttl	1
hasMedium	medium.ttl	1
usedIn	medium.ttl	1
hasNumericValue	value.ttl	1
hasValue	value.ttl	1
conductsService	congregation.ttl	1
hasMember	congregation.ttl	1
location	congregation.ttl	1
assignedTo	task.ttl	1
description	task.ttl	1
dueDate	task.ttl	1
hasAssignee	task.ttl	1
hasDeadline	task.ttl	1
hasDescription	task.ttl	1
hasTitle	task.ttl	1
isAssignedTo	task.ttl	1
isCompleted	task.ttl	1
name	task.ttl	1
affiliation	researcher.ttl	1
age	researcher.ttl	1
gender	researcher.ttl	1
hasProjectTopic	researcher.ttl	1
locatedIn	researcher.ttl	1
name	researcher.ttl	1
worksOn	researcher.ttl	1
associatedWith	result.ttl	1
hasEvaluation	result.ttl	1
hasName	result.ttl	1
hasValue	result.ttl	1
isResultOf	result.ttl	1
participant	result.ttl	1
score	result.ttl	1
brother	brother.ttl	1
sibling	brother.ttl	1
hasName	enslaver.ttl	1
hasSlave	enslaver.ttl	1
member	member.ttl	1
durationOfPossession	possession.ttl	1
possessed	possession.ttl	1
possessor	possession.ttl	1
hasCandidate	politic.ttl	1
hasMember	politic.ttl	1
hasParty	politic.ttl	1
hasPolitician	politic.ttl	1
hasCategory	shop.ttl	1
hasDescription	shop.ttl	1
hasName	shop.ttl	1
hasPrice	shop.ttl	1
hasProduct	shop.ttl	1
price	shop.ttl	1
sells	shop.ttl	1
address	home.ttl	1
age	home.ttl	1
hasAddress	home.ttl	1
hasBathrooms	home.ttl	1
hasBedrooms	home.ttl	1
hasKitchen	home.ttl	1
hasLivingRoom	home.ttl	1
hasOwner	home.ttl	1
hasParking	home.ttl	1
hasRoom	home.ttl	1
hasRooms	home.ttl	1
hasType	home.ttl	1
isFurnished	home.ttl	1
name	home.ttl	1
owns	home.ttl	1
hasAge	girl.ttl	1
hasName	girl.ttl	1
isChildOf	girl.ttl	1
isStudentAt	girl.ttl	1
age	person.ttl	1
city	person.ttl	1
country	person.ttl	1
isMarried	person.ttl	1
livesIn	person.ttl	1
name	person.ttl	1
attendees	funeral.ttl	1
date	funeral.ttl	1
deceased	funeral.ttl	1
hasDeceased	funeral.ttl	1
hasFuneralDirector	funeral.ttl	1
hasFuneralService	funeral.ttl	1
heldAt	funeral.ttl	1
location	funeral.ttl	1
officiant	funeral.ttl	1
createdOn	account.ttl	1
email	account.ttl	1
hasBalance	account.ttl	1
hasOwner	account.ttl	1
hasUser	account.ttl	1
name	account.ttl	1
username	account.ttl	1
hasRole	role.ttl	1
hasPortion	portion.ttl	1
hasQuantity	portion.ttl	1
ofDrink	portion.ttl	1
ofFood	portion.ttl	1
portionOf	portion.ttl	1
portionSize	portion.ttl	1
servingSize	portion.ttl	1
raceOf	race.ttl	1
hasCommander	troop.ttl	1
hasLocation	troop.ttl	1
hasSoldier	troop.ttl	1
numberOfSoldiers	troop.ttl	1
rank	troop.ttl	1
age	governor.ttl	1
firstName	governor.ttl	1
governsRDF	governor.ttl	1
hasGovernor	governor.ttl	1
lastName	governor.ttl	1
name	governor.ttl	1
periodOfGovernance	governor.ttl	1
stateGoverned	governor.ttl	1
termEnd	governor.ttl	1
termStart	governor.ttl	1
hasMajority	majority.ttl	1
voteCount	majority.ttl	1
hasName	skill.ttl	1
hasProficiency	skill.ttl	1
hasSkillLevel	skill.ttl	1
isRelatedTo	skill.ttl	1
ownsSkill	skill.ttl	1
relatedTo	skill.ttl	1
usedInField	skill.ttl	1
hasAbsorbency	black.ttl	1
hasColor	black.ttl	1
isBlack	black.ttl	1
hasEar	face.ttl	1
hasEye	face.ttl	1
hasFeature	face.ttl	1
hasMouth	face.ttl	1
hasNose	face.ttl	1
author	publication.ttl	1
isbn	publication.ttl	1
pageCount	publication.ttl	1
publisher	publication.ttl	1
title	publication.ttl	1
year	publication.ttl	1
amount	earning.ttl	1
earner	earning.ttl	1
hasCurrency	earning.ttl	1
libertyInCountry	liberty.ttl	1
libertyType	liberty.ttl	1
hasMother	mother.ttl	1
hasParent	mother.ttl	1
isInvolvedIn	public.ttl	1
hasExperience	overseer.ttl	1
hasName	overseer.ttl	1
hasNumberOfEmployees	overseer.ttl	1
hasResponsibility	overseer.ttl	1
hasRole	overseer.ttl	1
overseesDepartment	overseer.ttl	1
gaveTestimony	witness.ttl	1
hasWitness	witness.ttl	1
hasSubject	thought.ttl	1
hasType	thought.ttl	1
hasCity	land.ttl	1
hasCountry	land.ttl	1
hasParcel	land.ttl	1
hasState	land.ttl	1
population	land.ttl	1
size	land.ttl	1
hasFather	infant.ttl	1
hasMother	infant.ttl	1
humanBirth	infant.ttl	1
weightAtBirth	infant.ttl	1
hasConversionFactor	conversion.ttl	1
hasInput	conversion.ttl	1
hasInputUnit	conversion.ttl	1
hasOutput	conversion.ttl	1
hasOutputUnit	conversion.ttl	1
unitName	conversion.ttl	1
unitSymbol	conversion.ttl	1
advocateFor	abolitionist.ttl	1
participatedIn	abolitionist.ttl	1
hasFirst	pair.ttl	1
hasSecond	pair.ttl	1
earns	adulthood.ttl	1
hasAgeRange	adulthood.ttl	1
hasEmployment	adulthood.ttl	1
hasJobTitle	adulthood.ttl	1
hasLegalResponsibility	adulthood.ttl	1
hasAttendee	event.ttl	1
hasDate	event.ttl	1
hasLocation	event.ttl	1
hasOrganizer	event.ttl	1
age	instance.ttl	1
gender	instance.ttl	1
hasInstance	instance.ttl	1
hasInstanceTime	instance.ttl	1
isInstanceOf	instance.ttl	1
name	instance.ttl	1
hasArticle	newspaper.ttl	1
hasAuthor	newspaper.ttl	1
hasContent	newspaper.ttl	1
hasDate	newspaper.ttl	1
hasEdition	newspaper.ttl	1
hasPublisher	newspaper.ttl	1
hasTitle	newspaper.ttl	1
endTime	class.ttl	1
hasStudent	class.ttl	1
hasSubject	class.ttl	1
hasTeacher	class.ttl	1
startTime	class.ttl	1
hasConclusion	argument.ttl	1
hasPremise	argument.ttl	1
instructionTool	instruction.ttl	1
step	instruction.ttl	1
targetAudience	instruction.ttl	1
age	support.ttl	1
name	support.ttl	1
providedBy	support.ttl	1
providesSupport	support.ttl	1
providesSupportTo	support.ttl	1
receivesSupport	support.ttl	1
representsSupportIn	support.ttl	1
hasConflictWith	enemy.ttl	1
hasEnemy	enemy.ttl	1
hasAgenda	meeting.ttl	1
hasDate	meeting.ttl	1
hasEndDate	meeting.ttl	1
hasLocation	meeting.ttl	1
hasNotes	meeting.ttl	1
hasParticipant	meeting.ttl	1
hasStartDate	meeting.ttl	1
hasDuration	practice.ttl	1
hasSkill	practice.ttl	1
hasSkillLevel	practice.ttl	1
hasAncestor	ancestor.ttl	1
hasChild	ancestor.ttl	1
hasDescendent	ancestor.ttl	1
hasParent	ancestor.ttl	1
arrestRecord	arrest.ttl	1
arrestedBy	arrest.ttl	1
chargedWith	arrest.ttl	1
date	arrest.ttl	1
documentedBy	arrest.ttl	1
hasArrestee	arrest.ttl	1
hasArrestor	arrest.ttl	1
hasDate	arrest.ttl	1
hasLocation	arrest.ttl	1
hasReason	arrest.ttl	1
location	arrest.ttl	1
affectedBy	influence.ttl	1
hasInfluence	influence.ttl	1
hasInfluenceFactor	influence.ttl	1
hasInfluencePower	influence.ttl	1
influencedBy	influence.ttl	1
email	teacher.ttl	1
hasDegree	teacher.ttl	1
hasExperience	teacher.ttl	1
hasStudent	teacher.ttl	1
name	teacher.ttl	1
school	teacher.ttl	1
teaches	teacher.ttl	1
teachesSubject	teacher.ttl	1
worksAt	teacher.ttl	1
worksIn	teacher.ttl	1
areaSize	region.ttl	1
hasArea	region.ttl	1
hasCapital	region.ttl	1
hasPopulation	region.ttl	1
inCountry	region.ttl	1
name	region.ttl	1
populationSize	region.ttl	1
regionName	region.ttl	1
hasEndTime	exchange.ttl	1
hasItem	exchange.ttl	1
hasParticipant	exchange.ttl	1
hasStartTime	exchange.ttl	1
hasAuthor	bibliography.ttl	1
hasBook	bibliography.ttl	1
name	bibliography.ttl	1
publicationYear	bibliography.ttl	1
title	bibliography.ttl	1
hasGrandchild	grandchild.ttl	1
isGrandchildOf	grandchild.ttl	1
coordinate	place.ttl	1
name	place.ttl	1
hasAge	individual.ttl	1
hasDateOfBirth	individual.ttl	1
hasFirstName	individual.ttl	1
hasFullName	individual.ttl	1
hasGender	individual.ttl	1
hasLastName	individual.ttl	1
hasName	individual.ttl	1
hasNationality	individual.ttl	1
owns	owner.ttl	1
courtCase	court.ttl	1
dealsWith	court.ttl	1
defends	court.ttl	1
hasJurisdiction	court.ttl	1
hears	court.ttl	1
judge	court.ttl	1
represents	court.ttl	1
dateOfSale	sale.ttl	1
hasCustomer	sale.ttl	1
hasItem	sale.ttl	1
itemPrice	sale.ttl	1
hasLocation	situation.ttl	1
hasParticipant	situation.ttl	1
hasTime	situation.ttl	1
hasCause	suffering.ttl	1
hasDuration	suffering.ttl	1
hasIntensity	suffering.ttl	1
hasResponse	suffering.ttl	1
author	book.ttl	1
genre	book.ttl	1
hasAuthor	book.ttl	1
hasPublicationDate	book.ttl	1
hasTitle	book.ttl	1
isbn	book.ttl	1
pages	book.ttl	1
publishedYear	book.ttl	1
title	book.ttl	1
writesBook	book.ttl	1
dueDate	effort.ttl	1
effortInvested	effort.ttl	1
effortUnit	effort.ttl	1
taskName	effort.ttl	1
hasPart	day.ttl	1
hasEconomicIndependence	independence.ttl	1
hasIndividualIndependence	independence.ttl	1
hasLevel	independence.ttl	1
hasPoliticalIndependence	independence.ttl	1
color	clothe.ttl	1
madeOf	clothe.ttl	1
size	clothe.ttl	1
facilitatesActivity	missionary.ttl	1
hasName	missionary.ttl	1
missionaryWork	missionary.ttl	1
originCountry	missionary.ttl	1
participatesIn	missionary.ttl	1
teachesGospel	missionary.ttl	1
trainsToPray	missionary.ttl	1
hasColor	material.ttl	1
hasDensity	material.ttl	1
hasMaterial	material.ttl	1
hasMeltPoint	material.ttl	1
hasName	material.ttl	1
hasType	material.ttl	1
isFlammable	material.ttl	1
hasSibling	relation.ttl	1
livesIn	relation.ttl	1
areaInSquareKm	world.ttl	1
population	world.ttl	1
hasName	domain.ttl	1
hasOwner	domain.ttl	1
hasURL	domain.ttl	1
ownerEmail	domain.ttl	1
ownerName	domain.ttl	1
givesSermon	preacher.ttl	1
hasOccupation	preacher.ttl	1
religiousTopic	preacher.ttl	1
sermonDelivered	preacher.ttl	1
worksAt	preacher.ttl	1
age	horse.ttl	1
breed	horse.ttl	1
color	horse.ttl	1
hasDeadline	opportunity.ttl	1
hasOpportunity	opportunity.ttl	1
calculateArea	area.ttl	1
height	area.ttl	1
width	area.ttl	1
endureStruggle	struggle.ttl	1
hasCause	struggle.ttl	1
hasImpact	struggle.ttl	1
overcomeStruggle	struggle.ttl	1
hasAuthor	document.ttl	1
hasCreationDate	document.ttl	1
hasTitle	document.ttl	1
hasAuthor	audiobook.ttl	1
hasNarrator	audiobook.ttl	1
publishedBy	audiobook.ttl	1
atLocation	care.ttl	1
hasProvider	care.ttl	1
hasRecipient	care.ttl	1
involvesActivity	care.ttl	1
providesCare	care.ttl	1
hasHusband	queen.ttl	1
hasWife	queen.ttl	1
hasAttorneyLicense	attorney.ttl	1
hasPracticeArea	attorney.ttl	1
hasYearsOfExperience	attorney.ttl	1
hasAddress	neighbor.ttl	1
hasName	neighbor.ttl	1
hasNeighbor	neighbor.ttl	1
locatedOn	neighbor.ttl	1
residesIn	neighbor.ttl	1
hasAction	mission.ttl	1
hasAgent	mission.ttl	1
hasPurpose	mission.ttl	1
missionDuration	mission.ttl	1
missionObjective	mission.ttl	1
missionOrganizer	mission.ttl	1
requiresResource	mission.ttl	1
companyName	work.ttl	1
employeeName	work.ttl	1
employeeNumber	work.ttl	1
endDate	work.ttl	1
jobPosition	work.ttl	1
startDate	work.ttl	1
hasVolume	capacity.ttl	1
hasWeight	capacity.ttl	1
hasDecisionMaker	decision.ttl	1
hasOption	decision.ttl	1
hasOutcome	decision.ttl	1
hasCity	homeland.ttl	1
hasCountry	homeland.ttl	1
hasPopulation	homeland.ttl	1
hasRegion	homeland.ttl	1
officialLanguage	homeland.ttl	1
hasAuthor	record.ttl	1
hasContent	record.ttl	1
hasCreationDate	record.ttl	1
hasIdentifier	record.ttl	1
amount	wage.ttl	1
currency	wage.ttl	1
frequency	wage.ttl	1
hasAuthor	paper.ttl	1
hasPageCount	paper.ttl	1
hasPublicationDate	paper.ttl	1
hasTitle	paper.ttl	1
isPublished	paper.ttl	1
hasManufacturer	carriage.ttl	1
hasMaterial	carriage.ttl	1
hasModel	carriage.ttl	1
hasPassengerCapacity	carriage.ttl	1
hasYear	carriage.ttl	1
isUsedIn	carriage.ttl	1
country	freedom.ttl	1
freedomIndex	freedom.ttl	1
isAssociatedWith	freedom.ttl	1
captivityState	captivity.ttl	1
baptisedBy	baptism.ttl	1
baptisedPerson	baptism.ttl	1
baptismDate	baptism.ttl	1
baptismLocation	baptism.ttl	1
performedBaptism	baptism.ttl	1
receivedBaptism	baptism.ttl	1
hasTruthValue	truth.ttl	1
isTrue	truth.ttl	1
carries	arter.ttl	1
connectsTo	arter.ttl	1
oxygenated	arter.ttl	1
author	gospel.ttl	1
date	gospel.ttl	1
title	gospel.ttl	1
verseInGospel	gospel.ttl	1
verseNumber	gospel.ttl	1
verseText	gospel.ttl	1
verses	gospel.ttl	1
hasArea	town.ttl	1
hasName	town.ttl	1
hasPopulation	town.ttl	1
address	store.ttl	1
name	store.ttl	1
product	store.ttl	1
productDescription	store.ttl	1
productName	store.ttl	1
productPrice	store.ttl	1
hasCaptain	ship.ttl	1
hasCrew	ship.ttl	1
hasName	ship.ttl	1
hasSize	ship.ttl	1
hasSpeed	ship.ttl	1
hasAddress	petition.ttl	1
hasDate	petition.ttl	1
hasName	petition.ttl	1
hasSignatory	petition.ttl	1
hasText	petition.ttl	1
hasTitle	petition.ttl	1
signs	petition.ttl	1
causes	cause.ttl	1
hasCause	cause.ttl	1
isCauseOf	cause.ttl	1
location	audience.ttl	1
size	audience.ttl	1
type	audience.ttl	1
caseID	case.ttl	1
caseName	case.ttl	1
caseStatus	case.ttl	1
containsItem	order.ttl	1
customerId	order.ttl	1
itemId	order.ttl	1
itemName	order.ttl	1
itemPrice	order.ttl	1
itemQuantity	order.ttl	1
accuses	law.ttl	1
defends	law.ttl	1
presides	law.ttl	1
represents	law.ttl	1
handlesFire	fire.ttl	1
hasDepartment	fire.ttl	1
hasSeverity	fire.ttl	1
hasSource	fire.ttl	1
producesHeat	fire.ttl	1
producesLight	fire.ttl	1
producesSmoke	fire.ttl	1
triggers	fire.ttl	1
hasFulfilled	promise.ttl	1
hasPromiseContent	promise.ttl	1
hasPromisee	promise.ttl	1
hasPromisor	promise.ttl	1
hasEndDate	association.ttl	1
hasMember	association.ttl	1
hasStartDate	association.ttl	1
hasTitle	association.ttl	1
activismType	activist.ttl	1
belongsTo	activist.ttl	1
birthdate	activist.ttl	1
campaignsFor	activist.ttl	1
causesSupported	activist.ttl	1
fightsFor	activist.ttl	1
hasActivity	activist.ttl	1
isAbout	activist.ttl	1
isAffiliatedWith	activist.ttl	1
name	activist.ttl	1
nationality	activist.ttl	1
organisationAffiliated	activist.ttl	1
organizes	activist.ttl	1
participatesIn	activist.ttl	1
protests	activist.ttl	1
hasCause	health.ttl	1
hasDisease	health.ttl	1
hasSymptom	health.ttl	1
hasTreatment	health.ttl	1
treatsWith	health.ttl	1
size	crowd.ttl	1
description	favor.ttl	1
performs	favor.ttl	1
receives	favor.ttl	1
hasCharge	charge.ttl	1
hasSpouse	widow.ttl	1
hasSpouseDeathDate	widow.ttl	1
wasMarried	widow.ttl	1
hasBadgeNumber	officer.ttl	1
hasName	officer.ttl	1
hasRank	officer.ttl	1
isAssignedTo	officer.ttl	1
locatedIn	officer.ttl	1
servesInDepartment	officer.ttl	1
worksAt	officer.ttl	1
hasCapacity	tavern.ttl	1
hasLocation	tavern.ttl	1
hasManager	tavern.ttl	1
hasName	tavern.ttl	1
hasOpeningHours	tavern.ttl	1
hasOwner	tavern.ttl	1
servesAlcohol	tavern.ttl	1
servesAlcoholicBeverages	tavern.ttl	1
dateOfPurchase	purchase.ttl	1
hasBuyer	purchase.ttl	1
hasCustomer	purchase.ttl	1
hasDate	purchase.ttl	1
hasPrice	purchase.ttl	1
hasProduct	purchase.ttl	1
hasQuantity	purchase.ttl	1
price	purchase.ttl	1
hasMember	crew.ttl	1
hasRole	crew.ttl	1
worksOn	crew.ttl	1
hasDirection	force.ttl	1
hasMagnitude	force.ttl	1
isTypeOf	force.ttl	1
cause	disease.ttl	1
name	disease.ttl	1
symptom	disease.ttl	1
treatment	disease.ttl	1
cost	tour.ttl	1
destinations	tour.ttl	1
duration	tour.ttl	1
guide	tour.ttl	1
hasGuide	tour.ttl	1
hasLocation	tour.ttl	1
hasTourist	tour.ttl	1
name	tour.ttl	1
rating	tour.ttl	1
concerns	controversy.ttl	1
hasActor	controversy.ttl	1
hasEndDate	controversy.ttl	1
hasStakeholder	controversy.ttl	1
hasStartDate	controversy.ttl	1
hasSubject	controversy.ttl	1
participatesIn	controversy.ttl	1
height	volume.ttl	1
length	volume.ttl	1
unit	volume.ttl	1
width	volume.ttl	1
conversionFactor	acre.ttl	1
hasUnit	acre.ttl	1
hasValue	acre.ttl	1
hasCapacity	transportation.ttl	1
hasMake	transportation.ttl	1
hasMaxSpeed	transportation.ttl	1
hasModel	transportation.ttl	1
hasSpeed	transportation.ttl	1
operatedBy	transportation.ttl	1
ownedBy	transportation.ttl	1
age	hero.ttl	1
defeats	hero.ttl	1
hasName	hero.ttl	1
hasOriginStory	hero.ttl	1
hasPower	hero.ttl	1
hasSuperPower	hero.ttl	1
isMale	hero.ttl	1
name	hero.ttl	1
secretIdentity	hero.ttl	1
hasEndTime	time.ttl	1
hasStartTime	time.ttl	1
isInTimezone	time.ttl	1
hasFeeling	feeling.ttl	1
delta	river.ttl	1
dischargesInto	river.ttl	1
drainageBasin	river.ttl	1
flowsThrough	river.ttl	1
length	river.ttl	1
origin	river.ttl	1
hasAuthor	biography.ttl	1
hasBiography	biography.ttl	1
hasPublicationDate	biography.ttl	1
hasSubject	biography.ttl	1
acquires	knowledge.ttl	1
distributes	knowledge.ttl	1
hasDomainArea	knowledge.ttl	1
hasKnowledge	knowledge.ttl	1
hasSource	knowledge.ttl	1
knowsAbout	knowledge.ttl	1
hasID	soldier.ttl	1
hasRank	soldier.ttl	1
hasWeapon	soldier.ttl	1
servedInWar	soldier.ttl	1
servesIn	soldier.ttl	1
actsIn	agent.ttl	1
hasAbility	agent.ttl	1
performs	agent.ttl	1
worksIn	agent.ttl	1
hasBookingNumber	travel.ttl	1
hasDeparture	travel.ttl	1
hasDestination	travel.ttl	1
hasDuration	travel.ttl	1
hasEndDate	travel.ttl	1
hasPrice	travel.ttl	1
hasStartDate	travel.ttl	1
hasTransport	travel.ttl	1
choice	vote.ttl	1
forCandidate	vote.ttl	1
hasVote	vote.ttl	1
hasVoter	vote.ttl	1
inElection	vote.ttl	1
voteFor	vote.ttl	1
voteIn	vote.ttl	1
voter	vote.ttl	1
hasColor	suit.ttl	1
hasDesigner	suit.ttl	1
hasMaterial	suit.ttl	1
hasStyle	suit.ttl	1
conductedBy	raid.ttl	1
date	raid.ttl	1
targets	raid.ttl	1
xCoordinate	position.ttl	1
yCoordinate	position.ttl	1
zCoordinate	position.ttl	1
parent	uncle.ttl	1
sibling	uncle.ttl	1
hasRecollection	recollection.ttl	1
recollectionDate	recollection.ttl	1
recollectionEvent	recollection.ttl	1
hasBody	mail.ttl	1
hasEmail	mail.ttl	1
hasRecipient	mail.ttl	1
hasSender	mail.ttl	1
hasSubject	mail.ttl	1
isRead	mail.ttl	1
isSentOn	mail.ttl	1
classIn	school.ttl	1
hasClass	school.ttl	1
hasGrade	school.ttl	1
hasStudent	school.ttl	1
hasSubject	school.ttl	1
hasTeacher	school.ttl	1
ontology	school.ttl	1
studying	school.ttl	1
teaches	school.ttl	1
aidType	aid.ttl	1
donates	aid.ttl	1
donorName	aid.ttl	1
hasAmount	aid.ttl	1
hasDonor	aid.ttl	1
hasRecipient	aid.ttl	1
recipientName	aid.ttl	1
focus	attention.ttl	1
focusDuration	attention.ttl	1
focusIntensity	attention.ttl	1
artist	song.ttl	1
content	song.ttl	1
genre	song.ttl	1
hasGenre	song.ttl	1
hasLyrics	song.ttl	1
length	song.ttl	1
publishDate	song.ttl	1
sungBy	song.ttl	1
title	song.ttl	1
dateGranted	manumission.ttl	1
dateOfManumission	manumission.ttl	1
grantedBy	manumission.ttl	1
hasManumitted	manumission.ttl	1
involvedSlave	manumission.ttl	1
legalDocument	manumission.ttl	1
manumission	manumission.ttl	1
wasManumittedBy	manumission.ttl	1
hasItemCondition	return.ttl	1
hasItemName	return.ttl	1
hasPolicyDetail	return.ttl	1
hasPolicyNumber	return.ttl	1
hasReturnDate	return.ttl	1
hasReturnItem	return.ttl	1
hasReturnPolicy	return.ttl	1
hasReturnReason	return.ttl	1
hasReturnedItem	return.ttl	1
authors	biographer.ttl	1
hasWritten	biographer.ttl	1
isAbout	biographer.ttl	1
isSubjectOf	biographer.ttl	1
isWrittenBy	biographer.ttl	1
fromCountry	pilgrimage.ttl	1
hasBelief	pilgrimage.ttl	1
hasName	pilgrimage.ttl	1
hasPilgrim	pilgrimage.ttl	1
inCountry	pilgrimage.ttl	1
inMonth	pilgrimage.ttl	1
inReligion	pilgrimage.ttl	1
toDestination	pilgrimage.ttl	1
hasMember	group.ttl	1
memberCount	group.ttl	1
name	group.ttl	1
date	ceremony.ttl	1
location	ceremony.ttl	1
participants	ceremony.ttl	1
hasAuthor	poem.ttl	1
hasLineCount	poem.ttl	1
hasName	poem.ttl	1
hasTitle	poem.ttl	1
createdBy	website.ttl	1
creationDate	website.ttl	1
description	website.ttl	1
domain	website.ttl	1
hasEmail	website.ttl	1
hasName	website.ttl	1
hasSkill	website.ttl	1
name	website.ttl	1
skillLevel	website.ttl	1
skillName	website.ttl	1
title	website.ttl	1
url	website.ttl	1
employedIn	construction.ttl	1
manages	construction.ttl	1
usesMaterial	construction.ttl	1
worksOn	construction.ttl	1
eventHasChance	chance.ttl	1
hasChance	chance.ttl	1
durationOfRest	rest.ttl	1
hasRest	rest.ttl	1
qualityOfRest	rest.ttl	1
hasMass	star.ttl	1
hasTemperature	star.ttl	1
isPartOfConstellation	star.ttl	1
createdBy	art.ttl	1
hasStyle	art.ttl	1
hasRank	veteran.ttl	1
hasReceivedMedal	veteran.ttl	1
hasServedInWar	veteran.ttl	1
hasServiceLength	veteran.ttl	1
author	press.ttl	1
hasJournalist	press.ttl	1
publishedIn	press.ttl	1
publisher	press.ttl	1
source	press.ttl	1
date	release.ttl	1
name	release.ttl	1
producedBy	release.ttl	1
version	release.ttl	1
date	wedding.ttl	1
hasBride	wedding.ttl	1
hasGroom	wedding.ttl	1
hasGuest	wedding.ttl	1
location	wedding.ttl	1
hasMentalStrength	strength.ttl	1
hasPhysicalStrength	strength.ttl	1
strengthLevel	strength.ttl	1
hasAuthor	preface.ttl	1
hasContent	preface.ttl	1
hasDate	preface.ttl	1
belongsTo	piece.ttl	1
hasPiece	piece.ttl	1
isPieceOf	piece.ttl	1
pieceCount	piece.ttl	1
hasType	memory.ttl	1
isFocusedOn	activism.ttl	1
isLocatedIn	activism.ttl	1
name	activism.ttl	1
participatesIn	activism.ttl	1
endPoint	line.ttl	1
length	line.ttl	1
startPoint	line.ttl	1
startingPoint	line.ttl	1
x	line.ttl	1
y	line.ttl	1
hasFirstName	name.ttl	1
hasLastName	name.ttl	1
author	memoir.ttl	1
publishedYear	memoir.ttl	1
title	memoir.ttl	1
hasExperience	laborer.ttl	1
hasSkill	laborer.ttl	1
name	laborer.ttl	1
worksInIndustry	laborer.ttl	1
hasLocation	estate.ttl	1
hasOwner	estate.ttl	1
hasValue	estate.ttl	1
hasFamilialLoveFor	love.ttl	1
hasPlatonicLoveFor	love.ttl	1
hasRomanticLoveFor	love.ttl	1
hasSelfLove	love.ttl	1
carpenter	carpenter.ttl	1
hasExperience	carpenter.ttl	1
usesTool	carpenter.ttl	1
worksInProject	carpenter.ttl	1
connectsStation	railroad.ttl	1
hasStation	railroad.ttl	1
hasTrack	railroad.ttl	1
operatesOn	railroad.ttl	1
runsOn	railroad.ttl	1
servedBy	railroad.ttl	1
stopsAt	railroad.ttl	1
diagnosedBy	condition.ttl	1
diagnosedWith	condition.ttl	1
hasCondition	condition.ttl	1
hasDuration	condition.ttl	1
hasSymptom	condition.ttl	1
hasTreatment	condition.ttl	1
containedIn	tale.ttl	1
hasAuthor	tale.ttl	1
hasCharacter	tale.ttl	1
hasCharacters	tale.ttl	1
hasGenre	tale.ttl	1
hasPlot	tale.ttl	1
hasPublicationYear	tale.ttl	1
hasSetting	tale.ttl	1
hasTitle	tale.ttl	1
publishedOn	tale.ttl	1
tellsAbout	tale.ttl	1
originCountry	colonist.ttl	1
settledIn	colonist.ttl	1
desireIntensity	desire.ttl	1
desireObject	desire.ttl	1
fulfillsDesire	desire.ttl	1
hasDesire	desire.ttl	1
hasIntensity	desire.ttl	1
hasObject	desire.ttl	1
hasSubject	desire.ttl	1
lack	lack.ttl	1
age	passenger.ttl	1
hasAge	passenger.ttl	1
hasCity	passenger.ttl	1
hasCountry	passenger.ttl	1
hasDestination	passenger.ttl	1
hasFirstName	passenger.ttl	1
hasLastName	passenger.ttl	1
hasPassenger	passenger.ttl	1
hasTicket	passenger.ttl	1
hasTicketNumber	passenger.ttl	1
isTravelingTo	passenger.ttl	1
name	passenger.ttl	1
ticketNumber	passenger.ttl	1
hasArea	village.ttl	1
hasElevation	village.ttl	1
hasPopulation	village.ttl	1
isLocatedIn	village.ttl	1
hasInterestRate	bond.ttl	1
hasMaturityDate	bond.ttl	1
issuedBy	bond.ttl	1
ownedBy	bond.ttl	1
hasChild	parent.ttl	1
hasParent	parent.ttl	1
date	convention.ttl	1
location	convention.ttl	1
name	convention.ttl	1
organizer	convention.ttl	1
organizerName	convention.ttl	1
appointedBy	judge.ttl	1
appointmentDate	judge.ttl	1
hasJudgment	judge.ttl	1
judges	judge.ttl	1
hasBasis	basis.ttl	1
hasPhysicalBasis	basis.ttl	1
hasTheoreticalBasis	basis.ttl	1
auntOf	relative.ttl	1
cousinOf	relative.ttl	1
fatherOf	relative.ttl	1
grandFatherOf	relative.ttl	1
grandMotherOf	relative.ttl	1
motherOf	relative.ttl	1
siblingOf	relative.ttl	1
uncleOf	relative.ttl	1
capacity	vessel.ttl	1
madeOf	vessel.ttl	1
name	vessel.ttl	1
partOf	vessel.ttl	1
size	vessel.ttl	1
collectorName	collection.ttl	1
hasCollection	collection.ttl	1
hasCreationDate	collection.ttl	1
hasItem	collection.ttl	1
isOfType	collection.ttl	1
itemName	collection.ttl	1
ownsCollection	collection.ttl	1
belongsToDomain	idea.ttl	1
hasDateCreated	idea.ttl	1
hasIdea	idea.ttl	1
hasName	idea.ttl	1
hasOriginator	idea.ttl	1
relatedTo	idea.ttl	1
hasAge	woman.ttl	1
hasName	woman.ttl	1
isMotherOf	woman.ttl	1
performedBy	kindness.ttl	1
receivesKindness	kindness.ttl	1
hasPartner	couple.ttl	1
hasRepresentation	symbol.ttl	1
isUsedIn	symbol.ttl	1
activityHasDifficulty	difficulty.ttl	1
assistanceProvider	assistance.ttl	1
assistanceReceiver	assistance.ttl	1
assistanceType	assistance.ttl	1
providerName	assistance.ttl	1
receiverName	assistance.ttl	1
hasAge	household.ttl	1
hasFurniture	household.ttl	1
hasMember	household.ttl	1
hasName	household.ttl	1
hasRoom	household.ttl	1
hasClothingType	clothing.ttl	1
hasSize	clothing.ttl	1
displayHonor	honor.ttl	1
hasHonor	honor.ttl	1
description	detail.ttl	1
isDetailOf	detail.ttl	1
age	prisoner.ttl	1
crime	prisoner.ttl	1
dateOfImprisonment	prisoner.ttl	1
dateOfRelease	prisoner.ttl	1
inPrison	prisoner.ttl	1
name	prisoner.ttl	1
prisonerID	prisoner.ttl	1
sentenceDuration	prisoner.ttl	1
sentenceLength	prisoner.ttl	1
sentencedFor	prisoner.ttl	1
hasAuthor	page.ttl	1
hasContent	page.ttl	1
hasDate	page.ttl	1
hasName	page.ttl	1
hasTitle	page.ttl	1
discussesBill	legislature.ttl	1
hasMember	legislature.ttl	1
passesBill	legislature.ttl	1
proposesBill	legislature.ttl	1
hasCause	pain.ttl	1
hasSeverity	pain.ttl	1
date	occasion.ttl	1
hosts	occasion.ttl	1
location	occasion.ttl	1
hasGreeting	introduction.ttl	1
hasIntroduction	introduction.ttl	1
hasOverview	introduction.ttl	1
hasPart	introduction.ttl	1
size	introduction.ttl	1
hasRight	right.ttl	1
isProtectedBy	right.ttl	1
completed	duty.ttl	1
hasDuty	duty.ttl	1
role	duty.ttl	1
author	manuscript.ttl	1
content	manuscript.ttl	1
date	manuscript.ttl	1
hasAuthor	manuscript.ttl	1
hasDate	manuscript.ttl	1
hasTitle	manuscript.ttl	1
title	manuscript.ttl	1
type	manuscript.ttl	1
hasCharacter	scene.ttl	1
hasEvent	scene.ttl	1
hasLocation	scene.ttl	1
author	writing.ttl	1
genre	writing.ttl	1
publishedDate	writing.ttl	1
hasAxle	wagon.ttl	1
hasWheel	wagon.ttl	1
conductedBy	rescue.ttl	1
forEmergency	rescue.ttl	1
hasVictim	rescue.ttl	1
hasMember	organization.ttl	1
hasName	organization.ttl	1
hasPosition	organization.ttl	1
creativity	genius.ttl	1
intellectualAbility	genius.ttl	1
originality	genius.ttl	1
hasAuthor	text.ttl	1
hasGenre	text.ttl	1
writtenIn	text.ttl	1
dateOfMarriage	marriage.ttl	1
hasMarriage	marriage.ttl	1
hasSpouse	marriage.ttl	1
marriageLocation	marriage.ttl	1
hasCopyright	image.ttl	1
hasCreationDate	image.ttl	1
hasCreator	image.ttl	1
hasFormat	image.ttl	1
hasHeight	image.ttl	1
hasResolution	image.ttl	1
hasWidth	image.ttl	1
isColor	image.ttl	1
isPublished	image.ttl	1
hasSpouse	wife.ttl	1
isWifeOf	wife.ttl	1
brand	marker.ttl	1
color	marker.ttl	1
hasCap	marker.ttl	1
isPermanent	marker.ttl	1
tipType	marker.ttl	1
abolishedSlavery	slavery.ttl	1
hasMaster	slavery.ttl	1
helpedEscape	slavery.ttl	1
involvedInTrade	slavery.ttl	1
ownsSlave	slavery.ttl	1
tradedSlaves	slavery.ttl	1
hasName	subject.ttl	1
hasSubject	subject.ttl	1
isMandatory	subject.ttl	1
hasDestination	expedition.ttl	1
hasEndDate	expedition.ttl	1
hasLeader	expedition.ttl	1
hasStartDate	expedition.ttl	1
hasStartLocation	expedition.ttl	1
hasBathrooms	cabin.ttl	1
hasBedrooms	cabin.ttl	1
hasLocation	cabin.ttl	1
hasSize	cabin.ttl	1
location	cabin.ttl	1
owner	cabin.ttl	1
amount	fund.ttl	1
currency	fund.ttl	1
description	fund.ttl	1
hasInvestment	fund.ttl	1
name	fund.ttl	1
hasColor	figure.ttl	1
hasMaterial	figure.ttl	1
hasShape	figure.ttl	1
height	monument.ttl	1
location	monument.ttl	1
monumentType	monument.ttl	1
name	monument.ttl	1
yearBuilt	monument.ttl	1
yearEstablished	monument.ttl	1
hasFruit	plantation.ttl	1
hasHerb	plantation.ttl	1
hasTree	plantation.ttl	1
location	plantation.ttl	1
name	plantation.ttl	1
sizeInHectares	plantation.ttl	1
hasCharacteristics	manner.ttl	1
hasIntensity	manner.ttl	1
isOppositeTo	manner.ttl	1
isSimilarTo	manner.ttl	1
hasPublished	historian.ttl	1
studiesPeriod	historian.ttl	1
writesAbout	historian.ttl	1
endsAt	process.ttl	1
hasInput	process.ttl	1
hasOutput	process.ttl	1
startsAt	process.ttl	1
hasAge	people.ttl	1
hasFirstName	people.ttl	1
hasGender	people.ttl	1
hasLastName	people.ttl	1
endYear	rebellion.ttl	1
hasCause	rebellion.ttl	1
hasOutcome	rebellion.ttl	1
hasRebel	rebellion.ttl	1
leadToRevolution	rebellion.ttl	1
startYear	rebellion.ttl	1
hasColor	planter.ttl	1
hasMaterial	planter.ttl	1
hasSize	planter.ttl	1
duration	treatment.ttl	1
name	treatment.ttl	1
sideEffects	treatment.ttl	1
treats	treatment.ttl	1
type	treatment.ttl	1
endTime	attempt.ttl	1
hasAttempt	attempt.ttl	1
hasDescription	attempt.ttl	1
hasObjective	attempt.ttl	1
startTime	attempt.ttl	1
success	attempt.ttl	1
author	example.ttl	1
body	example.ttl	1
date	example.ttl	1
likes	example.ttl	1
title	example.ttl	1
durationOfEnslavement	enslavement.ttl	1
placeOfEnslavement	enslavement.ttl	1
hasInfluenceOn	abolitionism.ttl	1
hasOriginator	abolitionism.ttl	1
isAimedAt	abolitionism.ttl	1
hasAge	speaker.ttl	1
hasAudience	speaker.ttl	1
hasName	speaker.ttl	1
hasTopic	speaker.ttl	1
amplifies	principle.ttl	1
connectsTo	principle.ttl	1
contradicts	principle.ttl	1
hasApplication	principle.ttl	1
hasDefinition	principle.ttl	1
hasDescription	principle.ttl	1
hasName	principle.ttl	1
hasPrinciple	principle.ttl	1
isRelatedTo	principle.ttl	1
amount	donation.ttl	1
dateOfDonation	donation.ttl	1
donationAmount	donation.ttl	1
donor	donation.ttl	1
hasEIN	donation.ttl	1
hasName	donation.ttl	1
recipient	donation.ttl	1
hasLightPollution	night.ttl	1
isFullMoon	night.ttl	1
starVisibility	night.ttl	1
typicalAnimalsActive	night.ttl	1
typicalHumanActivities	night.ttl	1
hasCause	injury.ttl	1
hasInjuryLocation	injury.ttl	1
hasInjuryType	injury.ttl	1
hasLocation	injury.ttl	1
hasSeverity	injury.ttl	1
injuryDate	injury.ttl	1
injurySeverity	injury.ttl	1
casualties	battle.ttl	1
combatant	battle.ttl	1
date	battle.ttl	1
forceSize	battle.ttl	1
hasDate	battle.ttl	1
hasLocation	battle.ttl	1
hasName	battle.ttl	1
hasParticipatingCountry	battle.ttl	1
hasResult	battle.ttl	1
name	battle.ttl	1
participant	battle.ttl	1
place	battle.ttl	1
sideA	battle.ttl	1
sideB	battle.ttl	1
causeOfDeath	death.ttl	1
dateOfDeath	death.ttl	1
hasCause	death.ttl	1
hasCauseOfDeath	death.ttl	1
hasDeath	death.ttl	1
hasDied	death.ttl	1
hasPlaceOfDeath	death.ttl	1
hasTimeOfDeath	death.ttl	1
locationOfDeath	death.ttl	1
hasDateOfBirth	baby.ttl	1
hasGender	baby.ttl	1
hasHeight	baby.ttl	1
hasWeight	baby.ttl	1
hasPart	part.ttl	1
from	escape.ttl	1
method	escape.ttl	1
reason	escape.ttl	1
time	escape.ttl	1
to	escape.ttl	1
specializesIn	bondage.ttl	1
usesBondage	bondage.ttl	1
color	dress.ttl	1
material	dress.ttl	1
size	dress.ttl	1
type	dress.ttl	1
amount	contribution.ttl	1
contributor	contribution.ttl	1
date	contribution.ttl	1
recipient	contribution.ttl	1
hasMember	militia.ttl	1
hasRole	militia.ttl	1
hasWeapon	militia.ttl	1
appliesPrinciple	justice.ttl	1
hasCourt	justice.ttl	1
hasJudge	justice.ttl	1
hasLawyer	justice.ttl	1
hasLegalSystem	justice.ttl	1
hearsCase	justice.ttl	1
hasImpact	risk.ttl	1
hasProbability	risk.ttl	1
hasRiskAssessment	risk.ttl	1
hasRiskFactor	risk.ttl	1
hasRiskLevel	risk.ttl	1
hasRiskManagement	risk.ttl	1
bestFriend	friendship.ttl	1
friend	friendship.ttl	1
friendshipFromDate	friendship.ttl	1
hasFriend	friendship.ttl	1
hasRecipient	reward.ttl	1
hasRewardType	reward.ttl	1
hasValue	reward.ttl	1
causedBy	smallpox.ttl	1
eradicatedBy	smallpox.ttl	1
preventedBy	smallpox.ttl	1
authoredBy	author.ttl	1
bookTitle	author.ttl	1
hasName	author.ttl	1
hasPublicationDate	author.ttl	1
hasTitle	author.ttl	1
hasWritten	author.ttl	1
publishedIn	author.ttl	1
hasType	resource.ttl	1
hasUnit	resource.ttl	1
quantity	resource.ttl	1
birthDate	cemetery.ttl	1
born	cemetery.ttl	1
burialDate	cemetery.ttl	1
containsGraves	cemetery.ttl	1
dateOfBurial	cemetery.ttl	1
deathDate	cemetery.ttl	1
died	cemetery.ttl	1
established	cemetery.ttl	1
hasGrave	cemetery.ttl	1
hasMemorial	cemetery.ttl	1
hasName	cemetery.ttl	1
location	cemetery.ttl	1
memorialText	cemetery.ttl	1
name	cemetery.ttl	1
occupant	cemetery.ttl	1
occupantDOB	cemetery.ttl	1
occupantDOD	cemetery.ttl	1
author	article.ttl	1
content	article.ttl	1
publicationDate	article.ttl	1
title	article.ttl	1
duration	period.ttl	1
endDate	period.ttl	1
hasEndTime	period.ttl	1
hasSignificantEvent	period.ttl	1
hasStartTime	period.ttl	1
isPartOf	period.ttl	1
periodType	period.ttl	1
startDate	period.ttl	1
age	boy.ttl	1
hasPet	boy.ttl	1
name	boy.ttl	1
playsSport	boy.ttl	1
hasColor	box.ttl	1
hasMaterial	box.ttl	1
hasShape	box.ttl	1
hasSize	box.ttl	1
hasBuyer	trade.ttl	1
hasPrice	trade.ttl	1
hasProduct	trade.ttl	1
hasQuantity	trade.ttl	1
hasSeller	trade.ttl	1
hasTradeType	trade.ttl	1
hasTrader	trade.ttl	1
isBilledBy	trade.ttl	1
isBoughtBy	trade.ttl	1
isPaidBy	trade.ttl	1
isSoldBy	trade.ttl	1
hasDateTime	violence.ttl	1
hasLocation	violence.ttl	1
isDirectTowards	violence.ttl	1
isExecutedBy	violence.ttl	1
field	style.ttl	1
hasStyle	style.ttl	1
period	style.ttl	1
dateOfBirth	physician.ttl	1
email	physician.ttl	1
firstName	physician.ttl	1
gender	physician.ttl	1
hasPatient	physician.ttl	1
hasSpecialization	physician.ttl	1
lastName	physician.ttl	1
phone	physician.ttl	1
specialty	physician.ttl	1
worksIn	physician.ttl	1
content	speech.ttl	1
date	speech.ttl	1
location	speech.ttl	1
speaker	speech.ttl	1
endDate	ability.ttl	1
hasLevel	ability.ttl	1
hasType	ability.ttl	1
level	ability.ttl	1
name	ability.ttl	1
requiredFor	ability.ttl	1
startDate	ability.ttl	1
hasAuthor	report.ttl	1
hasContent	report.ttl	1
hasDate	report.ttl	1
hasTitle	report.ttl	1
hasBid	auction.ttl	1
hasBidder	auction.ttl	1
hasBidderName	auction.ttl	1
hasHighestBid	auction.ttl	1
hasItem	auction.ttl	1
hasName	auction.ttl	1
hasStartPrice	auction.ttl	1
endDate	contract.ttl	1
hasContract	contract.ttl	1
hasType	contract.ttl	1
parties	contract.ttl	1
startDate	contract.ttl	1
terms	contract.ttl	1
perpetrator	discrimination.ttl	1
propagatorOfDiscrimination	discrimination.ttl	1
recipientOfDiscrimination	discrimination.ttl	1
victim	discrimination.ttl	1
consults	counsel.ttl	1
hasEndDate	plan.ttl	1
hasName	plan.ttl	1
hasStartDate	plan.ttl	1
includesTask	plan.ttl	1
taskHasDuration	plan.ttl	1
taskHasName	plan.ttl	1
taskHasPriority	plan.ttl	1
hasActor	play.ttl	1
hasDirector	play.ttl	1
hasLocation	play.ttl	1
hasScript	play.ttl	1
performance	play.ttl	1
hasLength	word.ttl	1
hasSpelling	word.ttl	1
isAntonymOf	word.ttl	1
isSynonymOf	word.ttl	1
hasAuthor	story.ttl	1
hasCharacterName	story.ttl	1
hasCharacters	story.ttl	1
hasGenre	story.ttl	1
hasGenreName	story.ttl	1
hasName	story.ttl	1
hasPlot	story.ttl	1
hasTitle	story.ttl	1
belongsCountry	president.ttl	1
hadPreviousPosition	president.ttl	1
hasTerm	president.ttl	1
canPerform	permission.ttl	1
hasPermission	permission.ttl	1
hasUser	permission.ttl	1
isAllowed	permission.ttl	1
onResource	permission.ttl	1
permits	permission.ttl	1
hasColor	appearance.ttl	1
hasShape	appearance.ttl	1
hasSize	appearance.ttl	1
causeOfAbolition	abolition.ttl	1
effectOfAbolition	abolition.ttl	1
partOf	abolition.ttl	1
resultedIn	abolition.ttl	1
hasCoast	coast.ttl	1
hasLength	coast.ttl	1
hasOcean	coast.ttl	1
hasPopulation	coast.ttl	1
isLocationOf	coast.ttl	1
belongsTo	branch.ttl	1
branchAddress	branch.ttl	1
branchID	branch.ttl	1
branchManager	branch.ttl	1
hasBranch	branch.ttl	1
hasLocation	branch.ttl	1
hasPrice	total.ttl	1
hasTotal	total.ttl	1
isItemOf	total.ttl	1
containsJuror	jury.ttl	1
isJurorIn	jury.ttl	1
jurorDutyDays	jury.ttl	1
jurorSelectionProcess	jury.ttl	1
jurySizeOf	jury.ttl	1
attendsCourt	lawyer.ttl	1
hasEducation	lawyer.ttl	1
hasExperience	lawyer.ttl	1
hasLicense	lawyer.ttl	1
hasName	lawyer.ttl	1
hasSpecialization	lawyer.ttl	1
name	lawyer.ttl	1
practicesArea	lawyer.ttl	1
specialty	lawyer.ttl	1
worksAt	lawyer.ttl	1
worksIn	lawyer.ttl	1
hasCategory	merchant.ttl	1
hasContact	merchant.ttl	1
hasLocation	merchant.ttl	1
hasName	merchant.ttl	1
hasWebsite	merchant.ttl	1
operatesIn	merchant.ttl	1
sells	merchant.ttl	1
sellsProduct	merchant.ttl	1
calories	food.ttl	1
containsFat	food.ttl	1
containsIngredient	food.ttl	1
hasFoodItem	food.ttl	1
hasNutritionInfo	food.ttl	1
hasRecipe	food.ttl	1
hasDate	plaque.ttl	1
hasLocation	plaque.ttl	1
hasCEO	company.ttl	1
hasEmployeeCount	company.ttl	1
hasIndustry	company.ttl	1
hasLocation	company.ttl	1
hasName	company.ttl	1
employedBy	worker.ttl	1
hasFirstName	worker.ttl	1
hasGender	worker.ttl	1
hasID	worker.ttl	1
hasJobTitle	worker.ttl	1
hasLastName	worker.ttl	1
hasNationality	worker.ttl	1
beginsAtTime	level.ttl	1
endsAtTime	level.ttl	1
hasLevel	level.ttl	1
hasName	level.ttl	1
hasValue	level.ttl	1
closingDate	exhibit.ttl	1
curator	exhibit.ttl	1
description	exhibit.ttl	1
endDate	exhibit.ttl	1
item	exhibit.ttl	1
itemName	exhibit.ttl	1
itemType	exhibit.ttl	1
location	exhibit.ttl	1
name	exhibit.ttl	1
openingDate	exhibit.ttl	1
startDate	exhibit.ttl	1
title	exhibit.ttl	1
hasCreator	statue.ttl	1
hasLocation	statue.ttl	1
hasMaterial	statue.ttl	1
hasFather	grandfather.ttl	1
hasGrandfather	grandfather.ttl	1
contains	cave.ttl	1
hasFormation	cave.ttl	1
hasInhabitant	cave.ttl	1
author	publisher.ttl	1
date	publisher.ttl	1
founded	publisher.ttl	1
location	publisher.ttl	1
name	publisher.ttl	1
publishes	publisher.ttl	1
title	publisher.ttl	1
hasObject	statement.ttl	1
hasPredicate	statement.ttl	1
hasSubject	statement.ttl	1
hasTruthValue	statement.ttl	1
hasChild	descent.ttl	1
hasParent	descent.ttl	1
hasSibling	descent.ttl	1
hasDepartment	institution.ttl	1
hasFunction	institution.ttl	1
hasGrade	institution.ttl	1
hasName	institution.ttl	1
abolitionActivity	antislavery.ttl	1
participatesInActivity	antislavery.ttl	1
wrotePublication	antislavery.ttl	1
author	diary.ttl	1
content	diary.ttl	1
date	diary.ttl	1
entry	diary.ttl	1
hasAuthor	diary.ttl	1
hasContent	diary.ttl	1
hasDate	diary.ttl	1
hasEntry	diary.ttl	1
hasTitle	diary.ttl	1
isWrittenBy	diary.ttl	1
title	diary.ttl	1
writer	diary.ttl	1
courseDescription	course.ttl	1
courseId	course.ttl	1
courseName	course.ttl	1
email	course.ttl	1
hasDescription	course.ttl	1
hasID	course.ttl	1
hasName	course.ttl	1
hasTitle	course.ttl	1
instructorId	course.ttl	1
instructorName	course.ttl	1
isTaughtBy	course.ttl	1
teaches	course.ttl	1
elicitsFear	fear.ttl	1
hasOffender	assault.ttl	1
hasSeverity	assault.ttl	1
hasVictim	assault.ttl	1
occurredAt	assault.ttl	1
helpProvider	help.ttl	1
helpReceiver	help.ttl	1
address	property.ttl	1
leasingStatus	property.ttl	1
name	property.ttl	1
owner	property.ttl	1
containsFact	testimony.ttl	1
givenBy	testimony.ttl	1
givenIn	testimony.ttl	1
givenOn	testimony.ttl	1
hasMainSubject	testimony.ttl	1
hasSource	testimony.ttl	1
isVerified	testimony.ttl	1
appointedBy	bishop.ttl	1
diocese	bishop.ttl	1
activeSince	regiment.ttl	1
assignedTo	regiment.ttl	1
comprisingOf	regiment.ttl	1
hasCommander	regiment.ttl	1
name	regiment.ttl	1
rank	regiment.ttl	1
regimentNumber	regiment.ttl	1
featureDescription	version.ttl	1
featureName	version.ttl	1
hasVersion	version.ttl	1
mainSoftwareFeature	version.ttl	1
softwareName	version.ttl	1
versionNumber	version.ttl	1
versionReleaseDate	version.ttl	1
hasStatus	status.ttl	1
hasAbility	character.ttl	1
hasOrigin	character.ttl	1
isHero	character.ttl	1
name	character.ttl	1
firstOrdained	pastor.ttl	1
leadChurch	pastor.ttl	1
leadConregation	pastor.ttl	1
leadsCongregation	pastor.ttl	1
pastorsChurch	pastor.ttl	1
preachSermon	pastor.ttl	1
providesCounseling	pastor.ttl	1
hasEmployee	office.ttl	1
hasFurniture	office.ttl	1
hasCalorieCount	meal.ttl	1
hasCalories	meal.ttl	1
hasComponent	meal.ttl	1
hasCookingTime	meal.ttl	1
hasCuisine	meal.ttl	1
hasIngredient	meal.ttl	1
hasMealType	meal.ttl	1
isGlutenFree	meal.ttl	1
isVegan	meal.ttl	1
isVegetarian	meal.ttl	1
hasBeneficiaryGroup	emancipation.ttl	1
hasDate	emancipation.ttl	1
hasLocation	emancipation.ttl	1
hasType	emancipation.ttl	1
area	nation.ttl	1
capital	nation.ttl	1
currency	nation.ttl	1
hasArea	nation.ttl	1
hasCapital	nation.ttl	1
hasCode	nation.ttl	1
hasContinent	nation.ttl	1
hasName	nation.ttl	1
hasPopulation	nation.ttl	1
isInRegion	nation.ttl	1
name	nation.ttl	1
population	nation.ttl	1
depth	sea.ttl	1
hasArea	sea.ttl	1
hasDepth	sea.ttl	1
isPartOf	sea.ttl	1
location	sea.ttl	1
salinity	sea.ttl	1
temperature	sea.ttl	1
computationMethod	mean.ttl	1
hasIndividualNumber	mean.ttl	1
hasMeanValue	mean.ttl	1
hasNumberSet	mean.ttl	1
value	mean.ttl	1
courses	ed.ttl	1
hasAuthor	autobiography.ttl	1
hasBirthdate	autobiography.ttl	1
capital	state.ttl	1
hasArea	state.ttl	1
hasLargestCity	state.ttl	1
hasPopulation	state.ttl	1
hasReigningGovernor	state.ttl	1
locatedIn	state.ttl	1
name	state.ttl	1
population	state.ttl	1
belongToCentury	decade.ttl	1
endsIn	decade.ttl	1
hasEndYear	decade.ttl	1
hasEvent	decade.ttl	1
hasStartYear	decade.ttl	1
startsIn	decade.ttl	1
startsYear	decade.ttl	1
color	print.ttl	1
hasInk	print.ttl	1
prints	print.ttl	1
birthDate	film.ttl	1
directedBy	film.ttl	1
hasActor	film.ttl	1
hasActorName	film.ttl	1
hasDirector	film.ttl	1
hasGenre	film.ttl	1
hasGenreName	film.ttl	1
hasName	film.ttl	1
hasReleaseYear	film.ttl	1
hasTitle	film.ttl	1
name	film.ttl	1
releaseDate	film.ttl	1
starring	film.ttl	1
title	film.ttl	1
containsPhoto	photo.ttl	1
hasDate	photo.ttl	1
hasDateTaken	photo.ttl	1
hasDescription	photo.ttl	1
hasFileFormat	photo.ttl	1
hasFileName	photo.ttl	1
hasLocation	photo.ttl	1
hasName	photo.ttl	1
hasPhotographer	photo.ttl	1
hasPortfolio	photo.ttl	1
hasResolution	photo.ttl	1
hasSize	photo.ttl	1
hasSubject	photo.ttl	1
hasTitle	photo.ttl	1
isPublic	photo.ttl	1
isTakenOn	photo.ttl	1
takenBy	photo.ttl	1
attends	student.ttl	1
enrolls	student.ttl	1
hasGPA	student.ttl	1
hasMajor	student.ttl	1
hasMinor	student.ttl	1
hasAge	obituary.ttl	1
hasBiography	obituary.ttl	1
hasCauseOfDeath	obituary.ttl	1
hasDate	obituary.ttl	1
hasDateOfDeath	obituary.ttl	1
hasDateOfPublication	obituary.ttl	1
hasName	obituary.ttl	1
hasObituary	obituary.ttl	1
hasPlaceOfDeath	obituary.ttl	1
publishes	obituary.ttl	1
entryAuthor	entry.ttl	1
entryDate	entry.ttl	1
hasEntry	entry.ttl	1
deadline	project.ttl	1
description	project.ttl	1
endDate	project.ttl	1
hasDeadline	project.ttl	1
hasManager	project.ttl	1
hasMember	project.ttl	1
hasName	project.ttl	1
hasRole	project.ttl	1
manager	project.ttl	1
member	project.ttl	1
name	project.ttl	1
startDate	project.ttl	1
endTime	history.ttl	1
happenedDuring	history.ttl	1
involvedPerson	history.ttl	1
personName	history.ttl	1
placeName	history.ttl	1
startTime	history.ttl	1
tookPlaceIn	history.ttl	1
affectedObject	damage.ttl	1
affects	damage.ttl	1
cause	damage.ttl	1
causedBy	damage.ttl	1
hasCause	damage.ttl	1
hasConsequence	damage.ttl	1
hasSeverity	damage.ttl	1
hasType	damage.ttl	1
location	damage.ttl	1
severity	damage.ttl	1
timeOfOccurrence	damage.ttl	1
associatedWith	reputation.ttl	1
contributedBy	reputation.ttl	1
hasComment	reputation.ttl	1
hasRating	reputation.ttl	1
hasDetail	request.ttl	1
hasId	request.ttl	1
hasStatus	request.ttl	1
hasTimestamp	request.ttl	1
amount	price.ttl	1
hasPrice	price.ttl	1
inCurrency	price.ttl	1
actsIn	actor.ttl	1
hasAge	actor.ttl	1
hasAward	actor.ttl	1
hasGender	actor.ttl	1
hasName	actor.ttl	1
hasNationality	actor.ttl	1
name	actor.ttl	1
age	servant.ttl	1
employer	servant.ttl	1
firstName	servant.ttl	1
hires	servant.ttl	1
jobTitle	servant.ttl	1
lastName	servant.ttl	1
name	servant.ttl	1
worksFor	servant.ttl	1
hasDenomination	prayer.ttl	1
hasDuration	prayer.ttl	1
hasPurpose	prayer.ttl	1
isPrayedBy	prayer.ttl	1
hasBirth	birth.ttl	1
hasBirthDate	birth.ttl	1
hasBirthPlace	birth.ttl	1
hasFather	birth.ttl	1
hasMother	birth.ttl	1
hasAge	man.ttl	1
hasChildren	man.ttl	1
hasHeight	man.ttl	1
hasName	man.ttl	1
isMarried	man.ttl	1
celebratedBy	anniversary.ttl	1
hasDate	anniversary.ttl	1
isAnniversaryOf	anniversary.ttl	1
hasAddress	building.ttl	1
hasConstructionDate	building.ttl	1
hasFloors	building.ttl	1
hasNumberOfFloors	building.ttl	1
hasOwner	building.ttl	1
hasType	building.ttl	1
address	gift.ttl	1
email	gift.ttl	1
hasGiftDescription	gift.ttl	1
hasGiftPrice	gift.ttl	1
hasGiftReceiver	gift.ttl	1
hasGiftSender	gift.ttl	1
hasGiftTitle	gift.ttl	1
name	gift.ttl	1
attends	society.ttl	1
belongsTo	society.ttl	1
consistsOf	society.ttl	1
hasCulturalNorm	society.ttl	1
hasInstitution	society.ttl	1
hasMember	society.ttl	1
hasRole	society.ttl	1
hasMessage	conversation.ttl	1
hasParticipant	conversation.ttl	1
hasSender	conversation.ttl	1
hasTopic	conversation.ttl	1
timestamp	conversation.ttl	1
hasGenre	artist.ttl	1
hasName	artist.ttl	1
hasOrigin	artist.ttl	1
hasCastle	kingdom.ttl	1
hasKing	kingdom.ttl	1
hasPrince	kingdom.ttl	1
hasPrincess	kingdom.ttl	1
hasQueen	kingdom.ttl	1
forPerson	respect.ttl	1
forValue	respect.ttl	1
inAction	respect.ttl	1
isMutual	respect.ttl	1
isSelf	respect.ttl	1
levelOfRespect	respect.ttl	1
hasColor	eye.ttl	1
hasShape	eye.ttl	1
perceives	eye.ttl	1
hasISBN	isbn.ttl	1
publishedBy	isbn.ttl	1
hasCity	location.ttl	1
hasCoordinates	location.ttl	1
hasCountry	location.ttl	1
hasStreet	location.ttl	1
isImplementedBy	protection.ttl	1
isUsedFor	protection.ttl	1
dealsDamage	attack.ttl	1
hasTarget	attack.ttl	1
actsOnBehalfOf	behalf.ttl	1
represents	behalf.ttl	1
hasFactor	success.ttl	1
hasMetric	success.ttl	1
hasTimeframe	success.ttl	1
hasCase	courthouse.ttl	1
hasCourtroom	courthouse.ttl	1
hasJudge	courthouse.ttl	1
hasLawyer	courthouse.ttl	1
commemorates	memorial.ttl	1
established	memorial.ttl	1
hasLocation	memorial.ttl	1
inscription	memorial.ttl	1
location	memorial.ttl	1
name	memorial.ttl	1
wasEstablishedOn	memorial.ttl	1
hasToe	foot.ttl	1
length	foot.ttl	1
partOf	foot.ttl	1
width	foot.ttl	1
hasAlphabet	language.ttl	1
hasDialect	language.ttl	1
usesScript	language.ttl	1
believerOf	priesthood.ttl	1
belongs	priesthood.ttl	1
hasDuty	priesthood.ttl	1
ordinationDate	priesthood.ttl	1
serves	priesthood.ttl	1
hasBirthDate	politician.ttl	1
hasName	politician.ttl	1
hasPartyAffiliation	politician.ttl	1
hasPoliticalParty	politician.ttl	1
hasTerm	politician.ttl	1
hasTermLength	politician.ttl	1
holdsPosition	politician.ttl	1
relatedToIssue	politician.ttl	1
representsCountry	politician.ttl	1
duration	pension.ttl	1
hasBeneficiary	pension.ttl	1
hasFunding	pension.ttl	1
hasPensionPlan	pension.ttl	1
hasRetiree	pension.ttl	1
hasStartAge	pension.ttl	1
hasTerms	pension.ttl	1
monthlyAmount	pension.ttl	1
startAge	pension.ttl	1
hasBelief	belief.ttl	1
hasBeliever	belief.ttl	1
hasContent	belief.ttl	1
hasEvidence	belief.ttl	1
hasStrength	belief.ttl	1
hasTruthValue	belief.ttl	1
belongsToGenre	literature.ttl	1
title	literature.ttl	1
writtenBy	literature.ttl	1
supplies	supply.ttl	1
hasInmate	prison.ttl	1
hasSecurityLevel	prison.ttl	1
isGuarded	prison.ttl	1
isImprisoned	prison.ttl	1
isInmateOf	prison.ttl	1
belongsTo	university.ttl	1
enrolledIn	university.ttl	1
hasDepartment	university.ttl	1
hasFaculty	university.ttl	1
offeredBy	university.ttl	1
studies	university.ttl	1
teaches	university.ttl	1
teachesCourse	university.ttl	1
isPartOf	thousand.ttl	1
hasBlue	color.ttl	1
hasGreen	color.ttl	1
hasHexCode	color.ttl	1
hasRGBCode	color.ttl	1
hasRed	color.ttl	1
isPrimaryColor	color.ttl	1
hasPart	head.ttl	1
activityLocation	activity.ttl	1
activityName	activity.ttl	1
activityTime	activity.ttl	1
activityType	activity.ttl	1
hasDuration	activity.ttl	1
hasName	activity.ttl	1
hasPart	activity.ttl	1
contains	water.ttl	1
containsOxygen	water.ttl	1
hasPH	water.ttl	1
hasTemperature	water.ttl	1
isDrinkable	water.ttl	1
isFresh	water.ttl	1
isFreshwater	water.ttl	1
isSaltwater	water.ttl	1
isSeaWater	water.ttl	1
source	water.ttl	1
hasRelationship	relationship.ttl	1
isTypeOf	relationship.ttl	1
hasAuthor	comment.ttl	1
hasContent	comment.ttl	1
hasDate	comment.ttl	1
isCommentedOn	comment.ttl	1
hasCurrency	money.ttl	1
hasExchangeRate	money.ttl	1
involves	money.ttl	1
author	novel.ttl	1
genre	novel.ttl	1
numberOfPages	novel.ttl	1
publicationYear	novel.ttl	1
title	novel.ttl	1
lastName	surname.ttl	1
hasFieldOfStudy	scholar.ttl	1
name	scholar.ttl	1
publishedPapers	scholar.ttl	1
worksAt	scholar.ttl	1
fromLocation	view.ttl	1
hasSubject	view.ttl	1
hasTime	view.ttl	1
hasViewer	view.ttl	1
hasViewpointExpression	view.ttl	1
hasViewpointSubject	view.ttl	1
halfOf	half.ttl	1
hasDenominator	half.ttl	1
hasHalf	half.ttl	1
hasNumerator	half.ttl	1
hasValue	half.ttl	1
isHalfOf	half.ttl	1
hasBirthDate	painter.ttl	1
hasName	painter.ttl	1
hasStyle	painter.ttl	1
groundType	ground.ttl	1
hasGroundComposition	ground.ttl	1
hasSurfaceTexture	ground.ttl	1
affects	fate.ttl	1
isDeterminedBy	fate.ttl	1
