Arm	body.ttl	1
Torso	body.ttl	1
Cause	issue.ttl	1
Comment	issue.ttl	1
Entity	issue.ttl	1
Integer	issue.ttl	1
Issue	issue.ttl	1
Issuestatus	issue.ttl	1
Resolution	issue.ttl	1
Field	research.ttl	1
Project	research.ttl	1
Publication	research.ttl	1
Research	research.ttl	1
Researcher	research.ttl	1
Datetime	kidnapping.ttl	1
Duration	kidnapping.ttl	1
KidnappingEvent	kidnapping.ttl	1
Location	kidnapping.ttl	1
Person	kidnapping.ttl	1
Cause	rebel.ttl	1
Rebel	rebel.ttl	1
RebelGroup	rebel.ttl	1
Weapon	rebel.ttl	1
Authority	punishment.ttl	1
Class	punishment.ttl	1
Offence	punishment.ttl	1
Punishment	punishment.ttl	1
Event	year.ttl	1
Resource	year.ttl	1
Year	year.ttl	1
Duration	effect.ttl	1
Effect	effect.ttl	1
Resource	effect.ttl	1
Datetime	life.ttl	1
Dog	life.ttl	1
Flower	life.ttl	1
Human	life.ttl	1
Life	life.ttl	1
Church	church.ttl	1
Datetime	church.ttl	1
Location	church.ttl	1
Pastor	church.ttl	1
Person	church.ttl	1
PostalAddress	church.ttl	1
Priest	church.ttl	1
Service	church.ttl	1
Text	church.ttl	1
Time	church.ttl	1
AgeDistribution	population.ttl	1
GenderRatio	population.ttl	1
Integer	population.ttl	1
Place	population.ttl	1
Population	population.ttl	1
Building	room.ttl	1
Furniture	room.ttl	1
Room	room.ttl	1
Theme	theme.ttl	1
Thing	theme.ttl	1
Camp	camp.ttl	1
CampType	camp.ttl	1
Integer	camp.ttl	1
Event	guest.ttl	1
Guest	guest.ttl	1
Integer	guest.ttl	1
Invitation	guest.ttl	1
Location	guest.ttl	1
County	county.ttl	1
CountySeat	county.ttl	1
Integer	county.ttl	1
State	county.ttl	1
Doctor	doctor.ttl	1
Hospital	doctor.ttl	1
MedicalField	doctor.ttl	1
Integer	movement.ttl	1
Movement	movement.ttl	1
Citation	citation.ttl	1
Person	citation.ttl	1
Country	native.ttl	1
Language	native.ttl	1
Locations	native.ttl	1
Native	native.ttl	1
Person	native.ttl	1
Attendee	party.ttl	1
Datetime	party.ttl	1
Integer	party.ttl	1
Location	party.ttl	1
Organizer	party.ttl	1
Party	party.ttl	1
Person	party.ttl	1
Resource	party.ttl	1
Theme	party.ttl	1
Fabric	heming.ttl	1
Heming	heming.ttl	1
Sewingmachine	heming.ttl	1
Blacksmith	blacksmith.ttl	1
Metallurgy	blacksmith.ttl	1
Tool	blacksmith.ttl	1
Entity	supporter.ttl	1
Integer	supporter.ttl	1
Organization	supporter.ttl	1
Supporter	supporter.ttl	1
Hour	hour.ttl	1
Integer	hour.ttl	1
Address	address.ttl	1
Country	island.ttl	1
Integer	island.ttl	1
Island	island.ttl	1
Organization	island.ttl	1
Department	professor.ttl	1
Professor	professor.ttl	1
Subject	professor.ttl	1
Baseball	catcher.ttl	1
Catcher	catcher.ttl	1
Integer	resident.ttl	1
Location	resident.ttl	1
Resident	resident.ttl	1
Integer	review.ttl	1
Product	review.ttl	1
Review	review.ttl	1
User	review.ttl	1
Person	response.ttl	1
Response	response.ttl	1
AcademicStudy	study.ttl	1
Researcher	study.ttl	1
Study	study.ttl	1
StudyTool	study.ttl	1
Subject	study.ttl	1
Time	study.ttl	1
Arrival	arrival.ttl	1
Datetime	arrival.ttl	1
Person	arrival.ttl	1
PersonArrival	arrival.ttl	1
Resource	arrival.ttl	1
GarmentType	seamstress.ttl	1
Integer	seamstress.ttl	1
Location	seamstress.ttl	1
Seamstress	seamstress.ttl	1
Skill	seamstress.ttl	1
TailorShop	seamstress.ttl	1
DigitalLiteracy	literacy.ttl	1
Language	literacy.ttl	1
Literacy	literacy.ttl	1
Person	literacy.ttl	1
Reading	literacy.ttl	1
ReadingSkill	literacy.ttl	1
Writing	literacy.ttl	1
WritingSkill	literacy.ttl	1
Consumer	service.ttl	1
Customer	service.ttl	1
Datetime	service.ttl	1
Provider	service.ttl	1
Service	service.ttl	1
ServiceProvider	service.ttl	1
Blessing	blessing.ttl	1
BlessingType	blessing.ttl	1
Person	blessing.ttl	1
Animal	reproduction.ttl	1
N99268126faf248afb7c7defbbb7a9a3eb1	reproduction.ttl	1
Plant	reproduction.ttl	1
Reproduction	reproduction.ttl	1
ReproductiveOrganism	reproduction.ttl	1
Authority	authority.ttl	1
Individual	authority.ttl	1
Person	authority.ttl	1
Position	authority.ttl	1
Integer	road.ttl	1
Road	road.ttl	1
SurfaceType	road.ttl	1
City	country.ttl	1
Continent	country.ttl	1
Country	country.ttl	1
Integer	country.ttl	1
Class	cotton.ttl	1
Cotton	cotton.ttl	1
Prince	prince.ttl	1
RoyalFamily	prince.ttl	1
Ancestor	ancestry.ttl	1
DateOfBirth	ancestry.ttl	1
Descendant	ancestry.ttl	1
N93cce6105e0b4d24bb5be2671f1034a6b1	ancestry.ttl	1
N93cce6105e0b4d24bb5be2671f1034a6b4	ancestry.ttl	1
Person	ancestry.ttl	1
PlaceOfBirth	ancestry.ttl	1
Church	priest.ttl	1
Priest	priest.ttl	1
Building	residence.ttl	1
Person	residence.ttl	1
Residence	residence.ttl	1
ResidenceType	residence.ttl	1
Person	sister.ttl	1
Sister	sister.ttl	1
Thing	thing.ttl	1
Chef	chef.ttl	1
Cuisine	chef.ttl	1
Integer	chef.ttl	1
Restaurant	chef.ttl	1
Intelligence	intelligence.ttl	1
Person	intelligence.ttl	1
Fact	fact.ttl	1
Drag	drag.ttl	1
DragCostume	drag.ttl	1
DragMakeup	drag.ttl	1
DragShow	drag.ttl	1
Energy	power.ttl	1
PowerEntity	power.ttl	1
PowerLine	power.ttl	1
PowerPlant	power.ttl	1
City	settlement.ttl	1
Integer	settlement.ttl	1
Community	community.ttl	1
Member	community.ttl	1
N16101d8486ed4e8aab7370f30699e93cb1	community.ttl	1
Change	change.ttl	1
ChangeType	change.ttl	1
Datetime	change.ttl	1
Event	change.ttl	1
Person	change.ttl	1
Case	trial.ttl	1
Person	trial.ttl	1
Trial	trial.ttl	1
Editor	editor.ttl	1
Publication	editor.ttl	1
Resource	editor.ttl	1
Topic	editor.ttl	1
Duty	guard.ttl	1
Equipment	guard.ttl	1
Guard	guard.ttl	1
Location	guard.ttl	1
Place	guard.ttl	1
Shift	guard.ttl	1
Unit	unit.ttl	1
UnitSystem	unit.ttl	1
Captain	captain.ttl	1
Integer	captain.ttl	1
Circumstance	circumstance.ttl	1
Datetime	circumstance.ttl	1
Duration	circumstance.ttl	1
Factor	circumstance.ttl	1
Impact	circumstance.ttl	1
Resource	circumstance.ttl	1
Country	census.ttl	1
Integer	census.ttl	1
PopulationCensus	census.ttl	1
Author	information.ttl	1
Creator	information.ttl	1
Data	information.ttl	1
Information	information.ttl	1
Medium	information.ttl	1
Origin	slaveholder.ttl	1
Property	slaveholder.ttl	1
Slave	slaveholder.ttl	1
Slaveholder	slaveholder.ttl	1
Class	loss.ttl	1
Datetime	loss.ttl	1
Loss	loss.ttl	1
Resource	loss.ttl	1
Interest	interest.ttl	1
Person	interest.ttl	1
Conclusion	end.ttl	1
Datetime	end.ttl	1
End	end.ttl	1
Event	end.ttl	1
FinalMoment	end.ttl	1
Thing	end.ttl	1
TimeInterval	end.ttl	1
Fugitive	fugitive.ttl	1
Integer	fugitive.ttl	1
Warrant	fugitive.ttl	1
Book	reader.ttl	1
Integer	reader.ttl	1
Reader	reader.ttl	1
Component	system.ttl	1
Hardware	system.ttl	1
Software	system.ttl	1
Subcomponent	system.ttl	1
System	system.ttl	1
Integer	list.ttl	1
Item	list.ttl	1
List	list.ttl	1
Resource	list.ttl	1
Official	official.ttl	1
Organization	official.ttl	1
Resource	use.ttl	1
Use	use.ttl	1
Class	trader.ttl	1
FinancialInstrument	trader.ttl	1
Langstring	trader.ttl	1
Trader	trader.ttl	1
Dinner	dinner.ttl	1
Dish	dinner.ttl	1
Ingredient	dinner.ttl	1
Artist	painting.ttl	1
Medium	painting.ttl	1
Painting	painting.ttl	1
Flowering	spring.ttl	1
Resource	spring.ttl	1
Spring	spring.ttl	1
SpringSeason	spring.ttl	1
Weather	spring.ttl	1
Debt	debt.ttl	1
Entity	debt.ttl	1
Asset	trading.ttl	1
Broker	trading.ttl	1
Market	trading.ttl	1
Number	trading.ttl	1
Role	trading.ttl	1
Trade	trading.ttl	1
Trader	trading.ttl	1
TradingPlatform	trading.ttl	1
Double	point.ttl	1
Point	point.ttl	1
BirthPlace	origin.ttl	1
City	origin.ttl	1
Country	origin.ttl	1
Datetime	origin.ttl	1
ManufacturedPlace	origin.ttl	1
Origin	origin.ttl	1
Person	origin.ttl	1
Thing	origin.ttl	1
Background	background.ttl	1
Entity	background.ttl	1
Entity	medium.ttl	1
Medium	medium.ttl	1
Double	value.ttl	1
N3f1fcd8fe7834504a1b4b47305dd5dc5b1	value.ttl	1
Nb1a34d8e9ab046da8d71d7b2bd1ff877b1	value.ttl	1
Value	value.ttl	1
ValueNumeric	value.ttl	1
Church	congregation.ttl	1
Congregation	congregation.ttl	1
Member	congregation.ttl	1
Service	congregation.ttl	1
Datetime	task.ttl	1
Task	task.ttl	1
Institution	researcher.ttl	1
InstitutionLocation	researcher.ttl	1
Project	researcher.ttl	1
ProjectTopic	researcher.ttl	1
Researcher	researcher.ttl	1
Anysimpletype	result.ttl	1
Participant	result.ttl	1
Resource	result.ttl	1
Result	result.ttl	1
Person	brother.ttl	1
Enslaver	enslaver.ttl	1
N3e77a9a39e704894af3d5867ca88d92bb1	enslaver.ttl	1
Slave	enslaver.ttl	1
Organization	member.ttl	1
Person	member.ttl	1
Duration	possession.ttl	1
Possession	possession.ttl	1
Resource	possession.ttl	1
Election	politic.ttl	1
Government	politic.ttl	1
Party	politic.ttl	1
Politician	politic.ttl	1
Category	shop.ttl	1
Product	shop.ttl	1
Shop	shop.ttl	1
Home	home.ttl	1
House	home.ttl	1
Integer	home.ttl	1
Owner	home.ttl	1
Person	home.ttl	1
Room	home.ttl	1
RoomType	home.ttl	1
Girl	girl.ttl	1
Integer	girl.ttl	1
Person	girl.ttl	1
School	girl.ttl	1
Integer	person.ttl	1
Person	person.ttl	1
Place	person.ttl	1
Cemetery	funeral.ttl	1
Deceased	funeral.ttl	1
Funeral	funeral.ttl	1
FuneralDirector	funeral.ttl	1
FuneralService	funeral.ttl	1
Account	account.ttl	1
Datetime	account.ttl	1
Person	account.ttl	1
User	account.ttl	1
Person	role.ttl	1
Role	role.ttl	1
Drink	portion.ttl	1
Food	portion.ttl	1
Integer	portion.ttl	1
Portion	portion.ttl	1
Resource	portion.ttl	1
Whole	portion.ttl	1
Person	race.ttl	1
Race	race.ttl	1
Commander	troop.ttl	1
Integer	troop.ttl	1
Soldier	troop.ttl	1
Troop	troop.ttl	1
Country	governor.ttl	1
Datetime	governor.ttl	1
Governor	governor.ttl	1
Integer	governor.ttl	1
Person	governor.ttl	1
Resource	governor.ttl	1
State	governor.ttl	1
Group	majority.ttl	1
Integer	majority.ttl	1
Majority	majority.ttl	1
Field	skill.ttl	1
Skill	skill.ttl	1
SkillOwner	skill.ttl	1
Absorbency	black.ttl	1
Black	black.ttl	1
Color	black.ttl	1
Thing	black.ttl	1
Face	face.ttl	1
FacialFeature	face.ttl	1
Integer	publication.ttl	1
Publication	publication.ttl	1
Currency	earning.ttl	1
Earning	earning.ttl	1
Person	earning.ttl	1
Liberty	liberty.ttl	1
Child	mother.ttl	1
Mother	mother.ttl	1
Parent	mother.ttl	1
Person	mother.ttl	1
Public	public.ttl	1
Resource	public.ttl	1
Department	overseer.ttl	1
Integer	overseer.ttl	1
Overseer	overseer.ttl	1
Person	overseer.ttl	1
Responsibility	overseer.ttl	1
Event	witness.ttl	1
Witness	witness.ttl	1
Resource	thought.ttl	1
Thought	thought.ttl	1
City	land.ttl	1
Country	land.ttl	1
Integer	land.ttl	1
Landspot	land.ttl	1
Parcel	land.ttl	1
State	land.ttl	1
Datetime	infant.ttl	1
Infant	infant.ttl	1
Person	infant.ttl	1
Conversion	conversion.ttl	1
Unit	conversion.ttl	1
AbolitionistMovement	abolitionist.ttl	1
Person	abolitionist.ttl	1
SystemOrPractice	abolitionist.ttl	1
Pair	pair.ttl	1
Resource	pair.ttl	1
Adulthood	adulthood.ttl	1
Employment	adulthood.ttl	1
Integer	adulthood.ttl	1
Event	event.ttl	1
Datetime	instance.ttl	1
Instance	instance.ttl	1
Person	instance.ttl	1
Thing	instance.ttl	1
Article	newspaper.ttl	1
Newspaper	newspaper.ttl	1
Class	class.ttl	1
Datetime	class.ttl	1
Student	class.ttl	1
Teacher	class.ttl	1
Argument	argument.ttl	1
Conclusion	argument.ttl	1
Premise	argument.ttl	1
Instruction	instruction.ttl	1
Integer	support.ttl	1
Support	support.ttl	1
Thing	support.ttl	1
User	support.ttl	1
Enemy	enemy.ttl	1
Person	enemy.ttl	1
Datetime	meeting.ttl	1
Location	meeting.ttl	1
Meeting	meeting.ttl	1
Person	meeting.ttl	1
Practice	practice.ttl	1
Skill	practice.ttl	1
SkillLevel	practice.ttl	1
Person	ancestor.ttl	1
Arrest	arrest.ttl	1
ArrestReport	arrest.ttl	1
Arrestee	arrest.ttl	1
Arrestor	arrest.ttl	1
Crime	arrest.ttl	1
Datetime	arrest.ttl	1
LawEnforcementAgency	arrest.ttl	1
Location	arrest.ttl	1
PoliceOfficer	arrest.ttl	1
Reason	arrest.ttl	1
Suspect	arrest.ttl	1
Entity	influence.ttl	1
Influence	influence.ttl	1
InfluenceFactor	influence.ttl	1
InfluencePower	influence.ttl	1
Degree	teacher.ttl	1
Institution	teacher.ttl	1
Integer	teacher.ttl	1
School	teacher.ttl	1
Student	teacher.ttl	1
Subject	teacher.ttl	1
Teacher	teacher.ttl	1
City	region.ttl	1
Country	region.ttl	1
Integer	region.ttl	1
Region	region.ttl	1
Datetime	exchange.ttl	1
Entity	exchange.ttl	1
Exchange	exchange.ttl	1
Item	exchange.ttl	1
Author	bibliography.ttl	1
Book	bibliography.ttl	1
Integer	bibliography.ttl	1
Grandchild	grandchild.ttl	1
Grandparent	grandchild.ttl	1
Place	place.ttl	1
Gender	individual.ttl	1
Individual	individual.ttl	1
Integer	individual.ttl	1
Owner	owner.ttl	1
Ownership	owner.ttl	1
Thing	owner.ttl	1
Case	court.ttl	1
Court	court.ttl	1
CourtCase	court.ttl	1
Defendant	court.ttl	1
Judge	court.ttl	1
Jurisdiction	court.ttl	1
Lawyer	court.ttl	1
Plaintiff	court.ttl	1
Customer	sale.ttl	1
Item	sale.ttl	1
Sale	sale.ttl	1
Location	situation.ttl	1
Person	situation.ttl	1
Situation	situation.ttl	1
Time	situation.ttl	1
Cause	suffering.ttl	1
Duration	suffering.ttl	1
Intensity	suffering.ttl	1
Response	suffering.ttl	1
Suffering	suffering.ttl	1
Author	book.ttl	1
Book	book.ttl	1
Integer	book.ttl	1
Effort	effort.ttl	1
Day	day.ttl	1
TimePart	day.ttl	1
Country	independence.ttl	1
EconomicIndependence	independence.ttl	1
Independence	independence.ttl	1
IndividualIndependence	independence.ttl	1
Level	independence.ttl	1
Person	independence.ttl	1
PoliticalIndependence	independence.ttl	1
Clothe	clothe.ttl	1
Material	clothe.ttl	1
Missionary	missionary.ttl	1
MissionaryActivity	missionary.ttl	1
MissionaryOrganization	missionary.ttl	1
Prayer	missionary.ttl	1
SpreadGospel	missionary.ttl	1
Langstring	material.ttl	1
Material	material.ttl	1
Resource	material.ttl	1
Country	relation.ttl	1
Person	relation.ttl	1
World	world.ttl	1
Anyuri	domain.ttl	1
Owner	domain.ttl	1
Website	domain.ttl	1
Church	preacher.ttl	1
Occupation	preacher.ttl	1
Person	preacher.ttl	1
Preacher	preacher.ttl	1
Sermon	preacher.ttl	1
Horse	horse.ttl	1
Datetime	opportunity.ttl	1
Opportunity	opportunity.ttl	1
Person	opportunity.ttl	1
Subject	opportunity.ttl	1
Area	area.ttl	1
Nfd2d608153154bdfae3c4153c1c73b17b1	area.ttl	1
String	struggle.ttl	1
Struggle	struggle.ttl	1
Document	document.ttl	1
Person	document.ttl	1
AudioBook	audiobook.ttl	1
Author	audiobook.ttl	1
Narrator	audiobook.ttl	1
Publisher	audiobook.ttl	1
Care	care.ttl	1
CareActivity	care.ttl	1
CareLocation	care.ttl	1
CareProvider	care.ttl	1
CareRecipient	care.ttl	1
HealthcareProfessional	care.ttl	1
King	queen.ttl	1
QueenConsort	queen.ttl	1
Attorney	attorney.ttl	1
Integer	attorney.ttl	1
PracticeArea	attorney.ttl	1
House	neighbor.ttl	1
Neighbor	neighbor.ttl	1
Person	neighbor.ttl	1
Street	neighbor.ttl	1
Action	mission.ttl	1
Agent	mission.ttl	1
Mission	mission.ttl	1
Missions	mission.ttl	1
Purpose	mission.ttl	1
Resource	mission.ttl	1
Company	work.ttl	1
Employee	work.ttl	1
Integer	work.ttl	1
Job	work.ttl	1
VolumeCapacity	capacity.ttl	1
WeightCapacity	capacity.ttl	1
Decision	decision.ttl	1
DecisionMaker	decision.ttl	1
Option	decision.ttl	1
Outcome	decision.ttl	1
City	homeland.ttl	1
Country	homeland.ttl	1
Homeland	homeland.ttl	1
Language	homeland.ttl	1
Population	homeland.ttl	1
Region	homeland.ttl	1
Record	record.ttl	1
Frequency	wage.ttl	1
Wage	wage.ttl	1
Integer	paper.ttl	1
Paper	paper.ttl	1
Carriage	carriage.ttl	1
Gyear	carriage.ttl	1
Integer	carriage.ttl	1
Manufacturer	carriage.ttl	1
Material	carriage.ttl	1
Dimension	freedom.ttl	1
Freedom	freedom.ttl	1
FreedomConcept	freedom.ttl	1
Captive	captivity.ttl	1
StateOfCaptivity	captivity.ttl	1
Baptism	baptism.ttl	1
Location	baptism.ttl	1
Person	baptism.ttl	1
Statement	truth.ttl	1
Truth	truth.ttl	1
Artery	arter.ttl	1
Blood	arter.ttl	1
BloodVessel	arter.ttl	1
BodyPart	arter.ttl	1
Resource	arter.ttl	1
Gospel	gospel.ttl	1
Integer	gospel.ttl	1
Verse	gospel.ttl	1
Integer	town.ttl	1
Town	town.ttl	1
Product	store.ttl	1
Store	store.ttl	1
Captain	ship.ttl	1
Crew	ship.ttl	1
Ship	ship.ttl	1
Person	petition.ttl	1
Petition	petition.ttl	1
Cause	cause.ttl	1
Consequence	cause.ttl	1
Event	cause.ttl	1
Audience	audience.ttl	1
Integer	audience.ttl	1
Case	case.ttl	1
Item	order.ttl	1
Order	order.ttl	1
Court	law.ttl	1
Defendant	law.ttl	1
Judge	law.ttl	1
Lawyer	law.ttl	1
Plaintiff	law.ttl	1
Fire	fire.ttl	1
FireAlarm	fire.ttl	1
FireDepartment	fire.ttl	1
FireSeverity	fire.ttl	1
FireSource	fire.ttl	1
Firefighter	fire.ttl	1
Heat	fire.ttl	1
Light	fire.ttl	1
Smoke	fire.ttl	1
Person	promise.ttl	1
Promise	promise.ttl	1
Association	association.ttl	1
Entity	association.ttl	1
ActivismType	activist.ttl	1
Activist	activist.ttl	1
Bag	activist.ttl	1
Movement	activist.ttl	1
Organisation	activist.ttl	1
Person	activist.ttl	1
Resource	activist.ttl	1
SocialIssue	activist.ttl	1
Disease	health.ttl	1
Patient	health.ttl	1
Symptom	health.ttl	1
Treatment	health.ttl	1
Crowd	crowd.ttl	1
Integer	crowd.ttl	1
Favor	favor.ttl	1
Individual	favor.ttl	1
Charge	charge.ttl	1
Entity	charge.ttl	1
Man	widow.ttl	1
Person	widow.ttl	1
Widow	widow.ttl	1
Department	officer.ttl	1
Integer	officer.ttl	1
Officer	officer.ttl	1
PoliceDepartment	officer.ttl	1
Integer	tavern.ttl	1
Location	tavern.ttl	1
Person	tavern.ttl	1
Tavern	tavern.ttl	1
Buyer	purchase.ttl	1
Customer	purchase.ttl	1
Datetime	purchase.ttl	1
Integer	purchase.ttl	1
Product	purchase.ttl	1
Purchase	purchase.ttl	1
Crew	crew.ttl	1
Person	crew.ttl	1
Role	crew.ttl	1
Vehicle	crew.ttl	1
Force	force.ttl	1
XMLLiteral	force.ttl	1
Disease	disease.ttl	1
Destination	tour.ttl	1
Duration	tour.ttl	1
Guide	tour.ttl	1
Location	tour.ttl	1
Tour	tour.ttl	1
TourGuide	tour.ttl	1
Tourist	tour.ttl	1
Actor	controversy.ttl	1
Controversy	controversy.ttl	1
Resource	controversy.ttl	1
Subject	controversy.ttl	1
Unit	volume.ttl	1
VolumeMeasurement	volume.ttl	1
Acre	acre.ttl	1
AreaUnit	acre.ttl	1
Integer	transportation.ttl	1
PrivateVehicle	transportation.ttl	1
PublicTransport	transportation.ttl	1
Transportation	transportation.ttl	1
Vehicle	transportation.ttl	1
Hero	hero.ttl	1
Integer	hero.ttl	1
Power	hero.ttl	1
SuperPower	hero.ttl	1
Villain	hero.ttl	1
Datetime	time.ttl	1
N7048638ddbe744ef92b7ef71d2bc54beb1	time.ttl	1
TimePeriod	time.ttl	1
Timezone	time.ttl	1
Feeling	feeling.ttl	1
Person	feeling.ttl	1
BodiesOfWater	river.ttl	1
Double	river.ttl	1
Location	river.ttl	1
River	river.ttl	1
Author	biography.ttl	1
Biography	biography.ttl	1
Person	biography.ttl	1
PublicationDate	biography.ttl	1
Subject	biography.ttl	1
Acquisition	knowledge.ttl	1
Distribution	knowledge.ttl	1
DomainArea	knowledge.ttl	1
Knowledge	knowledge.ttl	1
Person	knowledge.ttl	1
Resource	knowledge.ttl	1
Source	knowledge.ttl	1
Rank	soldier.ttl	1
Regiment	soldier.ttl	1
Soldier	soldier.ttl	1
War	soldier.ttl	1
Weapon	soldier.ttl	1
Action	agent.ttl	1
Agent	agent.ttl	1
Environment	agent.ttl	1
Destination	travel.ttl	1
Duration	travel.ttl	1
Transport	travel.ttl	1
Travel	travel.ttl	1
Candidate	vote.ttl	1
Election	vote.ttl	1
Person	vote.ttl	1
Vote	vote.ttl	1
Voter	vote.ttl	1
Suit	suit.ttl	1
Participant	raid.ttl	1
Raid	raid.ttl	1
Target	raid.ttl	1
Position	position.ttl	1
Person	uncle.ttl	1
Datetime	recollection.ttl	1
Person	recollection.ttl	1
Recollection	recollection.ttl	1
Datetime	mail.ttl	1
Mail	mail.ttl	1
Person	mail.ttl	1
Classroom	school.ttl	1
EducationSystem	school.ttl	1
Ontology	school.ttl	1
Organization	school.ttl	1
Person	school.ttl	1
Student	school.ttl	1
Subject	school.ttl	1
Teacher	school.ttl	1
Aid	aid.ttl	1
Donor	aid.ttl	1
Recipient	aid.ttl	1
Type	aid.ttl	1
Attention	attention.ttl	1
Focus	attention.ttl	1
NonNegativeInteger	attention.ttl	1
Artist	song.ttl	1
Genre	song.ttl	1
Lyrics	song.ttl	1
Song	song.ttl	1
Human	manumission.ttl	1
Manumission	manumission.ttl	1
Slave	manumission.ttl	1
SlaveOwner	manumission.ttl	1
Resource	return.ttl	1
Return	return.ttl	1
ReturnItem	return.ttl	1
ReturnPolicy	return.ttl	1
Biographer	biographer.ttl	1
Biography	biographer.ttl	1
Book	biographer.ttl	1
Person	biographer.ttl	1
Subject	biographer.ttl	1
Destination	pilgrimage.ttl	1
Pilgrim	pilgrimage.ttl	1
Pilgrimage	pilgrimage.ttl	1
Religion	pilgrimage.ttl	1
Group	group.ttl	1
Nd3d404c3d0fe4e05bfe67f9531eb5770b1	group.ttl	1
Person	group.ttl	1
Ceremony	ceremony.ttl	1
Datetime	ceremony.ttl	1
Author	poem.ttl	1
Integer	poem.ttl	1
Poem	poem.ttl	1
Anyuri	website.ttl	1
Skill	website.ttl	1
WebDeveloper	website.ttl	1
WebSite	website.ttl	1
Website	website.ttl	1
Construction	construction.ttl	1
ConstructionMaterials	construction.ttl	1
ConstructionWorker	construction.ttl	1
Contractor	construction.ttl	1
Material	construction.ttl	1
Chance	chance.ttl	1
Event	chance.ttl	1
Rest	rest.ttl	1
RestingIndividual	rest.ttl	1
Constellation	star.ttl	1
Integer	star.ttl	1
Star	star.ttl	1
Artist	art.ttl	1
Artwork	art.ttl	1
Style	art.ttl	1
Integer	veteran.ttl	1
Medal	veteran.ttl	1
MilitaryRank	veteran.ttl	1
Veteran	veteran.ttl	1
War	veteran.ttl	1
Article	press.ttl	1
Journalist	press.ttl	1
News	press.ttl	1
Publication	press.ttl	1
Datetime	release.ttl	1
Producer	release.ttl	1
Release	release.ttl	1
Bride	wedding.ttl	1
Groom	wedding.ttl	1
Guest	wedding.ttl	1
Wedding	wedding.ttl	1
Individual	strength.ttl	1
Strength	strength.ttl	1
Author	preface.ttl	1
Content	preface.ttl	1
Preface	preface.ttl	1
Integer	piece.ttl	1
Piece	piece.ttl	1
Resource	piece.ttl	1
Thing	piece.ttl	1
Memory	memory.ttl	1
MemoryType	memory.ttl	1
Activism	activism.ttl	1
Activist	activism.ttl	1
Issue	activism.ttl	1
Location	activism.ttl	1
Line	line.ttl	1
Point	line.ttl	1
FirstName	name.ttl	1
LastName	name.ttl	1
Thing	name.ttl	1
Memoir	memoir.ttl	1
Person	memoir.ttl	1
Integer	laborer.ttl	1
Laborer	laborer.ttl	1
Estate	estate.ttl	1
Location	estate.ttl	1
Owner	estate.ttl	1
RealEstate	estate.ttl	1
Person	love.ttl	1
SelfLove	love.ttl	1
Carpenter	carpenter.ttl	1
Person	carpenter.ttl	1
Project	carpenter.ttl	1
Tool	carpenter.ttl	1
RailLine	railroad.ttl	1
Railroad	railroad.ttl	1
RailroadTrack	railroad.ttl	1
Station	railroad.ttl	1
Train	railroad.ttl	1
Condition	condition.ttl	1
Doctor	condition.ttl	1
Duration	condition.ttl	1
Entity	condition.ttl	1
Individual	condition.ttl	1
MedicalCondition	condition.ttl	1
Symptom	condition.ttl	1
Treatment	condition.ttl	1
Author	tale.ttl	1
Book	tale.ttl	1
Character	tale.ttl	1
Integer	tale.ttl	1
Setting	tale.ttl	1
Story	tale.ttl	1
Tale	tale.ttl	1
Theme	tale.ttl	1
Colonist	colonist.ttl	1
Colony	colonist.ttl	1
Country	colonist.ttl	1
Desire	desire.ttl	1
DesireSatisfaction	desire.ttl	1
Integer	desire.ttl	1
Object	desire.ttl	1
Subject	desire.ttl	1
Thing	desire.ttl	1
Entity	lack.ttl	1
Destination	passenger.ttl	1
Integer	passenger.ttl	1
Passenger	passenger.ttl	1
Ticket	passenger.ttl	1
Vehicle	passenger.ttl	1
Integer	village.ttl	1
Location	village.ttl	1
Village	village.ttl	1
Datetime	bond.ttl	1
FinancialBond	bond.ttl	1
Holder	bond.ttl	1
InterestRate	bond.ttl	1
Issuer	bond.ttl	1
Child	parent.ttl	1
Parent	parent.ttl	1
Convention	convention.ttl	1
Organizer	convention.ttl	1
Agent	judge.ttl	1
Judge	judge.ttl	1
Judgment	judge.ttl	1
LegalCase	judge.ttl	1
Basis	basis.ttl	1
Person	relative.ttl	1
Double	vessel.ttl	1
Integer	vessel.ttl	1
Material	vessel.ttl	1
Vessel	vessel.ttl	1
Collection	collection.ttl	1
Collector	collection.ttl	1
CreationDate	collection.ttl	1
Item	collection.ttl	1
ItemType	collection.ttl	1
Idea	idea.ttl	1
N152f29b4aa5841d69cbcac4e611774a4b1	idea.ttl	1
N152f29b4aa5841d69cbcac4e611774a4b5	idea.ttl	1
Person	idea.ttl	1
XMLLiteral	idea.ttl	1
Human	woman.ttl	1
Integer	woman.ttl	1
Woman	woman.ttl	1
ActOfKindness	kindness.ttl	1
Person	kindness.ttl	1
Couple	couple.ttl	1
Person	couple.ttl	1
Context	symbol.ttl	1
Representation	symbol.ttl	1
Symbol	symbol.ttl	1
Activity	difficulty.ttl	1
Difficulty	difficulty.ttl	1
Assistance	assistance.ttl	1
Provider	assistance.ttl	1
Receiver	assistance.ttl	1
Furniture	household.ttl	1
Household	household.ttl	1
Integer	household.ttl	1
Na3773eb7098347bbac15ca20ee75c694b1	household.ttl	1
Na3773eb7098347bbac15ca20ee75c694b6	household.ttl	1
Person	household.ttl	1
ClothingItem	clothing.ttl	1
ClothingType	clothing.ttl	1
Size	clothing.ttl	1
Entity	honor.ttl	1
Honor	honor.ttl	1
Detail	detail.ttl	1
Thing	detail.ttl	1
Integer	prisoner.ttl	1
Langstring	prisoner.ttl	1
Prisoner	prisoner.ttl	1
Author	page.ttl	1
Page	page.ttl	1
Bill	legislature.ttl	1
Legislature	legislature.ttl	1
Member	legislature.ttl	1
Session	legislature.ttl	1
Causes	pain.ttl	1
Pain	pain.ttl	1
Occasion	occasion.ttl	1
Person	occasion.ttl	1
Document	introduction.ttl	1
Greeting	introduction.ttl	1
Introduction	introduction.ttl	1
Overview	introduction.ttl	1
Part	introduction.ttl	1
Human	right.ttl	1
LegalRight	right.ttl	1
Right	right.ttl	1
Duty	duty.ttl	1
Person	duty.ttl	1
Author	manuscript.ttl	1
Manuscript	manuscript.ttl	1
Character	scene.ttl	1
Event	scene.ttl	1
Location	scene.ttl	1
Scene	scene.ttl	1
Thing	writing.ttl	1
Writing	writing.ttl	1
Axle	wagon.ttl	1
Wagon	wagon.ttl	1
Wheel	wagon.ttl	1
Emergency	rescue.ttl	1
RescueOperation	rescue.ttl	1
RescueTeam	rescue.ttl	1
Victim	rescue.ttl	1
Ned963e32258d4cdc9f9dee88e0432c79b1	organization.ttl	1
Organization	organization.ttl	1
Person	organization.ttl	1
Position	organization.ttl	1
Genius	genius.ttl	1
Integer	genius.ttl	1
Author	text.ttl	1
Language	text.ttl	1
LiteraryGenre	text.ttl	1
Text	text.ttl	1
Datetime	marriage.ttl	1
Individual	marriage.ttl	1
Marriage	marriage.ttl	1
Resource	marriage.ttl	1
Spouse	marriage.ttl	1
Image	image.ttl	1
Integer	image.ttl	1
Resource	image.ttl	1
Person	wife.ttl	1
Wife	wife.ttl	1
Marker	marker.ttl	1
Abolition	slavery.ttl	1
Master	slavery.ttl	1
Slave	slavery.ttl	1
SlaveTrade	slavery.ttl	1
Slavery	slavery.ttl	1
UndergroundRailroad	slavery.ttl	1
Student	subject.ttl	1
Subject	subject.ttl	1
Expedition	expedition.ttl	1
Location	expedition.ttl	1
Person	expedition.ttl	1
Cabin	cabin.ttl	1
Integer	cabin.ttl	1
Fund	fund.ttl	1
Investment	fund.ttl	1
Color	figure.ttl	1
Figure	figure.ttl	1
Material	figure.ttl	1
Shape	figure.ttl	1
Integer	monument.ttl	1
Location	monument.ttl	1
Monument	monument.ttl	1
MonumentType	monument.ttl	1
Fruit	plantation.ttl	1
Herb	plantation.ttl	1
Plantation	plantation.ttl	1
Thing	plantation.ttl	1
Tree	plantation.ttl	1
Manner	manner.ttl	1
Historian	historian.ttl	1
HistoricalTopic	historian.ttl	1
Publication	historian.ttl	1
Datetime	process.ttl	1
Input	process.ttl	1
Output	process.ttl	1
Process	process.ttl	1
Integer	people.ttl	1
Person	people.ttl	1
Cause	rebellion.ttl	1
Integer	rebellion.ttl	1
Outcome	rebellion.ttl	1
Rebel	rebellion.ttl	1
Rebellion	rebellion.ttl	1
Planter	planter.ttl	1
Disease	treatment.ttl	1
Treatment	treatment.ttl	1
Attempt	attempt.ttl	1
Datetime	attempt.ttl	1
Individual	attempt.ttl	1
Objective	attempt.ttl	1
Author	example.ttl	1
BlogPost	example.ttl	1
Book	example.ttl	1
Dessert	example.ttl	1
Person	example.ttl	1
Enslavement	enslavement.ttl	1
Integer	enslavement.ttl	1
Resource	enslavement.ttl	1
Abolitionism	abolitionism.ttl	1
Person	abolitionism.ttl	1
Practice	abolitionism.ttl	1
SocialMovement	abolitionism.ttl	1
Audience	speaker.ttl	1
Integer	speaker.ttl	1
Speaker	speaker.ttl	1
Topic	speaker.ttl	1
Principle	principle.ttl	1
System	principle.ttl	1
Donation	donation.ttl	1
Double	donation.ttl	1
Organization	donation.ttl	1
Person	donation.ttl	1
AstronomicalNight	night.ttl	1
CivilNight	night.ttl	1
FullMoonNight	night.ttl	1
LightPollution	night.ttl	1
StarryNight	night.ttl	1
Injury	injury.ttl	1
InjuryLocation	injury.ttl	1
InjuryType	injury.ttl	1
Battle	battle.ttl	1
Combatant	battle.ttl	1
Participant	battle.ttl	1
CauseOfDeath	death.ttl	1
Datetime	death.ttl	1
Death	death.ttl	1
Person	death.ttl	1
PlaceOfDeath	death.ttl	1
TimeOfDeath	death.ttl	1
Baby	baby.ttl	1
Datetime	baby.ttl	1
Gender	baby.ttl	1
Part	part.ttl	1
Thing	part.ttl	1
Datetime	escape.ttl	1
Escape	escape.ttl	1
Resource	escape.ttl	1
Bondage	bondage.ttl	1
Practitioner	bondage.ttl	1
TypeOfBondage	bondage.ttl	1
Dress	dress.ttl	1
Contribution	contribution.ttl	1
Member	militia.ttl	1
Militia	militia.ttl	1
Role	militia.ttl	1
Weapon	militia.ttl	1
Case	justice.ttl	1
Court	justice.ttl	1
Judge	justice.ttl	1
Justice	justice.ttl	1
Lawyer	justice.ttl	1
LegalSystem	justice.ttl	1
Principle	justice.ttl	1
Impact	risk.ttl	1
Probability	risk.ttl	1
Risk	risk.ttl	1
RiskAssessment	risk.ttl	1
RiskFactor	risk.ttl	1
RiskLevel	risk.ttl	1
RiskManagement	risk.ttl	1
Friendship	friendship.ttl	1
Person	friendship.ttl	1
Recipient	reward.ttl	1
Reward	reward.ttl	1
RewardType	reward.ttl	1
Eradication	smallpox.ttl	1
Smallpox	smallpox.ttl	1
Vaccine	smallpox.ttl	1
VariolaVirus	smallpox.ttl	1
Author	author.ttl	1
Book	author.ttl	1
Person	author.ttl	1
Publication	author.ttl	1
Class	resource.ttl	1
Quantity	resource.ttl	1
Resource	resource.ttl	1
Unit	resource.ttl	1
Cemetery	cemetery.ttl	1
Grave	cemetery.ttl	1
Memorial	cemetery.ttl	1
Occupant	cemetery.ttl	1
Person	cemetery.ttl	1
Article	article.ttl	1
Datetime	period.ttl	1
Duration	period.ttl	1
Event	period.ttl	1
HistoricalPeriod	period.ttl	1
Period	period.ttl	1
Boy	boy.ttl	1
Integer	boy.ttl	1
Pet	boy.ttl	1
Sport	boy.ttl	1
Box	box.ttl	1
Material	box.ttl	1
BillOfSale	trade.ttl	1
Buyer	trade.ttl	1
Integer	trade.ttl	1
Price	trade.ttl	1
Product	trade.ttl	1
PurchaseOrder	trade.ttl	1
Seller	trade.ttl	1
Trade	trade.ttl	1
TradeType	trade.ttl	1
Trader	trade.ttl	1
DateTime	violence.ttl	1
Location	violence.ttl	1
Person	violence.ttl	1
Violence	violence.ttl	1
Person	style.ttl	1
Style	style.ttl	1
Hospital	physician.ttl	1
Patient	physician.ttl	1
Physician	physician.ttl	1
Specialization	physician.ttl	1
Specialty	physician.ttl	1
Location	speech.ttl	1
Person	speech.ttl	1
Speech	speech.ttl	1
Ability	ability.ttl	1
Integer	ability.ttl	1
Nonnegativeinteger	ability.ttl	1
Task	ability.ttl	1
Author	report.ttl	1
Report	report.ttl	1
Auction	auction.ttl	1
Bidder	auction.ttl	1
Item	auction.ttl	1
Contract	contract.ttl	1
ContractType	contract.ttl	1
Resource	contract.ttl	1
Signatory	contract.ttl	1
Discrimination	discrimination.ttl	1
Individual	discrimination.ttl	1
Person	discrimination.ttl	1
Counsel	counsel.ttl	1
Person	counsel.ttl	1
Integer	plan.ttl	1
Plan	plan.ttl	1
Task	plan.ttl	1
Actor	play.ttl	1
Director	play.ttl	1
Location	play.ttl	1
Performance	play.ttl	1
Play	play.ttl	1
Script	play.ttl	1
Integer	word.ttl	1
Word	word.ttl	1
Author	story.ttl	1
Character	story.ttl	1
Genre	story.ttl	1
Story	story.ttl	1
Position	president.ttl	1
President	president.ttl	1
Access	permission.ttl	1
Action	permission.ttl	1
Permission	permission.ttl	1
Resource	permission.ttl	1
Role	permission.ttl	1
User	permission.ttl	1
Appearance	appearance.ttl	1
Color	appearance.ttl	1
Shape	appearance.ttl	1
Size	appearance.ttl	1
Abolition	abolition.ttl	1
Resource	abolition.ttl	1
City	coast.ttl	1
Coast	coast.ttl	1
Country	coast.ttl	1
Integer	coast.ttl	1
Ocean	coast.ttl	1
Branch	branch.ttl	1
Entity	branch.ttl	1
Location	branch.ttl	1
Invoice	total.ttl	1
Item	total.ttl	1
Integer	jury.ttl	1
Juror	jury.ttl	1
Jury	jury.ttl	1
Seq	jury.ttl	1
Court	lawyer.ttl	1
LawFirm	lawyer.ttl	1
Lawyer	lawyer.ttl	1
LegalArea	lawyer.ttl	1
LegalEducation	lawyer.ttl	1
LegalSpecialization	lawyer.ttl	1
Category	merchant.ttl	1
Merchant	merchant.ttl	1
MerchantStore	merchant.ttl	1
OnlineMerchant	merchant.ttl	1
Product	merchant.ttl	1
Resource	merchant.ttl	1
Thing	merchant.ttl	1
Food	food.ttl	1
FoodGroup	food.ttl	1
FoodItem	food.ttl	1
Ingredient	food.ttl	1
NutritionInfo	food.ttl	1
Recipe	food.ttl	1
Location	plaque.ttl	1
Plaque	plaque.ttl	1
Company	company.ttl	1
Integer	company.ttl	1
Person	company.ttl	1
Integer	worker.ttl	1
Organization	worker.ttl	1
Worker	worker.ttl	1
Datetime	level.ttl	1
Integer	level.ttl	1
Level	level.ttl	1
Person	level.ttl	1
SkillLevel	level.ttl	1
Exhibit	exhibit.ttl	1
Item	exhibit.ttl	1
Creator	statue.ttl	1
Location	statue.ttl	1
Statue	statue.ttl	1
Grandfather	grandfather.ttl	1
Person	grandfather.ttl	1
Bats	cave.ttl	1
Cave	cave.ttl	1
Class	cave.ttl	1
Stalactite	cave.ttl	1
Person	publisher.ttl	1
Publication	publisher.ttl	1
Publisher	publisher.ttl	1
Resource	statement.ttl	1
Statement	statement.ttl	1
Person	descent.ttl	1
Institution	institution.ttl	1
OfficialInstitution	institution.ttl	1
School	institution.ttl	1
University	institution.ttl	1
Abolitionist	antislavery.ttl	1
AntislaveryMovement	antislavery.ttl	1
Antislaverypublication	antislavery.ttl	1
Diary	diary.ttl	1
Entry	diary.ttl	1
Person	diary.ttl	1
Course	course.ttl	1
Instructor	course.ttl	1
Fear	fear.ttl	1
SourceOfFear	fear.ttl	1
Assault	assault.ttl	1
Datetime	assault.ttl	1
Offender	assault.ttl	1
Victim	assault.ttl	1
Help	help.ttl	1
Person	help.ttl	1
LeasingStatus	property.ttl	1
Person	property.ttl	1
Property	property.ttl	1
Resource	testimony.ttl	1
Testimony	testimony.ttl	1
AuthorityArea	bishop.ttl	1
Bishop	bishop.ttl	1
Church	bishop.ttl	1
Brigade	regiment.ttl	1
Integer	regiment.ttl	1
Person	regiment.ttl	1
Regiment	regiment.ttl	1
Feature	version.ttl	1
Software	version.ttl	1
Version	version.ttl	1
Person	status.ttl	1
Status	status.ttl	1
Character	character.ttl	1
Church	pastor.ttl	1
Congregation	pastor.ttl	1
Pastor	pastor.ttl	1
PastoralCounseling	pastor.ttl	1
Sermon	pastor.ttl	1
Employee	office.ttl	1
Furniture	office.ttl	1
Office	office.ttl	1
Cuisine	meal.ttl	1
Ingredient	meal.ttl	1
Integer	meal.ttl	1
Meal	meal.ttl	1
MealComponent	meal.ttl	1
MealType	meal.ttl	1
Emancipation	emancipation.ttl	1
City	nation.ttl	1
Continent	nation.ttl	1
Double	nation.ttl	1
Integer	nation.ttl	1
Nation	nation.ttl	1
Region	nation.ttl	1
Sea	sea.ttl	1
Double	mean.ttl	1
Mean	mean.ttl	1
NumberSet	mean.ttl	1
Resource	mean.ttl	1
Course	ed.ttl	1
EducationalInstitution	ed.ttl	1
Author	autobiography.ttl	1
Birthdate	autobiography.ttl	1
Book	autobiography.ttl	1
City	state.ttl	1
Country	state.ttl	1
Double	state.ttl	1
Integer	state.ttl	1
Person	state.ttl	1
State	state.ttl	1
Century	decade.ttl	1
Decade	decade.ttl	1
Event	decade.ttl	1
Gyear	decade.ttl	1
Integer	decade.ttl	1
Ink	print.ttl	1
PrintJob	print.ttl	1
Printer	print.ttl	1
Actor	film.ttl	1
Director	film.ttl	1
Film	film.ttl	1
Genre	film.ttl	1
Person	film.ttl	1
Datetime	photo.ttl	1
Integer	photo.ttl	1
Photo	photo.ttl	1
Photographer	photo.ttl	1
Portfolio	photo.ttl	1
Course	student.ttl	1
GPA	student.ttl	1
Major	student.ttl	1
Minor	student.ttl	1
Student	student.ttl	1
University	student.ttl	1
Integer	obituary.ttl	1
Obituary	obituary.ttl	1
Person	obituary.ttl	1
Publisher	obituary.ttl	1
Database	entry.ttl	1
Entry	entry.ttl	1
Person	entry.ttl	1
Datetime	project.ttl	1
Manager	project.ttl	1
Person	project.ttl	1
Project	project.ttl	1
Role	project.ttl	1
Datetime	history.ttl	1
HistoricalEvent	history.ttl	1
Person	history.ttl	1
Place	history.ttl	1
TimePeriod	history.ttl	1
Damage	damage.ttl	1
Datetime	damage.ttl	1
Integer	damage.ttl	1
Resource	damage.ttl	1
Reputation	reputation.ttl	1
Resource	reputation.ttl	1
Datetime	request.ttl	1
Detail	request.ttl	1
Request	request.ttl	1
Status	request.ttl	1
Double	price.ttl	1
Price	price.ttl	1
Product	price.ttl	1
Actor	actor.ttl	1
Award	actor.ttl	1
Country	actor.ttl	1
Gender	actor.ttl	1
Integer	actor.ttl	1
Movie	actor.ttl	1
Employer	servant.ttl	1
Integer	servant.ttl	1
Nonnegativeinteger	servant.ttl	1
Person	servant.ttl	1
Servant	servant.ttl	1
Person	prayer.ttl	1
Prayer	prayer.ttl	1
ReligiousDenomination	prayer.ttl	1
Time	prayer.ttl	1
Birth	birth.ttl	1
BirthDate	birth.ttl	1
BirthPlace	birth.ttl	1
Father	birth.ttl	1
Mother	birth.ttl	1
Person	birth.ttl	1
Integer	man.ttl	1
Man	man.ttl	1
Anniversary	anniversary.ttl	1
Resource	anniversary.ttl	1
Building	building.ttl	1
BuildingType	building.ttl	1
Integer	building.ttl	1
Person	building.ttl	1
Gift	gift.ttl	1
Person	gift.ttl	1
CulturalNorm	society.ttl	1
Family	society.ttl	1
Individual	society.ttl	1
Institution	society.ttl	1
Person	society.ttl	1
Role	society.ttl	1
School	society.ttl	1
Society	society.ttl	1
Conversation	conversation.ttl	1
Message	conversation.ttl	1
Participant	conversation.ttl	1
Topic	conversation.ttl	1
Artist	artist.ttl	1
Genre	artist.ttl	1
Location	artist.ttl	1
Castle	kingdom.ttl	1
King	kingdom.ttl	1
Kingdom	kingdom.ttl	1
Prince	kingdom.ttl	1
Princess	kingdom.ttl	1
Queen	kingdom.ttl	1
Action	respect.ttl	1
Person	respect.ttl	1
Respect	respect.ttl	1
Value	respect.ttl	1
Color	eye.ttl	1
Eye	eye.ttl	1
Perception	eye.ttl	1
Shape	eye.ttl	1
Book	isbn.ttl	1
Publisher	isbn.ttl	1
City	location.ttl	1
Coordinates	location.ttl	1
Country	location.ttl	1
Location	location.ttl	1
Street	location.ttl	1
Protection	protection.ttl	1
SecuritySystem	protection.ttl	1
Attack	attack.ttl	1
Integer	attack.ttl	1
Target	attack.ttl	1
Acter	behalf.ttl	1
Behalf	behalf.ttl	1
Beneficiary	behalf.ttl	1
Resource	behalf.ttl	1
Datetime	success.ttl	1
Success	success.ttl	1
Case	courthouse.ttl	1
Courthouse	courthouse.ttl	1
Courtroom	courthouse.ttl	1
Judge	courthouse.ttl	1
Lawyer	courthouse.ttl	1
Location	memorial.ttl	1
Memorial	memorial.ttl	1
Monument	memorial.ttl	1
PersonOrEvent	memorial.ttl	1
Foot	foot.ttl	1
Resource	foot.ttl	1
Toe	foot.ttl	1
Alphabet	language.ttl	1
Dialect	language.ttl	1
Language	language.ttl	1
Script	language.ttl	1
Church	priesthood.ttl	1
Diocese	priesthood.ttl	1
Duties	priesthood.ttl	1
Priest	priesthood.ttl	1
Religion	priesthood.ttl	1
PoliticalIssue	politician.ttl	1
PoliticalParty	politician.ttl	1
PoliticalPosition	politician.ttl	1
Politician	politician.ttl	1
Resource	politician.ttl	1
Beneficiary	pension.ttl	1
Funding	pension.ttl	1
Integer	pension.ttl	1
Pension	pension.ttl	1
PensionPlan	pension.ttl	1
Pensioner	pension.ttl	1
Retiree	pension.ttl	1
Belief	belief.ttl	1
Believer	belief.ttl	1
Thing	belief.ttl	1
Author	literature.ttl	1
Book	literature.ttl	1
Genre	literature.ttl	1
Supplier	supply.ttl	1
SupplyItem	supply.ttl	1
Guard	prison.ttl	1
Inmate	prison.ttl	1
Prison	prison.ttl	1
SecurityLevel	prison.ttl	1
Course	university.ttl	1
Department	university.ttl	1
Faculty	university.ttl	1
Professor	university.ttl	1
Student	university.ttl	1
University	university.ttl	1
Thousand	thousand.ttl	1
Color	color.ttl	1
Head	head.ttl	1
Resource	head.ttl	1
Activity	activity.ttl	1
Duration	activity.ttl	1
Resource	water.ttl	1
Water	water.ttl	1
WaterSource	water.ttl	1
Person	relationship.ttl	1
Relationship	relationship.ttl	1
RelationshipType	relationship.ttl	1
Anyuri	comment.ttl	1
Comment	comment.ttl	1
Datetime	comment.ttl	1
Bank	money.ttl	1
Currency	money.ttl	1
ExchangeRate	money.ttl	1
Money	money.ttl	1
Transaction	money.ttl	1
Integer	novel.ttl	1
Novel	novel.ttl	1
Person	surname.ttl	1
FieldOfStudy	scholar.ttl	1
Institution	scholar.ttl	1
Integer	scholar.ttl	1
Scholar	scholar.ttl	1
Resource	view.ttl	1
View	view.ttl	1
Viewpoint	view.ttl	1
Fraction	half.ttl	1
Half	half.ttl	1
Integer	half.ttl	1
Resource	half.ttl	1
Thing	half.ttl	1
Painter	painter.ttl	1
PaintingStyle	painter.ttl	1
Class	ground.ttl	1
Ground	ground.ttl	1
Fate	fate.ttl	1
