hasArm	Body.ttl	1
hasBodyPart	Body.ttl	1
hasHead	Body.ttl	1
hasLeg	Body.ttl	1
hasLimbs	Body.ttl	1
hasOrgan	Body.ttl	1
hasPart	Body.ttl	1
hasTorso	Body.ttl	1
isPartOf	Body.ttl	1
assignedTo	Issue.ttl	1
assignee	Issue.ttl	1
closedDate	Issue.ttl	1
createdDate	Issue.ttl	1
description	Issue.ttl	1
dueDate	Issue.ttl	1
hasCreatedDate	Issue.ttl	1
hasDateCreated	Issue.ttl	1
hasDateResolved	Issue.ttl	1
hasDeadline	Issue.ttl	1
hasDescription	Issue.ttl	1
hasID	Issue.ttl	1
hasId	Issue.ttl	1
hasIssue	Issue.ttl	1
hasIssueDateCreated	Issue.ttl	1
hasIssueDescription	Issue.ttl	1
hasIssueIdentifier	Issue.ttl	1
hasIssueStatus	Issue.ttl	1
hasIssueTitle	Issue.ttl	1
hasName	Issue.ttl	1
hasPriority	Issue.ttl	1
hasResolutionStatus	Issue.ttl	1
hasResponsible	Issue.ttl	1
hasSeverity	Issue.ttl	1
hasStatus	Issue.ttl	1
hasTitle	Issue.ttl	1
id	Issue.ttl	1
isAssignedTo	Issue.ttl	1
isIssueOf	Issue.ttl	1
isOpen	Issue.ttl	1
isRelatedTo	Issue.ttl	1
issueDate	Issue.ttl	1
issueDescription	Issue.ttl	1
issueID	Issue.ttl	1
issuePriority	Issue.ttl	1
issueResolved	Issue.ttl	1
issueSeverity	Issue.ttl	1
issueStatus	Issue.ttl	1
issueTitle	Issue.ttl	1
issueType	Issue.ttl	1
personEmail	Issue.ttl	1
personName	Issue.ttl	1
priority	Issue.ttl	1
reporter	Issue.ttl	1
resolvedDate	Issue.ttl	1
resolvesIssue	Issue.ttl	1
responsibleParty	Issue.ttl	1
status	Issue.ttl	1
title	Issue.ttl	1
abstract	Research.ttl	1
affiliatedInstitution	Research.ttl	1
affiliation	Research.ttl	1
authorOf	Research.ttl	1
belongsTo	Research.ttl	1
conducts	Research.ttl	1
conductsResearch	Research.ttl	1
contributesTo	Research.ttl	1
description	Research.ttl	1
dueDate	Research.ttl	1
employs	Research.ttl	1
endDate	Research.ttl	1
focusesOn	Research.ttl	1
funding	Research.ttl	1
hasAffiliation	Research.ttl	1
hasAreaOfResearch	Research.ttl	1
hasAuthor	Research.ttl	1
hasDiploma	Research.ttl	1
hasEndDate	Research.ttl	1
hasName	Research.ttl	1
hasPublication	Research.ttl	1
hasPublicationDate	Research.ttl	1
hasResearchTopic	Research.ttl	1
hasResearcher	Research.ttl	1
hasStartDate	Research.ttl	1
hasSubject	Research.ttl	1
hasSubjectField	Research.ttl	1
hasTitle	Research.ttl	1
hasTopic	Research.ttl	1
haspublication	Research.ttl	1
hasresearcher	Research.ttl	1
inField	Research.ttl	1
institution	Research.ttl	1
isAbout	Research.ttl	1
isProducedBy	Research.ttl	1
isWrittenBy	Research.ttl	1
name	Research.ttl	1
outputs	Research.ttl	1
performs	Research.ttl	1
publication	Research.ttl	1
publishedIn	Research.ttl	1
publishes	Research.ttl	1
researchTopic	Research.ttl	1
researchedBy	Research.ttl	1
researcher	Research.ttl	1
resultsIn	Research.ttl	1
specializesIn	Research.ttl	1
startDate	Research.ttl	1
studies	Research.ttl	1
study	Research.ttl	1
supports	Research.ttl	1
title	Research.ttl	1
topic	Research.ttl	1
uses	Research.ttl	1
usesMethod	Research.ttl	1
workAt	Research.ttl	1
belongsToObject	Side.ttl	1
hasBackSide	Side.ttl	1
hasFrontSide	Side.ttl	1
hasLeftSide	Side.ttl	1
hasLength	Side.ttl	1
hasOpponent	Side.ttl	1
hasOrientation	Side.ttl	1
hasRelatedObject	Side.ttl	1
hasRightSide	Side.ttl	1
hasSide	Side.ttl	1
hasSideType	Side.ttl	1
isSideOf	Side.ttl	1
opposite	Side.ttl	1
oppositeTo	Side.ttl	1
relatedTo	Side.ttl	1
symmetricTo	Side.ttl	1
age	Others.ttl	1
attends	Others.ttl	1
description	Others.ttl	1
gender	Others.ttl	1
groupName	Others.ttl	1
hasAge	Others.ttl	1
hasAttribute	Others.ttl	1
hasColor	Others.ttl	1
hasLocation	Others.ttl	1
hasManufacturer	Others.ttl	1
hasName	Others.ttl	1
hasNationality	Others.ttl	1
hasOccupation	Others.ttl	1
hasParameter	Others.ttl	1
hasRelationshipWith	Others.ttl	1
hasShape	Others.ttl	1
hasSpecies	Others.ttl	1
id	Others.ttl	1
interactsWith	Others.ttl	1
isConsideredOther	Others.ttl	1
isProvided	Others.ttl	1
livesIn	Others.ttl	1
location	Others.ttl	1
manufacturer	Others.ttl	1
memberOf	Others.ttl	1
name	Others.ttl	1
othersAddress	Others.ttl	1
othersAge	Others.ttl	1
othersGender	Others.ttl	1
othersName	Others.ttl	1
othersNationality	Others.ttl	1
othersOccupation	Others.ttl	1
provides	Others.ttl	1
relatedTo	Others.ttl	1
species	Others.ttl	1
beginningOfYear	Year.ttl	1
endOfYear	Year.ttl	1
followedBy	Year.ttl	1
hasDay	Year.ttl	1
hasEvent	Year.ttl	1
hasMonth	Year.ttl	1
hasSeason	Year.ttl	1
hasYear	Year.ttl	1
inYear	Year.ttl	1
isLeap	Year.ttl	1
isLeapYear	Year.ttl	1
isYearOf	Year.ttl	1
number	Year.ttl	1
numberOfDay	Year.ttl	1
numberOfMonth	Year.ttl	1
numberOfYear	Year.ttl	1
precededBy	Year.ttl	1
year	Year.ttl	1
yearID	Year.ttl	1
yearNumber	Year.ttl	1
birthDate	Life.ttl	1
breathe	Life.ttl	1
consume	Life.ttl	1
deathDate	Life.ttl	1
eat	Life.ttl	1
grow	Life.ttl	1
habitat	Life.ttl	1
hasAge	Life.ttl	1
hasBeginning	Life.ttl	1
hasBirth	Life.ttl	1
hasCells	Life.ttl	1
hasChild	Life.ttl	1
hasDeath	Life.ttl	1
hasEnd	Life.ttl	1
hasEnvironment	Life.ttl	1
hasForm	Life.ttl	1
hasLife	Life.ttl	1
hasLifeCycle	Life.ttl	1
hasLifeSpan	Life.ttl	1
hasLifeStage	Life.ttl	1
hasName	Life.ttl	1
hasOrganism	Life.ttl	1
hasParent	Life.ttl	1
hasSibling	Life.ttl	1
hasSpecies	Life.ttl	1
hasTaxonomicRank	Life.ttl	1
lifeSpan	Life.ttl	1
lifespan	Life.ttl	1
name	Life.ttl	1
reproduce	Life.ttl	1
brand	Couch.ttl	1
color	Couch.ttl	1
colour	Couch.ttl	1
depth	Couch.ttl	1
dimensions	Couch.ttl	1
hasBrand	Couch.ttl	1
hasColor	Couch.ttl	1
hasCushion	Couch.ttl	1
hasCushions	Couch.ttl	1
hasDimension	Couch.ttl	1
hasDimensions	Couch.ttl	1
hasManufacturer	Couch.ttl	1
hasMaterial	Couch.ttl	1
hasPrice	Couch.ttl	1
hasSeatDepth	Couch.ttl	1
hasSize	Couch.ttl	1
hasStyle	Couch.ttl	1
hasType	Couch.ttl	1
hasUpholstery	Couch.ttl	1
hasUpholsteryMaterial	Couch.ttl	1
height	Couch.ttl	1
isConvertible	Couch.ttl	1
isInLivingRoom	Couch.ttl	1
isUpholstered	Couch.ttl	1
length	Couch.ttl	1
manufacturer	Couch.ttl	1
material	Couch.ttl	1
model	Couch.ttl	1
size	Couch.ttl	1
style	Couch.ttl	1
width	Couch.ttl	1
accommodates	Room.ttl	1
accommodatesPerson	Room.ttl	1
area	Room.ttl	1
belongsInFloor	Room.ttl	1
belongsTo	Room.ttl	1
belongsToBuilding	Room.ttl	1
belongsToFloor	Room.ttl	1
capacity	Room.ttl	1
color	Room.ttl	1
floorArea	Room.ttl	1
hasArea	Room.ttl	1
hasCapacity	Room.ttl	1
hasDoor	Room.ttl	1
hasFunction	Room.ttl	1
hasFurniture	Room.ttl	1
hasName	Room.ttl	1
hasNumber	Room.ttl	1
hasOccupant	Room.ttl	1
hasRoom	Room.ttl	1
hasRoomNumber	Room.ttl	1
hasSize	Room.ttl	1
hasType	Room.ttl	1
hasWindow	Room.ttl	1
isLocatedIn	Room.ttl	1
isOccupied	Room.ttl	1
isOfType	Room.ttl	1
isPartOf	Room.ttl	1
locatedIn	Room.ttl	1
name	Room.ttl	1
number	Room.ttl	1
roomName	Room.ttl	1
roomNumber	Room.ttl	1
roomOccupancy	Room.ttl	1
roomType	Room.ttl	1
size	Room.ttl	1
type	Room.ttl	1
typeOfRoom	Room.ttl	1
breakfast	Morning.ttl	1
breakfastTime	Morning.ttl	1
coffee	Morning.ttl	1
does	Morning.ttl	1
endtime	Morning.ttl	1
endsAt	Morning.ttl	1
exercise	Morning.ttl	1
follows	Morning.ttl	1
hasActivity	Morning.ttl	1
hasAlarm	Morning.ttl	1
hasBreakfast	Morning.ttl	1
hasEndTime	Morning.ttl	1
hasMeal	Morning.ttl	1
hasMorning	Morning.ttl	1
hasPart	Morning.ttl	1
hasRoutine	Morning.ttl	1
hasStartTime	Morning.ttl	1
includes	Morning.ttl	1
isEarly	Morning.ttl	1
isPartOf	Morning.ttl	1
isPartOfDay	Morning.ttl	1
starttime	Morning.ttl	1
startsAt	Morning.ttl	1
startsWith	Morning.ttl	1
sunrise	Morning.ttl	1
time	Morning.ttl	1
wakeup	Morning.ttl	1
workStart	Morning.ttl	1
address	Party.ttl	1
age	Party.ttl	1
attendedBy	Party.ttl	1
attendee	Party.ttl	1
city	Party.ttl	1
date	Party.ttl	1
guest	Party.ttl	1
hasAttendee	Party.ttl	1
hasBirthDate	Party.ttl	1
hasDate	Party.ttl	1
hasDateTime	Party.ttl	1
hasEvent	Party.ttl	1
hasGuest	Party.ttl	1
hasHost	Party.ttl	1
hasLeader	Party.ttl	1
hasLocation	Party.ttl	1
hasMember	Party.ttl	1
hasName	Party.ttl	1
hasOrganizer	Party.ttl	1
hasPartyType	Party.ttl	1
hasTheme	Party.ttl	1
hasTime	Party.ttl	1
hostedBy	Party.ttl	1
location	Party.ttl	1
member	Party.ttl	1
music	Party.ttl	1
name	Party.ttl	1
organisedBy	Party.ttl	1
organizedBy	Party.ttl	1
participatesIn	Party.ttl	1
provide	Party.ttl	1
theme	Party.ttl	1
zipcode	Party.ttl	1
age	Family.ttl	1
belongsTo	Family.ttl	1
birthDate	Family.ttl	1
birthdate	Family.ttl	1
child	Family.ttl	1
childOf	Family.ttl	1
dateOfBirth	Family.ttl	1
deathDate	Family.ttl	1
divorceDate	Family.ttl	1
familyMember	Family.ttl	1
father	Family.ttl	1
firstName	Family.ttl	1
gender	Family.ttl	1
hasAge	Family.ttl	1
hasBirthDate	Family.ttl	1
hasChild	Family.ttl	1
hasDateOfBirth	Family.ttl	1
hasDaughter	Family.ttl	1
hasFather	Family.ttl	1
hasFirstName	Family.ttl	1
hasGender	Family.ttl	1
hasLastName	Family.ttl	1
hasMember	Family.ttl	1
hasMother	Family.ttl	1
hasName	Family.ttl	1
hasParent	Family.ttl	1
hasSibling	Family.ttl	1
hasSon	Family.ttl	1
hasSpouse	Family.ttl	1
isAlive	Family.ttl	1
isChildOf	Family.ttl	1
isFemale	Family.ttl	1
isMale	Family.ttl	1
isMarriedTo	Family.ttl	1
isParentOf	Family.ttl	1
isSiblingOf	Family.ttl	1
lastName	Family.ttl	1
marriageDate	Family.ttl	1
married	Family.ttl	1
member	Family.ttl	1
mother	Family.ttl	1
name	Family.ttl	1
partOfFamily	Family.ttl	1
sibling	Family.ttl	1
spouseOf	Family.ttl	1
endTime	Hour.ttl	1
hasHour	Hour.ttl	1
hasMinute	Hour.ttl	1
hasMinutes	Hour.ttl	1
hasNumber	Hour.ttl	1
hasNumberOfHours	Hour.ttl	1
hasNumberOfMinutes	Hour.ttl	1
hasSecond	Hour.ttl	1
hasTemporalDuration	Hour.ttl	1
hourOfDay	Hour.ttl	1
hourValue	Hour.ttl	1
hours	Hour.ttl	1
isInTimeZone	Hour.ttl	1
isPartOf	Hour.ttl	1
isPartOfDay	Hour.ttl	1
startTime	Hour.ttl	1
area	City.ttl	1
areaInSqKm	City.ttl	1
capital	City.ttl	1
capitalOf	City.ttl	1
cityContainedInCountry	City.ttl	1
country	City.ttl	1
countryName	City.ttl	1
elevation	City.ttl	1
hasArea	City.ttl	1
hasMayor	City.ttl	1
hasName	City.ttl	1
hasPopulation	City.ttl	1
isCapital	City.ttl	1
isCapitalOf	City.ttl	1
isInCountry	City.ttl	1
isLocatedIn	City.ttl	1
isPartOf	City.ttl	1
locatedIn	City.ttl	1
locatedInCountry	City.ttl	1
name	City.ttl	1
partOfCountry	City.ttl	1
population	City.ttl	1
provide	City.ttl	1
timeZone	City.ttl	1
atLocation	Study.ttl	1
attends	Study.ttl	1
belongsTo	Study.ttl	1
courseOfStudy	Study.ttl	1
duration	Study.ttl	1
enrolledIn	Study.ttl	1
focusArea	Study.ttl	1
hasCourse	Study.ttl	1
hasDuration	Study.ttl	1
hasID	Study.ttl	1
hasInvestigator	Study.ttl	1
hasLevel	Study.ttl	1
hasLocation	Study.ttl	1
hasMethod	Study.ttl	1
hasName	Study.ttl	1
hasPublication	Study.ttl	1
hasResearcher	Study.ttl	1
hasResult	Study.ttl	1
hasStudent	Study.ttl	1
hasStudy	Study.ttl	1
hasStudyArea	Study.ttl	1
hasStudyDate	Study.ttl	1
hasStudyID	Study.ttl	1
hasStudyName	Study.ttl	1
hasStudyTopic	Study.ttl	1
hasSubject	Study.ttl	1
hasTitle	Study.ttl	1
hasTopic	Study.ttl	1
isCourseOf	Study.ttl	1
isEnrolledIn	Study.ttl	1
isInInstitution	Study.ttl	1
isPartOf	Study.ttl	1
isStudiedBy	Study.ttl	1
isStudyBy	Study.ttl	1
isStudying	Study.ttl	1
isTaughtBy	Study.ttl	1
isTutoredBy	Study.ttl	1
name	Study.ttl	1
partOfCurriculum	Study.ttl	1
reads	Study.ttl	1
researcher	Study.ttl	1
student	Study.ttl	1
studentID	Study.ttl	1
studentName	Study.ttl	1
studiedBy	Study.ttl	1
studies	Study.ttl	1
subject	Study.ttl	1
takesPlaceAt	Study.ttl	1
taughtBy	Study.ttl	1
teaches	Study.ttl	1
title	Study.ttl	1
uniName	Study.ttl	1
uses	Study.ttl	1
usesSourceMaterial	Study.ttl	1
cost	Service.ttl	1
description	Service.ttl	1
endTime	Service.ttl	1
hasConsumer	Service.ttl	1
hasCost	Service.ttl	1
hasCustomer	Service.ttl	1
hasDuration	Service.ttl	1
hasLocation	Service.ttl	1
hasName	Service.ttl	1
hasPrice	Service.ttl	1
hasProvider	Service.ttl	1
hasRate	Service.ttl	1
hasServiceConsumer	Service.ttl	1
hasServiceDuration	Service.ttl	1
hasServiceProvider	Service.ttl	1
hasType	Service.ttl	1
isPaid	Service.ttl	1
isProvidedBy	Service.ttl	1
locatedAt	Service.ttl	1
location	Service.ttl	1
name	Service.ttl	1
offeredBy	Service.ttl	1
price	Service.ttl	1
providedBy	Service.ttl	1
provider	Service.ttl	1
providerLocation	Service.ttl	1
providerName	Service.ttl	1
provides	Service.ttl	1
providesService	Service.ttl	1
rating	Service.ttl	1
serviceConsumer	Service.ttl	1
serviceCost	Service.ttl	1
serviceName	Service.ttl	1
serviceProvider	Service.ttl	1
serviceRating	Service.ttl	1
serviceType	Service.ttl	1
startTime	Service.ttl	1
type	Service.ttl	1
uses	Service.ttl	1
usesService	Service.ttl	1
area	Country.ttl	1
callingCode	Country.ttl	1
capital	Country.ttl	1
capitalCity	Country.ttl	1
cityName	Country.ttl	1
cityPopulation	Country.ttl	1
continent	Country.ttl	1
currency	Country.ttl	1
hasArea	Country.ttl	1
hasBorderWith	Country.ttl	1
hasCapital	Country.ttl	1
hasCityName	Country.ttl	1
hasCurrency	Country.ttl	1
hasGDP	Country.ttl	1
hasLanguageName	Country.ttl	1
hasName	Country.ttl	1
hasOfficialLanguage	Country.ttl	1
hasPopulation	Country.ttl	1
isInContinent	Country.ttl	1
isLocatedIn	Country.ttl	1
isLocatedInContinent	Country.ttl	1
language	Country.ttl	1
name	Country.ttl	1
officialLanguage	Country.ttl	1
population	Country.ttl	1
description	Thing.ttl	1
existsIn	Thing.ttl	1
hasAbstract	Thing.ttl	1
hasColor	Thing.ttl	1
hasDescription	Thing.ttl	1
hasName	Thing.ttl	1
hasPart	Thing.ttl	1
hasProperty	Thing.ttl	1
hasShape	Thing.ttl	1
hasSize	Thing.ttl	1
hasSymbol	Thing.ttl	1
hasTexture	Thing.ttl	1
involves	Thing.ttl	1
isComposedOf	Thing.ttl	1
isMadeOf	Thing.ttl	1
isPartOf	Thing.ttl	1
isUsedFor	Thing.ttl	1
name	Thing.ttl	1
assertedBy	Fact.ttl	1
dateRecorded	Fact.ttl	1
dateVerified	Fact.ttl	1
description	Fact.ttl	1
factStatement	Fact.ttl	1
hasCategoryName	Fact.ttl	1
hasDate	Fact.ttl	1
hasDateVerified	Fact.ttl	1
hasDescription	Fact.ttl	1
hasFact	Fact.ttl	1
hasFactSource	Fact.ttl	1
hasFactText	Fact.ttl	1
hasFactTopic	Fact.ttl	1
hasFactType	Fact.ttl	1
hasFactValue	Fact.ttl	1
hasId	Fact.ttl	1
hasObject	Fact.ttl	1
hasPredicate	Fact.ttl	1
hasReporter	Fact.ttl	1
hasSource	Fact.ttl	1
hasSourceName	Fact.ttl	1
hasSourceUrl	Fact.ttl	1
hasStatement	Fact.ttl	1
hasSubject	Fact.ttl	1
hasValue	Fact.ttl	1
hasVerification	Fact.ttl	1
hasVerificationStatus	Fact.ttl	1
isAbout	Fact.ttl	1
isFactAbout	Fact.ttl	1
isFactChecked	Fact.ttl	1
isFactOfCategory	Fact.ttl	1
isSourceVerified	Fact.ttl	1
isVerified	Fact.ttl	1
relatedTo	Fact.ttl	1
relatedto	Fact.ttl	1
source	Fact.ttl	1
sourceReference	Fact.ttl	1
subject	Fact.ttl	1
validity	Fact.ttl	1
verified	Fact.ttl	1
hasDuration	Minute.ttl	1
hasMinute	Minute.ttl	1
hasMinutes	Minute.ttl	1
hasNumber	Minute.ttl	1
hasNumberOfMinutes	Minute.ttl	1
hasNumberOfSeconds	Minute.ttl	1
hasNumericValue	Minute.ttl	1
hasSeconds	Minute.ttl	1
hasTemporalDuration	Minute.ttl	1
hasUnit	Minute.ttl	1
isEquivalentTo	Minute.ttl	1
isMinuteIn	Minute.ttl	1
minuteInHour	Minute.ttl	1
minuteInTime	Minute.ttl	1
numericDuration	Minute.ttl	1
ofHour	Minute.ttl	1
partOfHour	Minute.ttl	1
secondInMinute	Minute.ttl	1
secondInTime	Minute.ttl	1
unitMinute	Minute.ttl	1
affectEnvironment	Power.ttl	1
amount	Power.ttl	1
amountOfPower	Power.ttl	1
calculatesPower	Power.ttl	1
capacity	Power.ttl	1
control	Power.ttl	1
derivedFrom	Power.ttl	1
generate	Power.ttl	1
hasMagnitude	Power.ttl	1
hasPower	Power.ttl	1
hasPowerOver	Power.ttl	1
hasSource	Power.ttl	1
hasUnit	Power.ttl	1
hasValue	Power.ttl	1
isGeneratedBy	Power.ttl	1
isMeasuredIn	Power.ttl	1
isUsedIn	Power.ttl	1
measuredIn	Power.ttl	1
powerGeneration	Power.ttl	1
powerMeasure	Power.ttl	1
source	Power.ttl	1
unit	Power.ttl	1
brand	Loveseat.ttl	1
color	Loveseat.ttl	1
depth	Loveseat.ttl	1
hasColor	Loveseat.ttl	1
hasColour	Loveseat.ttl	1
hasDimension	Loveseat.ttl	1
hasDimensions	Loveseat.ttl	1
hasManufacturer	Loveseat.ttl	1
hasMaterial	Loveseat.ttl	1
hasSize	Loveseat.ttl	1
hasStyle	Loveseat.ttl	1
hasUpholstery	Loveseat.ttl	1
hasWidth	Loveseat.ttl	1
height	Loveseat.ttl	1
isPartOfCollection	Loveseat.ttl	1
isUpholstered	Loveseat.ttl	1
isUsedIndoors	Loveseat.ttl	1
isUsedOutdoors	Loveseat.ttl	1
material	Loveseat.ttl	1
materialUsed	Loveseat.ttl	1
price	Loveseat.ttl	1
seatingCapacity	Loveseat.ttl	1
size	Loveseat.ttl	1
width	Loveseat.ttl	1
activity	Community.ttl	1
age	Community.ttl	1
attendsEvent	Community.ttl	1
belongs	Community.ttl	1
belongsTo	Community.ttl	1
commentedBy	Community.ttl	1
communityLeader	Community.ttl	1
communityLocation	Community.ttl	1
communityMember	Community.ttl	1
communityName	Community.ttl	1
coordinator	Community.ttl	1
date	Community.ttl	1
eventDate	Community.ttl	1
existsIn	Community.ttl	1
gender	Community.ttl	1
goal	Community.ttl	1
hasActivity	Community.ttl	1
hasAge	Community.ttl	1
hasComment	Community.ttl	1
hasCommonInterest	Community.ttl	1
hasCommunityRole	Community.ttl	1
hasCulturalIdentity	Community.ttl	1
hasCulture	Community.ttl	1
hasEvent	Community.ttl	1
hasGender	Community.ttl	1
hasInstitution	Community.ttl	1
hasInterest	Community.ttl	1
hasLeader	Community.ttl	1
hasLocation	Community.ttl	1
hasMember	Community.ttl	1
hasName	Community.ttl	1
hasPost	Community.ttl	1
hasRole	Community.ttl	1
hasVolunteer	Community.ttl	1
heldIn	Community.ttl	1
holdsEvent	Community.ttl	1
isLocatedIn	Community.ttl	1
joined	Community.ttl	1
joinedDate	Community.ttl	1
leader	Community.ttl	1
leaderName	Community.ttl	1
locatedAt	Community.ttl	1
locatedIn	Community.ttl	1
location	Community.ttl	1
member	Community.ttl	1
memberCount	Community.ttl	1
memberName	Community.ttl	1
memberOf	Community.ttl	1
name	Community.ttl	1
occupation	Community.ttl	1
organizedBy	Community.ttl	1
participant	Community.ttl	1
participatesIn	Community.ttl	1
personAge	Community.ttl	1
personName	Community.ttl	1
population	Community.ttl	1
postDate	Community.ttl	1
postTitle	Community.ttl	1
providesService	Community.ttl	1
volunteerName	Community.ttl	1
writtenBy	Community.ttl	1
affectsEntity	Change.ttl	1
causedBy	Change.ttl	1
causes	Change.ttl	1
changeCausedBy	Change.ttl	1
changeIntensity	Change.ttl	1
changeOccursIn	Change.ttl	1
effects	Change.ttl	1
hasAffectedObject	Change.ttl	1
hasBeginState	Change.ttl	1
hasCause	Change.ttl	1
hasChange	Change.ttl	1
hasChangeAgent	Change.ttl	1
hasChangeDate	Change.ttl	1
hasChangeEnd	Change.ttl	1
hasChangeEndState	Change.ttl	1
hasChangeStart	Change.ttl	1
hasChangeStartState	Change.ttl	1
hasChangeType	Change.ttl	1
hasContext	Change.ttl	1
hasEndState	Change.ttl	1
hasEndTime	Change.ttl	1
hasFinalValue	Change.ttl	1
hasImpact	Change.ttl	1
hasInitialValue	Change.ttl	1
hasInitiator	Change.ttl	1
hasLocation	Change.ttl	1
hasNewState	Change.ttl	1
hasOldState	Change.ttl	1
hasResult	Change.ttl	1
hasSource	Change.ttl	1
hasStartState	Change.ttl	1
hasStartTime	Change.ttl	1
hasTarget	Change.ttl	1
hasTime	Change.ttl	1
hasTypeOfChange	Change.ttl	1
isCausedBy	Change.ttl	1
isChangeOf	Change.ttl	1
isTriggeredBy	Change.ttl	1
leadsTo	Change.ttl	1
occurrenceTime	Change.ttl	1
occursAt	Change.ttl	1
resultsIn	Change.ttl	1
type	Change.ttl	1
address	Information.ttl	1
author	Information.ttl	1
businessAddress	Information.ttl	1
businessName	Information.ttl	1
contains	Information.ttl	1
containsData	Information.ttl	1
containsMetadata	Information.ttl	1
content	Information.ttl	1
creationDate	Information.ttl	1
dataType	Information.ttl	1
dateCreated	Information.ttl	1
encodingMethod	Information.ttl	1
encryptionMethod	Information.ttl	1
engagesIn	Information.ttl	1
hasAuthor	Information.ttl	1
hasAvailability	Information.ttl	1
hasConfidentiality	Information.ttl	1
hasContent	Information.ttl	1
hasDataType	Information.ttl	1
hasDate	Information.ttl	1
hasFormat	Information.ttl	1
hasInformation	Information.ttl	1
hasIntegrity	Information.ttl	1
hasPublicationDate	Information.ttl	1
hasReference	Information.ttl	1
hasSource	Information.ttl	1
hasSubject	Information.ttl	1
hasTimestamp	Information.ttl	1
hasTitle	Information.ttl	1
hasType	Information.ttl	1
hasValue	Information.ttl	1
information	Information.ttl	1
informationDescription	Information.ttl	1
informationSource	Information.ttl	1
isAbout	Information.ttl	1
isBasedOn	Information.ttl	1
isBasisFor	Information.ttl	1
isConfidential	Information.ttl	1
isDerivedFrom	Information.ttl	1
isRelevantTo	Information.ttl	1
isStoredIn	Information.ttl	1
isVerified	Information.ttl	1
name	Information.ttl	1
provides	Information.ttl	1
relatedInformation	Information.ttl	1
source	Information.ttl	1
teaches	Information.ttl	1
title	Information.ttl	1
address	House.ttl	1
area	House.ttl	1
hasAddress	House.ttl	1
hasArea	House.ttl	1
hasBackyard	House.ttl	1
hasBathrooms	House.ttl	1
hasBedrooms	House.ttl	1
hasDoor	House.ttl	1
hasGarage	House.ttl	1
hasGarden	House.ttl	1
hasLivingRoom	House.ttl	1
hasName	House.ttl	1
hasNumberOfRooms	House.ttl	1
hasOwner	House.ttl	1
hasPrice	House.ttl	1
hasRoom	House.ttl	1
hasRooms	House.ttl	1
hasWindow	House.ttl	1
isDetached	House.ttl	1
isLocatedIn	House.ttl	1
isOccupied	House.ttl	1
isOwnedBy	House.ttl	1
numberOfRooms	House.ttl	1
ownedBy	House.ttl	1
owner	House.ttl	1
owns	House.ttl	1
roomType	House.ttl	1
associatedWith	End.ttl	1
cause	End.ttl	1
causes	End.ttl	1
consequence	End.ttl	1
date	End.ttl	1
endDate	End.ttl	1
endtime	End.ttl	1
event	End.ttl	1
hasActor	End.ttl	1
hasDate	End.ttl	1
hasEnd	End.ttl	1
hasEndDate	End.ttl	1
hasEndLocation	End.ttl	1
hasEndTime	End.ttl	1
hasTime	End.ttl	1
isEndOf	End.ttl	1
isResultOf	End.ttl	1
locationEnd	End.ttl	1
of	End.ttl	1
ofEvent	End.ttl	1
startDate	End.ttl	1
timePoint	End.ttl	1
deliversFunction	System.ttl	1
hasApplication	System.ttl	1
hasComponent	System.ttl	1
hasConfiguration	System.ttl	1
hasElement	System.ttl	1
hasFunction	System.ttl	1
hasFunctionality	System.ttl	1
hasHardware	System.ttl	1
hasInput	System.ttl	1
hasName	System.ttl	1
hasObjective	System.ttl	1
hasOperatingSystem	System.ttl	1
hasOutput	System.ttl	1
hasPart	System.ttl	1
hasSoftware	System.ttl	1
hasSubSystem	System.ttl	1
hasSubsystem	System.ttl	1
hasVersion	System.ttl	1
id	System.ttl	1
interactsWith	System.ttl	1
isComponentOf	System.ttl	1
isInstalledOn	System.ttl	1
isPartOf	System.ttl	1
name	System.ttl	1
partOf	System.ttl	1
partOfSystem	System.ttl	1
performsFunction	System.ttl	1
provides	System.ttl	1
providesService	System.ttl	1
subSystem	System.ttl	1
subsystemof	System.ttl	1
age	Friend.ttl	1
commonInterest	Friend.ttl	1
friend	Friend.ttl	1
friendOf	Friend.ttl	1
hasAddress	Friend.ttl	1
hasAge	Friend.ttl	1
hasCommonInterest	Friend.ttl	1
hasDuration	Friend.ttl	1
hasFriend	Friend.ttl	1
hasFriendshipEndDate	Friend.ttl	1
hasFriendshipStartDate	Friend.ttl	1
hasGender	Friend.ttl	1
hasKnownSince	Friend.ttl	1
hasName	Friend.ttl	1
hasPhoneNumber	Friend.ttl	1
hasSharedExperience	Friend.ttl	1
isClose	Friend.ttl	1
isFriendOf	Friend.ttl	1
isFriendWith	Friend.ttl	1
knownSince	Friend.ttl	1
knows	Friend.ttl	1
knowsSince	Friend.ttl	1
location	Friend.ttl	1
name	Friend.ttl	1
placeMet	Friend.ttl	1
sharedInterests	Friend.ttl	1
sharesInterestWith	Friend.ttl	1
since	Friend.ttl	1
belongsTo	Hand.ttl	1
canGrasp	Hand.ttl	1
canGrip	Hand.ttl	1
fingerCount	Hand.ttl	1
fingers	Hand.ttl	1
handHasFingers	Hand.ttl	1
handHasPalm	Hand.ttl	1
handHasThumb	Hand.ttl	1
hasFingers	Hand.ttl	1
hasFiveFingers	Hand.ttl	1
hasFunction	Hand.ttl	1
hasNails	Hand.ttl	1
hasNumberOfFingers	Hand.ttl	1
hasPalm	Hand.ttl	1
hasPart	Hand.ttl	1
hasParts	Hand.ttl	1
hasPosition	Hand.ttl	1
hasSkin	Hand.ttl	1
hasSkinColor	Hand.ttl	1
hasThumb	Hand.ttl	1
isLeft	Hand.ttl	1
isPartOf	Hand.ttl	1
isPartOfArm	Hand.ttl	1
isRight	Hand.ttl	1
partOf	Hand.ttl	1
belongsto	Point.ttl	1
hasPoint	Point.ttl	1
hasX	Point.ttl	1
hasXCoordinate	Point.ttl	1
hasY	Point.ttl	1
hasYCoordinate	Point.ttl	1
hasZ	Point.ttl	1
hasZCoordinate	Point.ttl	1
isOrigin	Point.ttl	1
locatedInPlane	Point.ttl	1
x	Point.ttl	1
xCoordinate	Point.ttl	1
y	Point.ttl	1
yCoordinate	Point.ttl	1
zCoordinate	Point.ttl	1
associatedWith	Result.ttl	1
belongsTo	Result.ttl	1
causes	Result.ttl	1
hasComment	Result.ttl	1
hasCourse	Result.ttl	1
hasDate	Result.ttl	1
hasEndTime	Result.ttl	1
hasFinalOutcome	Result.ttl	1
hasGrade	Result.ttl	1
hasOutcome	Result.ttl	1
hasProcess	Result.ttl	1
hasResult	Result.ttl	1
hasScore	Result.ttl	1
hasStartTime	Result.ttl	1
hasStudent	Result.ttl	1
hasSuccess	Result.ttl	1
hasTime	Result.ttl	1
hasTimestamp	Result.ttl	1
hasUnit	Result.ttl	1
hasValue	Result.ttl	1
isResultOf	Result.ttl	1
isSuccess	Result.ttl	1
outcome	Result.ttl	1
score	Result.ttl	1
timestamp	Result.ttl	1
wasGeneratedBy	Result.ttl	1
age	Member.ttl	1
belongsGroup	Member.ttl	1
belongsTo	Member.ttl	1
belongsToGroup	Member.ttl	1
email	Member.ttl	1
groupHasName	Member.ttl	1
groupID	Member.ttl	1
groupName	Member.ttl	1
hasAge	Member.ttl	1
hasBirthday	Member.ttl	1
hasDateOfBirth	Member.ttl	1
hasEmail	Member.ttl	1
hasID	Member.ttl	1
hasJoinedDate	Member.ttl	1
hasMember	Member.ttl	1
hasMemberID	Member.ttl	1
hasMembershipDate	Member.ttl	1
hasMembershipSince	Member.ttl	1
hasMembershipType	Member.ttl	1
hasName	Member.ttl	1
id	Member.ttl	1
isMemberOf	Member.ttl	1
joinedDate	Member.ttl	1
joinedOn	Member.ttl	1
livesInCity	Member.ttl	1
memberID	Member.ttl	1
memberName	Member.ttl	1
memberOf	Member.ttl	1
membershipType	Member.ttl	1
name	Member.ttl	1
prov	Member.ttl	1
address	Home.ttl	1
city	Home.ttl	1
contains	Home.ttl	1
containsRoom	Home.ttl	1
equippedWith	Home.ttl	1
hasAddress	Home.ttl	1
hasAge	Home.ttl	1
hasArea	Home.ttl	1
hasCity	Home.ttl	1
hasDoor	Home.ttl	1
hasFloor	Home.ttl	1
hasFurniture	Home.ttl	1
hasHome	Home.ttl	1
hasLocation	Home.ttl	1
hasName	Home.ttl	1
hasNumberOfRooms	Home.ttl	1
hasOwner	Home.ttl	1
hasPart	Home.ttl	1
hasResidents	Home.ttl	1
hasRoof	Home.ttl	1
hasRoom	Home.ttl	1
hasRooms	Home.ttl	1
hasSize	Home.ttl	1
hasType	Home.ttl	1
hasWindow	Home.ttl	1
inCity	Home.ttl	1
isHomeOf	Home.ttl	1
livesIn	Home.ttl	1
locatedIn	Home.ttl	1
owner	Home.ttl	1
ownerOf	Home.ttl	1
owns	Home.ttl	1
residesIn	Home.ttl	1
street	Home.ttl	1
age	Girl.ttl	1
attendsSchool	Girl.ttl	1
child	Girl.ttl	1
female	Girl.ttl	1
girlAge	Girl.ttl	1
girlName	Girl.ttl	1
hasAge	Girl.ttl	1
hasBirthday	Girl.ttl	1
hasGender	Girl.ttl	1
hasHairColor	Girl.ttl	1
hasHobby	Girl.ttl	1
hasLocation	Girl.ttl	1
hasName	Girl.ttl	1
hasParent	Girl.ttl	1
hasPets	Girl.ttl	1
hasToys	Girl.ttl	1
isEnrolledIn	Girl.ttl	1
isGirl	Girl.ttl	1
livesIn	Girl.ttl	1
name	Girl.ttl	1
sibling	Girl.ttl	1
address	Person.ttl	1
age	Person.ttl	1
birthDate	Person.ttl	1
birthPlace	Person.ttl	1
birthdate	Person.ttl	1
bornIn	Person.ttl	1
bornOnDate	Person.ttl	1
children	Person.ttl	1
city	Person.ttl	1
country	Person.ttl	1
email	Person.ttl	1
gender	Person.ttl	1
hasAge	Person.ttl	1
hasChild	Person.ttl	1
hasFirstName	Person.ttl	1
hasGender	Person.ttl	1
hasLastName	Person.ttl	1
hasName	Person.ttl	1
hasOccupation	Person.ttl	1
hasParent	Person.ttl	1
hasSibling	Person.ttl	1
hasSpouse	Person.ttl	1
isEmployed	Person.ttl	1
isMarried	Person.ttl	1
isMarriedTo	Person.ttl	1
jobTitle	Person.ttl	1
livesIn	Person.ttl	1
name	Person.ttl	1
nationality	Person.ttl	1
occupation	Person.ttl	1
phone	Person.ttl	1
postalCode	Person.ttl	1
residence	Person.ttl	1
residesIn	Person.ttl	1
state	Person.ttl	1
street	Person.ttl	1
birthday	Guy.ttl	1
employedAs	Guy.ttl	1
firstName	Guy.ttl	1
hasAge	Guy.ttl	1
hasChild	Guy.ttl	1
hasFirstName	Guy.ttl	1
hasGender	Guy.ttl	1
hasHobby	Guy.ttl	1
hasInterest	Guy.ttl	1
hasLastName	Guy.ttl	1
hasLocation	Guy.ttl	1
hasName	Guy.ttl	1
hasOccupation	Guy.ttl	1
hasSpouse	Guy.ttl	1
isFriendWith	Guy.ttl	1
lastName	Guy.ttl	1
livesIn	Guy.ttl	1
name	Guy.ttl	1
playsSport	Guy.ttl	1
worksAt	Guy.ttl	1
worksIn	Guy.ttl	1
color	Face.ttl	1
eyeColor	Face.ttl	1
hasCheek	Face.ttl	1
hasColor	Face.ttl	1
hasComponent	Face.ttl	1
hasExpression	Face.ttl	1
hasEye	Face.ttl	1
hasEyes	Face.ttl	1
hasFace	Face.ttl	1
hasFacialFeature	Face.ttl	1
hasFeature	Face.ttl	1
hasMouth	Face.ttl	1
hasNose	Face.ttl	1
hasPart	Face.ttl	1
hasPosition	Face.ttl	1
hasShape	Face.ttl	1
hasSize	Face.ttl	1
hasSkin	Face.ttl	1
hasSkinColor	Face.ttl	1
hasSkinType	Face.ttl	1
hasTexture	Face.ttl	1
mouthSize	Face.ttl	1
noseSize	Face.ttl	1
shape	Face.ttl	1
skinTone	Face.ttl	1
age	Mother.ttl	1
daughterOf	Mother.ttl	1
givenBirth	Mother.ttl	1
givesBirthTo	Mother.ttl	1
hasAge	Mother.ttl	1
hasChild	Mother.ttl	1
hasMother	Mother.ttl	1
hasName	Mother.ttl	1
hasOccupation	Mother.ttl	1
hasOffspring	Mother.ttl	1
hasParent	Mother.ttl	1
hasRelationship	Mother.ttl	1
hasSpouse	Mother.ttl	1
isDaughterOf	Mother.ttl	1
isMarried	Mother.ttl	1
isMotherOf	Mother.ttl	1
isSonOf	Mother.ttl	1
isWidowed	Mother.ttl	1
motherOf	Mother.ttl	1
name	Mother.ttl	1
occupation	Mother.ttl	1
sonOf	Mother.ttl	1
belongsIn	Week.ttl	1
consistsOf	Week.ttl	1
contains	Week.ttl	1
dayName	Week.ttl	1
dayNumber	Week.ttl	1
dayOfWeek	Week.ttl	1
hasDay	Week.ttl	1
hasDays	Week.ttl	1
hasEndDay	Week.ttl	1
hasHours	Week.ttl	1
hasName	Week.ttl	1
hasNumber	Week.ttl	1
hasSequence	Week.ttl	1
hasStartDay	Week.ttl	1
hasWeek	Week.ttl	1
isDayOf	Week.ttl	1
isDayOfTheWeek	Week.ttl	1
numberOfWeek	Week.ttl	1
age	Teacher.ttl	1
firstname	Teacher.ttl	1
hasAge	Teacher.ttl	1
hasDegree	Teacher.ttl	1
hasExperience	Teacher.ttl	1
hasExperienceInYears	Teacher.ttl	1
hasID	Teacher.ttl	1
hasName	Teacher.ttl	1
hasStudent	Teacher.ttl	1
hasSubject	Teacher.ttl	1
hasYearsExperience	Teacher.ttl	1
isEmployedBy	Teacher.ttl	1
lastname	Teacher.ttl	1
name	Teacher.ttl	1
school	Teacher.ttl	1
subject	Teacher.ttl	1
subjectName	Teacher.ttl	1
teachSubject	Teacher.ttl	1
teaches	Teacher.ttl	1
teachesAt	Teacher.ttl	1
teachesIn	Teacher.ttl	1
teachesSubject	Teacher.ttl	1
teachessubject	Teacher.ttl	1
worksAt	Teacher.ttl	1
worksAtSchool	Teacher.ttl	1
worksIn	Teacher.ttl	1
worksat	Teacher.ttl	1
yearsExperience	Teacher.ttl	1
yearsOfExperience	Teacher.ttl	1
description	Kind.ttl	1
example	Kind.ttl	1
hasCategory	Kind.ttl	1
hasCharacteristic	Kind.ttl	1
hasExample	Kind.ttl	1
hasInstances	Kind.ttl	1
hasKind	Kind.ttl	1
hasName	Kind.ttl	1
hasPart	Kind.ttl	1
hasProperty	Kind.ttl	1
hasQuality	Kind.ttl	1
hasSubKind	Kind.ttl	1
hasSuperKind	Kind.ttl	1
hasType	Kind.ttl	1
isKindOf	Kind.ttl	1
name	Kind.ttl	1
provide	Kind.ttl	1
studiesFrom	Kind.ttl	1
teaches	Kind.ttl	1
understandOtherKind	Kind.ttl	1
actionName	Reason.ttl	1
actionTriggeredBy	Reason.ttl	1
causedBy	Reason.ttl	1
causes	Reason.ttl	1
causesEvent	Reason.ttl	1
contains	Reason.ttl	1
derivedFrom	Reason.ttl	1
explains	Reason.ttl	1
hasConclusion	Reason.ttl	1
hasEvent	Reason.ttl	1
hasEvidence	Reason.ttl	1
hasLogicalBasis	Reason.ttl	1
hasPremise	Reason.ttl	1
hasPurpose	Reason.ttl	1
hasReason	Reason.ttl	1
justifies	Reason.ttl	1
leadsTo	Reason.ttl	1
provides	Reason.ttl	1
providesReason	Reason.ttl	1
providesReasonFor	Reason.ttl	1
reason	Reason.ttl	1
reasonFor	Reason.ttl	1
reasonText	Reason.ttl	1
relatedToDecision	Reason.ttl	1
relatedToEvent	Reason.ttl	1
usesReasoningType	Reason.ttl	1
addressCountry	Place.ttl	1
addressLocality	Place.ttl	1
city	Place.ttl	1
containedInPlace	Place.ttl	1
country	Place.ttl	1
countryOf	Place.ttl	1
hasAddress	Place.ttl	1
hasArea	Place.ttl	1
hasLatitude	Place.ttl	1
hasLocation	Place.ttl	1
hasLongitude	Place.ttl	1
hasName	Place.ttl	1
hasPopulation	Place.ttl	1
hasPostalAddress	Place.ttl	1
hasType	Place.ttl	1
isLocatedIn	Place.ttl	1
isPartOf	Place.ttl	1
latitude	Place.ttl	1
locatedIn	Place.ttl	1
location	Place.ttl	1
longitude	Place.ttl	1
name	Place.ttl	1
placeName	Place.ttl	1
population	Place.ttl	1
postCode	Place.ttl	1
streetAddress	Place.ttl	1
author	Book.ttl	1
birthDate	Book.ttl	1
company	Book.ttl	1
deathDate	Book.ttl	1
genre	Book.ttl	1
hasAddress	Book.ttl	1
hasAuthor	Book.ttl	1
hasGenre	Book.ttl	1
hasISBN	Book.ttl	1
hasName	Book.ttl	1
hasPageCount	Book.ttl	1
hasPublicationDate	Book.ttl	1
hasPublisher	Book.ttl	1
hasTitle	Book.ttl	1
iSBN	Book.ttl	1
isbn	Book.ttl	1
language	Book.ttl	1
name	Book.ttl	1
numberOfPages	Book.ttl	1
pages	Book.ttl	1
publicationDate	Book.ttl	1
publicationYear	Book.ttl	1
publishBy	Book.ttl	1
publishedDate	Book.ttl	1
publishedIn	Book.ttl	1
publishedYear	Book.ttl	1
publisher	Book.ttl	1
title	Book.ttl	1
hasCalendarOrder	Month.ttl	1
hasDays	Month.ttl	1
hasMonth	Month.ttl	1
hasName	Month.ttl	1
hasNumberOfDays	Month.ttl	1
hasOrder	Month.ttl	1
beginningOfDay	Day.ttl	1
dayOfMonth	Day.ttl	1
dayOfWeek	Day.ttl	1
dayOfYear	Day.ttl	1
endOfDay	Day.ttl	1
endsAt	Day.ttl	1
eventType	Day.ttl	1
hasActivity	Day.ttl	1
hasAfternoon	Day.ttl	1
hasDate	Day.ttl	1
hasDay	Day.ttl	1
hasDayName	Day.ttl	1
hasDayNumber	Day.ttl	1
hasDayOfMonth	Day.ttl	1
hasDayOfTheWeek	Day.ttl	1
hasDayOfWeek	Day.ttl	1
hasDayOfYear	Day.ttl	1
hasDayPart	Day.ttl	1
hasDaylight	Day.ttl	1
hasDaylightDuration	Day.ttl	1
hasEndTime	Day.ttl	1
hasEvening	Day.ttl	1
hasEvent	Day.ttl	1
hasHours	Day.ttl	1
hasHumidity	Day.ttl	1
hasMinutes	Day.ttl	1
hasMorning	Day.ttl	1
hasName	Day.ttl	1
hasNight	Day.ttl	1
hasPartOfDay	Day.ttl	1
hasPrecipitation	Day.ttl	1
hasSeconds	Day.ttl	1
hasStartTime	Day.ttl	1
hasSunrise	Day.ttl	1
hasSunset	Day.ttl	1
hasTemperature	Day.ttl	1
hasTime	Day.ttl	1
hasTimeOfDay	Day.ttl	1
hasWeather	Day.ttl	1
hasWeatherCondition	Day.ttl	1
hasWeekday	Day.ttl	1
isHoliday	Day.ttl	1
isPartOfWeek	Day.ttl	1
isWeekday	Day.ttl	1
isWeekend	Day.ttl	1
startsAt	Day.ttl	1
sunriseTime	Day.ttl	1
sunsetTime	Day.ttl	1
area	World.ttl	1
capital	World.ttl	1
contains	World.ttl	1
continent	World.ttl	1
continentOf	World.ttl	1
countryOf	World.ttl	1
drives	World.ttl	1
hasAge	World.ttl	1
hasArea	World.ttl	1
hasBorderWith	World.ttl	1
hasCapital	World.ttl	1
hasCity	World.ttl	1
hasContinent	World.ttl	1
hasCountry	World.ttl	1
hasLanguage	World.ttl	1
hasMountain	World.ttl	1
hasName	World.ttl	1
hasPart	World.ttl	1
hasPopulation	World.ttl	1
hasReligion	World.ttl	1
hasRiver	World.ttl	1
hasSea	World.ttl	1
hosts	World.ttl	1
inContinent	World.ttl	1
inWorld	World.ttl	1
isFamousFor	World.ttl	1
isLocatedIn	World.ttl	1
isPartOf	World.ttl	1
language	World.ttl	1
livesIn	World.ttl	1
locatedIn	World.ttl	1
memberOf	World.ttl	1
name	World.ttl	1
partOf	World.ttl	1
partOfContinent	World.ttl	1
partOfCountry	World.ttl	1
population	World.ttl	1
populationOf	World.ttl	1
size	World.ttl	1
spokenIn	World.ttl	1
surroundedBy	World.ttl	1
beganOn	War.ttl	1
beginsOn	War.ttl	1
belligerent	War.ttl	1
belligerentName	War.ttl	1
casualties	War.ttl	1
casualtiesIn	War.ttl	1
causeOfWar	War.ttl	1
causedBy	War.ttl	1
commencesAt	War.ttl	1
consequence	War.ttl	1
dateEnded	War.ttl	1
dateStarted	War.ttl	1
endDate	War.ttl	1
endTime	War.ttl	1
endYear	War.ttl	1
endedOn	War.ttl	1
endsAt	War.ttl	1
endsOn	War.ttl	1
endsWith	War.ttl	1
hasBasicOutcome	War.ttl	1
hasBattle	War.ttl	1
hasBelligerent	War.ttl	1
hasCasualties	War.ttl	1
hasCause	War.ttl	1
hasCombatant	War.ttl	1
hasCombatant1	War.ttl	1
hasCombatant2	War.ttl	1
hasConflict	War.ttl	1
hasDate	War.ttl	1
hasEndDate	War.ttl	1
hasEndTime	War.ttl	1
hasInvolved	War.ttl	1
hasInvolvedCountry	War.ttl	1
hasLeader	War.ttl	1
hasLocation	War.ttl	1
hasMilitary	War.ttl	1
hasName	War.ttl	1
hasOutcome	War.ttl	1
hasParticipant	War.ttl	1
hasParticipatingCountry	War.ttl	1
hasReason	War.ttl	1
hasResult	War.ttl	1
hasStartDate	War.ttl	1
hasStartTime	War.ttl	1
hasTimeframe	War.ttl	1
hasWarPart	War.ttl	1
involvedCountry	War.ttl	1
involvedParty	War.ttl	1
involves	War.ttl	1
involvesCountry	War.ttl	1
location	War.ttl	1
participant	War.ttl	1
participatesIn	War.ttl	1
participatingCountry	War.ttl	1
resultOfWar	War.ttl	1
startDate	War.ttl	1
startTime	War.ttl	1
startYear	War.ttl	1
uses	War.ttl	1
usesWeapon	War.ttl	1
areaUnit	Area.ttl	1
areaValue	Area.ttl	1
hasArea	Area.ttl	1
hasLocation	Area.ttl	1
hasName	Area.ttl	1
hasSize	Area.ttl	1
hasType	Area.ttl	1
hasUnit	Area.ttl	1
hasValue	Area.ttl	1
inSquareMiles	Area.ttl	1
length	Area.ttl	1
radius	Area.ttl	1
sideLength	Area.ttl	1
sides	Area.ttl	1
unit	Area.ttl	1
unitOfMeasure	Area.ttl	1
unitOfMeasurement	Area.ttl	1
value	Area.ttl	1
width	Area.ttl	1
endDate	Team.ttl	1
firstName	Team.ttl	1
hasCaptain	Team.ttl	1
hasCoach	Team.ttl	1
hasDeadline	Team.ttl	1
hasExperience	Team.ttl	1
hasLeader	Team.ttl	1
hasMember	Team.ttl	1
hasMemberExperience	Team.ttl	1
hasMemberName	Team.ttl	1
hasMemberRole	Team.ttl	1
hasName	Team.ttl	1
hasNumberOfPlayers	Team.ttl	1
hasPosition	Team.ttl	1
hasProject	Team.ttl	1
hasProjectDeadline	Team.ttl	1
hasProjectName	Team.ttl	1
hasRole	Team.ttl	1
hasSport	Team.ttl	1
hasTask	Team.ttl	1
hasTeamLead	Team.ttl	1
hasTeamLeader	Team.ttl	1
hasTeamName	Team.ttl	1
isOfAge	Team.ttl	1
lastName	Team.ttl	1
league	Team.ttl	1
locatedIn	Team.ttl	1
location	Team.ttl	1
member	Team.ttl	1
memberName	Team.ttl	1
memberOf	Team.ttl	1
memberRole	Team.ttl	1
name	Team.ttl	1
participatesIn	Team.ttl	1
playsIn	Team.ttl	1
playsSport	Team.ttl	1
position	Team.ttl	1
role	Team.ttl	1
sport	Team.ttl	1
sportName	Team.ttl	1
startDate	Team.ttl	1
teamLeader	Team.ttl	1
teamName	Team.ttl	1
belongsInCategory	Work.ttl	1
company	Work.ttl	1
companyName	Work.ttl	1
description	Work.ttl	1
employed	Work.ttl	1
employedBy	Work.ttl	1
employee	Work.ttl	1
employeeID	Work.ttl	1
employeeName	Work.ttl	1
employer	Work.ttl	1
employs	Work.ttl	1
endDate	Work.ttl	1
fullName	Work.ttl	1
hasAge	Work.ttl	1
hasCompanyName	Work.ttl	1
hasDeadline	Work.ttl	1
hasDuration	Work.ttl	1
hasEmployee	Work.ttl	1
hasEmployer	Work.ttl	1
hasEndDate	Work.ttl	1
hasEndTime	Work.ttl	1
hasFullName	Work.ttl	1
hasHours	Work.ttl	1
hasJob	Work.ttl	1
hasJobPosting	Work.ttl	1
hasJobTitle	Work.ttl	1
hasLocation	Work.ttl	1
hasName	Work.ttl	1
hasOccupation	Work.ttl	1
hasPlace	Work.ttl	1
hasPosition	Work.ttl	1
hasSalary	Work.ttl	1
hasStartDate	Work.ttl	1
hasStartTime	Work.ttl	1
hasTask	Work.ttl	1
hasTime	Work.ttl	1
hasTitle	Work.ttl	1
hasWorkHours	Work.ttl	1
hasWorker	Work.ttl	1
hoursPerWeek	Work.ttl	1
isEmployedAt	Work.ttl	1
isFullTime	Work.ttl	1
isPerformedBy	Work.ttl	1
isRemote	Work.ttl	1
jobTitle	Work.ttl	1
location	Work.ttl	1
name	Work.ttl	1
organization	Work.ttl	1
performWork	Work.ttl	1
positionTitle	Work.ttl	1
receives	Work.ttl	1
salary	Work.ttl	1
startDate	Work.ttl	1
title	Work.ttl	1
workName	Work.ttl	1
worker	Work.ttl	1
worksFor	Work.ttl	1
worksIn	Work.ttl	1
date	Moment.ttl	1
description	Moment.ttl	1
duration	Moment.ttl	1
endDate	Moment.ttl	1
endTime	Moment.ttl	1
eventDescription	Moment.ttl	1
fromEvent	Moment.ttl	1
hasBegin	Moment.ttl	1
hasBeginning	Moment.ttl	1
hasDate	Moment.ttl	1
hasDateTime	Moment.ttl	1
hasDescription	Moment.ttl	1
hasDuration	Moment.ttl	1
hasEnd	Moment.ttl	1
hasEndTime	Moment.ttl	1
hasEvent	Moment.ttl	1
hasInstant	Moment.ttl	1
hasLocation	Moment.ttl	1
hasMoment	Moment.ttl	1
hasMomentProperty	Moment.ttl	1
hasName	Moment.ttl	1
hasPeriod	Moment.ttl	1
hasStartTime	Moment.ttl	1
hasTime	Moment.ttl	1
hasTimeInstant	Moment.ttl	1
inLocation	Moment.ttl	1
inTime	Moment.ttl	1
isAfter	Moment.ttl	1
isMomentOf	Moment.ttl	1
isPartOf	Moment.ttl	1
isPriorTo	Moment.ttl	1
periodEnd	Moment.ttl	1
periodStart	Moment.ttl	1
startDate	Moment.ttl	1
startTime	Moment.ttl	1
time	Moment.ttl	1
assignedTo	Case.ttl	1
associatedWith	Case.ttl	1
belongsTo	Case.ttl	1
caseDescription	Case.ttl	1
caseId	Case.ttl	1
caseNumber	Case.ttl	1
caseStatus	Case.ttl	1
caseTitle	Case.ttl	1
caseType	Case.ttl	1
creationDate	Case.ttl	1
dateClosed	Case.ttl	1
dateOpened	Case.ttl	1
description	Case.ttl	1
endDate	Case.ttl	1
handles	Case.ttl	1
hasCaseDate	Case.ttl	1
hasCaseDescription	Case.ttl	1
hasCaseID	Case.ttl	1
hasCaseId	Case.ttl	1
hasCaseName	Case.ttl	1
hasCaseNumber	Case.ttl	1
hasCaseStatus	Case.ttl	1
hasCaseTitle	Case.ttl	1
hasCaseType	Case.ttl	1
hasDateOpened	Case.ttl	1
hasDefendant	Case.ttl	1
hasDescription	Case.ttl	1
hasEndDate	Case.ttl	1
hasEntityRole	Case.ttl	1
hasID	Case.ttl	1
hasIdentifier	Case.ttl	1
hasJudge	Case.ttl	1
hasLawyer	Case.ttl	1
hasParties	Case.ttl	1
hasParty	Case.ttl	1
hasPlaintiff	Case.ttl	1
hasRelatedCase	Case.ttl	1
hasStartDate	Case.ttl	1
hasStatus	Case.ttl	1
hasSubject	Case.ttl	1
hasTitle	Case.ttl	1
id	Case.ttl	1
investigation	Case.ttl	1
investigationEndDate	Case.ttl	1
investigationStartDate	Case.ttl	1
investigator	Case.ttl	1
involvedParties	Case.ttl	1
involves	Case.ttl	1
isOpen	Case.ttl	1
isRelatedTo	Case.ttl	1
judge	Case.ttl	1
lawyerName	Case.ttl	1
personName	Case.ttl	1
representedIn	Case.ttl	1
startDate	Case.ttl	1
status	Case.ttl	1
title	Case.ttl	1
applies	Law.ttl	1
appliesIn	Law.ttl	1
appliesTo	Law.ttl	1
authoritativeEntity	Law.ttl	1
correspondsTo	Law.ttl	1
decides	Law.ttl	1
defendedIn	Law.ttl	1
enactedDate	Law.ttl	1
enforces	Law.ttl	1
follows	Law.ttl	1
handles	Law.ttl	1
happensInJurisdiction	Law.ttl	1
hasArticle	Law.ttl	1
hasCase	Law.ttl	1
hasCaseNumber	Law.ttl	1
hasCitation	Law.ttl	1
hasConstitution	Law.ttl	1
hasCourt	Law.ttl	1
hasEffectiveDate	Law.ttl	1
hasEnactingBody	Law.ttl	1
hasExperienceIn	Law.ttl	1
hasIdentifier	Law.ttl	1
hasJurisdiction	Law.ttl	1
hasLawNumber	Law.ttl	1
hasLegalIssue	Law.ttl	1
hasLocation	Law.ttl	1
hasName	Law.ttl	1
hasNumber	Law.ttl	1
hasRepresented	Law.ttl	1
hasStatus	Law.ttl	1
hasStatute	Law.ttl	1
hasText	Law.ttl	1
hasTitle	Law.ttl	1
hasYear	Law.ttl	1
hasYearImplemented	Law.ttl	1
involves	Law.ttl	1
isApplicableTo	Law.ttl	1
isEnforcedBy	Law.ttl	1
isPartOf	Law.ttl	1
isRatifiedBy	Law.ttl	1
isSpecializedIn	Law.ttl	1
judgedIn	Law.ttl	1
judges	Law.ttl	1
juridiction	Law.ttl	1
lawSpeciality	Law.ttl	1
name	Law.ttl	1
passedBy	Law.ttl	1
practice	Law.ttl	1
practices	Law.ttl	1
practicesIn	Law.ttl	1
practicesLaw	Law.ttl	1
relatedTo	Law.ttl	1
represents	Law.ttl	1
title	Law.ttl	1
administersTreatment	Health.ttl	1
admittedIn	Health.ttl	1
diagnosedWith	Health.ttl	1
diagnoses	Health.ttl	1
disease	Health.ttl	1
hasAge	Health.ttl	1
hasAilment	Health.ttl	1
hasCondition	Health.ttl	1
hasDiagnosis	Health.ttl	1
hasDietRestriction	Health.ttl	1
hasDisease	Health.ttl	1
hasDoctor	Health.ttl	1
hasGender	Health.ttl	1
hasGymMembership	Health.ttl	1
hasHealth	Health.ttl	1
hasHealthRecord	Health.ttl	1
hasHealthStatus	Health.ttl	1
hasHeight	Health.ttl	1
hasIllness	Health.ttl	1
hasMedication	Health.ttl	1
hasMentalHealth	Health.ttl	1
hasMentalHealthStatus	Health.ttl	1
hasName	Health.ttl	1
hasPatient	Health.ttl	1
hasPhysicalHealth	Health.ttl	1
hasPhysicalHealthStatus	Health.ttl	1
hasPhysicalHeathStatus	Health.ttl	1
hasSeverity	Health.ttl	1
hasSideEffect	Health.ttl	1
hasSymptom	Health.ttl	1
hasTreatment	Health.ttl	1
hasWeight	Health.ttl	1
includesMedication	Health.ttl	1
includesSymptom	Health.ttl	1
isDiagnosedWith	Health.ttl	1
isFollowingTreatment	Health.ttl	1
isTreatedBy	Health.ttl	1
isTreatedWith	Health.ttl	1
manages	Health.ttl	1
medicationName	Health.ttl	1
operatesIn	Health.ttl	1
prescribedBy	Health.ttl	1
prescribedFor	Health.ttl	1
prescribes	Health.ttl	1
prescribesMedication	Health.ttl	1
provides	Health.ttl	1
receives	Health.ttl	1
receivesTreatment	Health.ttl	1
suffersFrom	Health.ttl	1
takesMedication	Health.ttl	1
treatmentFor	Health.ttl	1
treats	Health.ttl	1
usedMedication	Health.ttl	1
worksAt	Health.ttl	1
answerText	Question.ttl	1
asked	Question.ttl	1
askedBy	Question.ttl	1
askedIn	Question.ttl	1
drawsFromSource	Question.ttl	1
hasAnswer	Question.ttl	1
hasAnswerText	Question.ttl	1
hasBody	Question.ttl	1
hasCategory	Question.ttl	1
hasChoice	Question.ttl	1
hasContent	Question.ttl	1
hasDifficultyLevel	Question.ttl	1
hasQuestion	Question.ttl	1
hasQuestionText	Question.ttl	1
hasResponse	Question.ttl	1
hasSource	Question.ttl	1
hasSpecificDate	Question.ttl	1
hasText	Question.ttl	1
hasTitle	Question.ttl	1
hasType	Question.ttl	1
isAnsweredBy	Question.ttl	1
isAskedBy	Question.ttl	1
isCorrect	Question.ttl	1
isCorrectAnswer	Question.ttl	1
isRelatedToTopic	Question.ttl	1
isResponseTo	Question.ttl	1
possibleAnswer	Question.ttl	1
questionText	Question.ttl	1
relatedToTopic	Question.ttl	1
sourceName	Question.ttl	1
sourceType	Question.ttl	1
sourceURL	Question.ttl	1
text	Question.ttl	1
topicOf	Question.ttl	1
type	Question.ttl	1
weight	Question.ttl	1
actsOn	Force.ttl	1
appliedBy	Force.ttl	1
appliedOn	Force.ttl	1
appliedto	Force.ttl	1
appliesForce	Force.ttl	1
direction	Force.ttl	1
directionOfForce	Force.ttl	1
forceDirection	Force.ttl	1
forceValue	Force.ttl	1
hasDirection	Force.ttl	1
hasForce	Force.ttl	1
hasForceDirection	Force.ttl	1
hasForceMagnitude	Force.ttl	1
hasForceValue	Force.ttl	1
hasMagnitude	Force.ttl	1
hasStrength	Force.ttl	1
hasUnit	Force.ttl	1
isAppliedTo	Force.ttl	1
isForceOf	Force.ttl	1
magnitude	Force.ttl	1
magnitudeOfForce	Force.ttl	1
measuredIn	Force.ttl	1
newton	Force.ttl	1
resistsForce	Force.ttl	1
resultanteffect	Force.ttl	1
resultsIn	Force.ttl	1
type	Force.ttl	1
unitOfMeasure	Force.ttl	1
components	Air.ttl	1
composition	Air.ttl	1
consistsOf	Air.ttl	1
contains	Air.ttl	1
containsCarbonDioxide	Air.ttl	1
containsNitrogen	Air.ttl	1
containsOxygen	Air.ttl	1
hasAirPollution	Air.ttl	1
hasComponent	Air.ttl	1
hasComposition	Air.ttl	1
hasHumidity	Air.ttl	1
hasNitrogen	Air.ttl	1
hasOtherGases	Air.ttl	1
hasOxygen	Air.ttl	1
hasPart	Air.ttl	1
hasPollutants	Air.ttl	1
hasPollutionLevel	Air.ttl	1
hasPressure	Air.ttl	1
hasQuality	Air.ttl	1
hasQualityIndex	Air.ttl	1
hasTemperature	Air.ttl	1
hasVolume	Air.ttl	1
humidity	Air.ttl	1
isComposedOf	Air.ttl	1
isConditioned	Air.ttl	1
isInArea	Air.ttl	1
isPolluted	Air.ttl	1
percentage	Air.ttl	1
pollutant	Air.ttl	1
polluted	Air.ttl	1
pollution	Air.ttl	1
pressure	Air.ttl	1
provides	Air.ttl	1
quality	Air.ttl	1
temperature	Air.ttl	1
atTime	Time.ttl	1
begin	Time.ttl	1
dateTime	Time.ttl	1
dateTimeStamp	Time.ttl	1
days	Time.ttl	1
description	Time.ttl	1
duration	Time.ttl	1
during	Time.ttl	1
end	Time.ttl	1
endAt	Time.ttl	1
endTime	Time.ttl	1
endedAt	Time.ttl	1
endsWith	Time.ttl	1
hasBeginning	Time.ttl	1
hasDateTime	Time.ttl	1
hasDuration	Time.ttl	1
hasEnd	Time.ttl	1
hasEndTime	Time.ttl	1
hasHour	Time.ttl	1
hasMinute	Time.ttl	1
hasSecond	Time.ttl	1
hasStartTime	Time.ttl	1
hasTemporalUnit	Time.ttl	1
hasTime	Time.ttl	1
hasTimezone	Time.ttl	1
inDateTime	Time.ttl	1
inFuture	Time.ttl	1
inPast	Time.ttl	1
inXSDDateTime	Time.ttl	1
inXSDDateTimeStamp	Time.ttl	1
inXSDDuration	Time.ttl	1
isPartOf	Time.ttl	1
isTimePointOf	Time.ttl	1
isUnitOf	Time.ttl	1
startAt	Time.ttl	1
startTime	Time.ttl	1
startedAt	Time.ttl	1
startsWith	Time.ttl	1
title	Time.ttl	1
developedBy	Game.ttl	1
developer	Game.ttl	1
genre	Game.ttl	1
hasAgeRating	Game.ttl	1
hasDeveloper	Game.ttl	1
hasGenre	Game.ttl	1
hasName	Game.ttl	1
hasPlatform	Game.ttl	1
hasPlayer	Game.ttl	1
hasPlayerCount	Game.ttl	1
hasPlayerMode	Game.ttl	1
hasPrice	Game.ttl	1
hasRating	Game.ttl	1
hasReleaseDate	Game.ttl	1
hasReview	Game.ttl	1
hasRule	Game.ttl	1
hasSkillLevel	Game.ttl	1
hasTitle	Game.ttl	1
isAvailableOn	Game.ttl	1
isDevelopedBy	Game.ttl	1
name	Game.ttl	1
platform	Game.ttl	1
player	Game.ttl	1
playerName	Game.ttl	1
plays	Game.ttl	1
playsGame	Game.ttl	1
publisher	Game.ttl	1
rating	Game.ttl	1
releaseDate	Game.ttl	1
releaseYear	Game.ttl	1
reviewOf	Game.ttl	1
reviewRating	Game.ttl	1
reviewScore	Game.ttl	1
reviewText	Game.ttl	1
title	Game.ttl	1
wasReleasedIn	Game.ttl	1
age	School.ttl	1
assigns	School.ttl	1
attend	School.ttl	1
attends	School.ttl	1
belongsTo	School.ttl	1
completes	School.ttl	1
courseName	School.ttl	1
employs	School.ttl	1
enrolledIn	School.ttl	1
grade	School.ttl	1
hasAddress	School.ttl	1
hasClass	School.ttl	1
hasCourse	School.ttl	1
hasGrade	School.ttl	1
hasName	School.ttl	1
hasPrincipal	School.ttl	1
hasStudent	School.ttl	1
hasTeacher	School.ttl	1
includesGrade	School.ttl	1
isEnrolledIn	School.ttl	1
learns	School.ttl	1
location	School.ttl	1
memberOf	School.ttl	1
name	School.ttl	1
numberOfStudents	School.ttl	1
offeredAt	School.ttl	1
offers	School.ttl	1
offersCourse	School.ttl	1
partOf	School.ttl	1
provides	School.ttl	1
schoolName	School.ttl	1
schoolhasGrade	School.ttl	1
schoolhasStudent	School.ttl	1
schoolhasSubject	School.ttl	1
schoolhasTeacher	School.ttl	1
schoollocatedIn	School.ttl	1
schoolteachesSubject	School.ttl	1
student	School.ttl	1
studentAge	School.ttl	1
studentName	School.ttl	1
studies	School.ttl	1
studiesAt	School.ttl	1
studiesUnder	School.ttl	1
studyingIn	School.ttl	1
takes	School.ttl	1
takesCourse	School.ttl	1
taughtBy	School.ttl	1
teacherAge	School.ttl	1
teacherName	School.ttl	1
teaches	School.ttl	1
teachesAt	School.ttl	1
teachesCourse	School.ttl	1
teachesIn	School.ttl	1
teachesSubject	School.ttl	1
worksAt	School.ttl	1
even	Number.ttl	1
greaterThan	Number.ttl	1
hasValue	Number.ttl	1
imaginaryPart	Number.ttl	1
isDivisibleBy	Number.ttl	1
isEqual	Number.ttl	1
isEven	Number.ttl	1
isGreaterThan	Number.ttl	1
isImaginary	Number.ttl	1
isIrrational	Number.ttl	1
isLessThan	Number.ttl	1
isNegative	Number.ttl	1
isPartOf	Number.ttl	1
isPositive	Number.ttl	1
lessThan	Number.ttl	1
negative	Number.ttl	1
numberValue	Number.ttl	1
numberValueFloat	Number.ttl	1
numberValueInteger	Number.ttl	1
realPart	Number.ttl	1
size	Number.ttl	1
value	Number.ttl	1
createdOn	Group.ttl	1
creationDate	Group.ttl	1
description	Group.ttl	1
establishedDate	Group.ttl	1
groupDescription	Group.ttl	1
groupID	Group.ttl	1
groupMember	Group.ttl	1
groupName	Group.ttl	1
groupSize	Group.ttl	1
hasAge	Group.ttl	1
hasGroupName	Group.ttl	1
hasGroupSize	Group.ttl	1
hasLeader	Group.ttl	1
hasMember	Group.ttl	1
hasName	Group.ttl	1
hasRole	Group.ttl	1
isPartOf	Group.ttl	1
leader	Group.ttl	1
member	Group.ttl	1
memberName	Group.ttl	1
memberOf	Group.ttl	1
memberRole	Group.ttl	1
name	Group.ttl	1
ofType	Group.ttl	1
size	Group.ttl	1
areaOfWork	Job.ttl	1
belongsToIndustry	Job.ttl	1
description	Job.ttl	1
employee	Job.ttl	1
employer	Job.ttl	1
employerName	Job.ttl	1
employmentType	Job.ttl	1
endDate	Job.ttl	1
endTime	Job.ttl	1
hasCompany	Job.ttl	1
hasDescription	Job.ttl	1
hasEmployer	Job.ttl	1
hasEndDate	Job.ttl	1
hasJob	Job.ttl	1
hasJobTitle	Job.ttl	1
hasLocation	Job.ttl	1
hasOrganization	Job.ttl	1
hasPosition	Job.ttl	1
hasResponsibilities	Job.ttl	1
hasSalary	Job.ttl	1
hasStartDate	Job.ttl	1
hasTitle	Job.ttl	1
inField	Job.ttl	1
industry	Job.ttl	1
isFullTime	Job.ttl	1
isPartOfIndustry	Job.ttl	1
jobDescription	Job.ttl	1
jobID	Job.ttl	1
jobId	Job.ttl	1
jobLocation	Job.ttl	1
jobSalary	Job.ttl	1
jobTitle	Job.ttl	1
location	Job.ttl	1
locationName	Job.ttl	1
name	Job.ttl	1
positionTitle	Job.ttl	1
postedJob	Job.ttl	1
requiresEducation	Job.ttl	1
requiresExperience	Job.ttl	1
requiresSkill	Job.ttl	1
requiresSkills	Job.ttl	1
salary	Job.ttl	1
skillsRequired	Job.ttl	1
startDate	Job.ttl	1
startTime	Job.ttl	1
title	Job.ttl	1
worksAs	Job.ttl	1
worksFor	Job.ttl	1
abstract	Art.ttl	1
artGenre	Art.ttl	1
artist	Art.ttl	1
artistName	Art.ttl	1
artistNationality	Art.ttl	1
artworkTitle	Art.ttl	1
belongsGenre	Art.ttl	1
belongsTo	Art.ttl	1
birthDate	Art.ttl	1
bornIn	Art.ttl	1
created	Art.ttl	1
createdBy	Art.ttl	1
createdby	Art.ttl	1
creates	Art.ttl	1
creationDate	Art.ttl	1
deathDate	Art.ttl	1
display	Art.ttl	1
displayedat	Art.ttl	1
endDate	Art.ttl	1
exhibitedIn	Art.ttl	1
exhibits	Art.ttl	1
genre	Art.ttl	1
hasArtStyle	Art.ttl	1
hasArtist	Art.ttl	1
hasAuthor	Art.ttl	1
hasBirthDate	Art.ttl	1
hasCreated	Art.ttl	1
hasCreator	Art.ttl	1
hasMedium	Art.ttl	1
hasName	Art.ttl	1
hasPeriod	Art.ttl	1
hasStyle	Art.ttl	1
hasTitle	Art.ttl	1
hasYear	Art.ttl	1
hasgenre	Art.ttl	1
housesArt	Art.ttl	1
inPeriod	Art.ttl	1
inspiredBy	Art.ttl	1
locatedIn	Art.ttl	1
location	Art.ttl	1
madeOf	Art.ttl	1
mass	Art.ttl	1
medium	Art.ttl	1
mediumName	Art.ttl	1
modern	Art.ttl	1
name	Art.ttl	1
nationality	Art.ttl	1
periodEnd	Art.ttl	1
periodName	Art.ttl	1
periodStart	Art.ttl	1
shownAt	Art.ttl	1
startDate	Art.ttl	1
style	Art.ttl	1
styleName	Art.ttl	1
title	Art.ttl	1
usesMedium	Art.ttl	1
usesmedium	Art.ttl	1
year	Art.ttl	1
endPoint	Line.ttl	1
hasCoordinate	Line.ttl	1
hasDirection	Line.ttl	1
hasEnd	Line.ttl	1
hasEndPoint	Line.ttl	1
hasLength	Line.ttl	1
hasPoint	Line.ttl	1
hasStart	Line.ttl	1
hasStartPoint	Line.ttl	1
hasX	Line.ttl	1
hasXCoordinate	Line.ttl	1
hasXYCoordinates	Line.ttl	1
hasY	Line.ttl	1
hasYCoordinate	Line.ttl	1
hasZCoordinate	Line.ttl	1
isParallelTo	Line.ttl	1
isPerpendicularTo	Line.ttl	1
isStraight	Line.ttl	1
length	Line.ttl	1
slope	Line.ttl	1
startPoint	Line.ttl	1
x	Line.ttl	1
xCoordinate	Line.ttl	1
y	Line.ttl	1
yCoordinate	Line.ttl	1
entityName	Name.ttl	1
familyName	Name.ttl	1
firstName	Name.ttl	1
fullName	Name.ttl	1
givenName	Name.ttl	1
hasFirstName	Name.ttl	1
hasFullName	Name.ttl	1
hasLastName	Name.ttl	1
hasMiddleName	Name.ttl	1
hasName	Name.ttl	1
hasNamePrefix	Name.ttl	1
hasNameSuffix	Name.ttl	1
hasNickName	Name.ttl	1
hasPrefix	Name.ttl	1
hasSuffix	Name.ttl	1
hasfirstName	Name.ttl	1
haslastName	Name.ttl	1
hasmiddleName	Name.ttl	1
lastName	Name.ttl	1
middleName	Name.ttl	1
namePrefix	Name.ttl	1
nameSuffix	Name.ttl	1
nickName	Name.ttl	1
arriveAt	Way.ttl	1
aspectOfWay	Way.ttl	1
condition	Way.ttl	1
connectedTo	Way.ttl	1
connects	Way.ttl	1
coveredBy	Way.ttl	1
departFrom	Way.ttl	1
destination	Way.ttl	1
distance	Way.ttl	1
endPoint	Way.ttl	1
from	Way.ttl	1
hasDestination	Way.ttl	1
hasDestinationType	Way.ttl	1
hasDirection	Way.ttl	1
hasDistance	Way.ttl	1
hasEnd	Way.ttl	1
hasEndPoint	Way.ttl	1
hasLength	Way.ttl	1
hasMedium	Way.ttl	1
hasMethod	Way.ttl	1
hasName	Way.ttl	1
hasSource	Way.ttl	1
hasSourceType	Way.ttl	1
hasStart	Way.ttl	1
hasStartPoint	Way.ttl	1
hasTraffic	Way.ttl	1
hasType	Way.ttl	1
hasWay	Way.ttl	1
isAccessible	Way.ttl	1
isPartOf	Way.ttl	1
leadsTo	Way.ttl	1
length	Way.ttl	1
name	Way.ttl	1
source	Way.ttl	1
startPoint	Way.ttl	1
takenBy	Way.ttl	1
to	Way.ttl	1
understandsWay	Way.ttl	1
usedFor	Way.ttl	1
age	Parent.ttl	1
childOf	Parent.ttl	1
father	Parent.ttl	1
firstName	Parent.ttl	1
hasAge	Parent.ttl	1
hasChild	Parent.ttl	1
hasFather	Parent.ttl	1
hasGender	Parent.ttl	1
hasMother	Parent.ttl	1
hasName	Parent.ttl	1
hasParent	Parent.ttl	1
hasSpouse	Parent.ttl	1
isChildOf	Parent.ttl	1
isFatherOf	Parent.ttl	1
isMarriedTo	Parent.ttl	1
isMotherOf	Parent.ttl	1
isParentOf	Parent.ttl	1
lastName	Parent.ttl	1
mother	Parent.ttl	1
associatedWithConcept	Idea.ttl	1
dateOfIdea	Idea.ttl	1
description	Idea.ttl	1
descriptionOfIdea	Idea.ttl	1
evaluation	Idea.ttl	1
hasAge	Idea.ttl	1
hasAuthor	Idea.ttl	1
hasCreationDate	Idea.ttl	1
hasCreator	Idea.ttl	1
hasDate	Idea.ttl	1
hasDateCreated	Idea.ttl	1
hasDescription	Idea.ttl	1
hasIdea	Idea.ttl	1
hasIdeaValue	Idea.ttl	1
hasImpact	Idea.ttl	1
hasName	Idea.ttl	1
hasOrigin	Idea.ttl	1
hasOriginality	Idea.ttl	1
hasOriginator	Idea.ttl	1
hasRelation	Idea.ttl	1
hasResultingAction	Idea.ttl	1
hasTitle	Idea.ttl	1
ideaBelongsTo	Idea.ttl	1
ideaContent	Idea.ttl	1
ideaCreationDate	Idea.ttl	1
ideaOriginator	Idea.ttl	1
ideaSummary	Idea.ttl	1
implementationStatus	Idea.ttl	1
inspirationSource	Idea.ttl	1
inspiredBy	Idea.ttl	1
isImplemented	Idea.ttl	1
isInspiredBy	Idea.ttl	1
isOriginal	Idea.ttl	1
isRelatedTo	Idea.ttl	1
leadTo	Idea.ttl	1
practicality	Idea.ttl	1
hasAge	Woman.ttl	1
hasBirthDate	Woman.ttl	1
hasBirthdate	Woman.ttl	1
hasChild	Woman.ttl	1
hasChildren	Woman.ttl	1
hasGender	Woman.ttl	1
hasMother	Woman.ttl	1
hasName	Woman.ttl	1
hasNationality	Woman.ttl	1
hasOccupation	Woman.ttl	1
isDaughter	Woman.ttl	1
isEducatedIn	Woman.ttl	1
isEmployed	Woman.ttl	1
isMarried	Woman.ttl	1
isMother	Woman.ttl	1
isMotherOf	Woman.ttl	1
isWifeOf	Woman.ttl	1
isWoman	Woman.ttl	1
womanhasAge	Woman.ttl	1
womanhasName	Woman.ttl	1
womanhasNationality	Woman.ttl	1
worksIn	Woman.ttl	1
code	Program.ttl	1
description	Program.ttl	1
developedBy	Program.ttl	1
developer	Program.ttl	1
hasAuthor	Program.ttl	1
hasCode	Program.ttl	1
hasDescription	Program.ttl	1
hasDeveloper	Program.ttl	1
hasDeveloperName	Program.ttl	1
hasDuration	Program.ttl	1
hasEndDate	Program.ttl	1
hasExperience	Program.ttl	1
hasId	Program.ttl	1
hasInput	Program.ttl	1
hasLanguage	Program.ttl	1
hasLicense	Program.ttl	1
hasName	Program.ttl	1
hasOutput	Program.ttl	1
hasPart	Program.ttl	1
hasPlatform	Program.ttl	1
hasPlatformCompatibility	Program.ttl	1
hasProgramName	Program.ttl	1
hasReleaseDate	Program.ttl	1
hasStartDate	Program.ttl	1
hasVersion	Program.ttl	1
isCreatedBy	Program.ttl	1
isPartOf	Program.ttl	1
isWrittenIn	Program.ttl	1
knowsLanguage	Program.ttl	1
name	Program.ttl	1
provide	Program.ttl	1
provider	Program.ttl	1
releaseDate	Program.ttl	1
runOnOperatingSystem	Program.ttl	1
runsOn	Program.ttl	1
usesLanguage	Program.ttl	1
usesLibrary	Program.ttl	1
version	Program.ttl	1
writtenIn	Program.ttl	1
age	Education.ttl	1
assigns	Education.ttl	1
attends	Education.ttl	1
attendsCourse	Education.ttl	1
consistsOf	Education.ttl	1
courseCode	Education.ttl	1
courseID	Education.ttl	1
educates	Education.ttl	1
enrolledIn	Education.ttl	1
hasCourse	Education.ttl	1
hasDegree	Education.ttl	1
hasEducation	Education.ttl	1
hasEducationalInstitution	Education.ttl	1
hasEnrolled	Education.ttl	1
hasGrade	Education.ttl	1
hasKnowledgeArea	Education.ttl	1
hasStudent	Education.ttl	1
hasSubject	Education.ttl	1
hasTeacher	Education.ttl	1
name	Education.ttl	1
offeredBy	Education.ttl	1
offersCourse	Education.ttl	1
provides	Education.ttl	1
receives	Education.ttl	1
schooledIn	Education.ttl	1
studentID	Education.ttl	1
studentId	Education.ttl	1
studies	Education.ttl	1
studiesAt	Education.ttl	1
studiesSubject	Education.ttl	1
subject	Education.ttl	1
teacherID	Education.ttl	1
teacherId	Education.ttl	1
teaches	Education.ttl	1
teachesCourse	Education.ttl	1
teachesSubject	Education.ttl	1
universityAttended	Education.ttl	1
universityID	Education.ttl	1
worksAt	Education.ttl	1
belongsToDomain	Problem.ttl	1
causeDescription	Problem.ttl	1
description	Problem.ttl	1
hasCause	Problem.ttl	1
hasComplexity	Problem.ttl	1
hasDescription	Problem.ttl	1
hasDetails	Problem.ttl	1
hasDifficulty	Problem.ttl	1
hasDifficultyLevel	Problem.ttl	1
hasEffect	Problem.ttl	1
hasId	Problem.ttl	1
hasImpact	Problem.ttl	1
hasProblem	Problem.ttl	1
hasRelatedProblem	Problem.ttl	1
hasResult	Problem.ttl	1
hasSeverity	Problem.ttl	1
hasSolution	Problem.ttl	1
hasStep	Problem.ttl	1
hasTimeToSolve	Problem.ttl	1
hasTitle	Problem.ttl	1
id	Problem.ttl	1
isCausedBy	Problem.ttl	1
isComplex	Problem.ttl	1
isSolutionOf	Problem.ttl	1
isSolvedBy	Problem.ttl	1
isTypeOf	Problem.ttl	1
issueName	Problem.ttl	1
name	Problem.ttl	1
problem	Problem.ttl	1
problemDescription	Problem.ttl	1
problemSolution	Problem.ttl	1
severity	Problem.ttl	1
solution	Problem.ttl	1
solutionDescription	Problem.ttl	1
timeToSolve	Problem.ttl	1
belongs	Government.ttl	1
citizenAge	Government.ttl	1
consistsOf	Government.ttl	1
country	Government.ttl	1
createsLaw	Government.ttl	1
department	Government.ttl	1
departmentOf	Government.ttl	1
director	Government.ttl	1
enforcesLaw	Government.ttl	1
established	Government.ttl	1
governedBy	Government.ttl	1
governmentName	Government.ttl	1
governmentType	Government.ttl	1
governs	Government.ttl	1
hasAge	Government.ttl	1
hasBranch	Government.ttl	1
hasCitizen	Government.ttl	1
hasCity	Government.ttl	1
hasDepartment	Government.ttl	1
hasGovernment	Government.ttl	1
hasHead	Government.ttl	1
hasHeadOfState	Government.ttl	1
hasLaw	Government.ttl	1
hasLaws	Government.ttl	1
hasLeader	Government.ttl	1
hasMember	Government.ttl	1
hasName	Government.ttl	1
hasPolicy	Government.ttl	1
hasState	Government.ttl	1
hasSystem	Government.ttl	1
headOf	Government.ttl	1
headOfGovernment	Government.ttl	1
holdsPosition	Government.ttl	1
implements	Government.ttl	1
isBranchOf	Government.ttl	1
isHeadedBy	Government.ttl	1
leaderOf	Government.ttl	1
legislation	Government.ttl	1
locatedIn	Government.ttl	1
mayorOf	Government.ttl	1
name	Government.ttl	1
official	Government.ttl	1
passes	Government.ttl	1
population	Government.ttl	1
positionIn	Government.ttl	1
presidentOf	Government.ttl	1
providesService	Government.ttl	1
grantedBy	Right.ttl	1
hasRight	Right.ttl	1
hasRightHolder	Right.ttl	1
hasScope	Right.ttl	1
holder	Right.ttl	1
isEnforcedBy	Right.ttl	1
isGrantedBy	Right.ttl	1
isGrantedTo	Right.ttl	1
isProtectedBy	Right.ttl	1
isRightOf	Right.ttl	1
possession	Right.ttl	1
protectedBy	Right.ttl	1
providesRight	Right.ttl	1
rightInJurisdiction	Right.ttl	1
rightToEquality	Right.ttl	1
rightToLife	Right.ttl	1
rightToReligiousFreedom	Right.ttl	1
rightToVote	Right.ttl	1
violatedBy	Right.ttl	1
childOf	Father.ttl	1
fatherOf	Father.ttl	1
hasChild	Father.ttl	1
hasDaughter	Father.ttl	1
hasFather	Father.ttl	1
hasSon	Father.ttl	1
hasSpouse	Father.ttl	1
isFatherOf	Father.ttl	1
age	Child.ttl	1
attendsSchool	Child.ttl	1
birthdate	Child.ttl	1
enrolledIn	Child.ttl	1
gender	Child.ttl	1
hasAge	Child.ttl	1
hasChild	Child.ttl	1
hasFirstName	Child.ttl	1
hasGrade	Child.ttl	1
hasLastName	Child.ttl	1
hasName	Child.ttl	1
hasParent	Child.ttl	1
hasSibling	Child.ttl	1
isChildOf	Child.ttl	1
isMale	Child.ttl	1
isParentOf	Child.ttl	1
livesAt	Child.ttl	1
memberOf	Child.ttl	1
name	Child.ttl	1
parent	Child.ttl	1
parentOf	Child.ttl	1
school	Child.ttl	1
age	Kid.ttl	1
attends	Kid.ttl	1
attendsSchool	Kid.ttl	1
gender	Kid.ttl	1
goesToSchool	Kid.ttl	1
grade	Kid.ttl	1
guardian	Kid.ttl	1
hasAddress	Kid.ttl	1
hasAge	Kid.ttl	1
hasGender	Kid.ttl	1
hasHobby	Kid.ttl	1
hasName	Kid.ttl	1
hasParent	Kid.ttl	1
hasPet	Kid.ttl	1
hasSchoolName	Kid.ttl	1
hasSibling	Kid.ttl	1
hasToy	Kid.ttl	1
hobbies	Kid.ttl	1
isParentOf	Kid.ttl	1
isStudentOf	Kid.ttl	1
name	Kid.ttl	1
participatesIn	Kid.ttl	1
playsSport	Kid.ttl	1
school	Kid.ttl	1
studiesAt	Kid.ttl	1
address	Lot.ttl	1
area	Lot.ttl	1
belongsTo	Lot.ttl	1
hasAddress	Lot.ttl	1
hasArea	Lot.ttl	1
hasAuctionDate	Lot.ttl	1
hasBuilding	Lot.ttl	1
hasCapacity	Lot.ttl	1
hasCity	Lot.ttl	1
hasCountry	Lot.ttl	1
hasLocation	Lot.ttl	1
hasLot	Lot.ttl	1
hasLotNumber	Lot.ttl	1
hasOwner	Lot.ttl	1
hasParkingLot	Lot.ttl	1
hasPrice	Lot.ttl	1
hasSize	Lot.ttl	1
hasStartingPrice	Lot.ttl	1
hasStreetAddress	Lot.ttl	1
hasStructure	Lot.ttl	1
hasZipCode	Lot.ttl	1
id	Lot.ttl	1
identifier	Lot.ttl	1
isAvailable	Lot.ttl	1
isDeveloped	Lot.ttl	1
isForSale	Lot.ttl	1
isOnSale	Lot.ttl	1
isPartOfAuction	Lot.ttl	1
isRelatedTo	Lot.ttl	1
isVacant	Lot.ttl	1
location	Lot.ttl	1
lotNumber	Lot.ttl	1
lotSize	Lot.ttl	1
owner	Lot.ttl	1
owners	Lot.ttl	1
price	Lot.ttl	1
salePrice	Lot.ttl	1
size	Lot.ttl	1
address	People.ttl	1
age	People.ttl	1
birthDate	People.ttl	1
birthdate	People.ttl	1
bornIn	People.ttl	1
cityCountry	People.ttl	1
cityCounty	People.ttl	1
cityName	People.ttl	1
dateOfBirth	People.ttl	1
firstName	People.ttl	1
gender	People.ttl	1
hasAge	People.ttl	1
hasChild	People.ttl	1
hasFirstName	People.ttl	1
hasGender	People.ttl	1
hasLastName	People.ttl	1
hasName	People.ttl	1
hasNationality	People.ttl	1
hasOccupation	People.ttl	1
hasParent	People.ttl	1
hasPhoneNumber	People.ttl	1
isEmployed	People.ttl	1
isMarried	People.ttl	1
isMarriedTo	People.ttl	1
lastName	People.ttl	1
livesIn	People.ttl	1
marriedTo	People.ttl	1
name	People.ttl	1
provides	People.ttl	1
surname	People.ttl	1
activities	Night.ttl	1
conceptOfNight	Night.ttl	1
duration	Night.ttl	1
end	Night.ttl	1
endTime	Night.ttl	1
endsAt	Night.ttl	1
experiences	Night.ttl	1
hasActivity	Night.ttl	1
hasAurora	Night.ttl	1
hasDarkness	Night.ttl	1
hasDuration	Night.ttl	1
hasEnd	Night.ttl	1
hasEndHour	Night.ttl	1
hasEndTime	Night.ttl	1
hasInSky	Night.ttl	1
hasLength	Night.ttl	1
hasMoon	Night.ttl	1
hasMoonPhase	Night.ttl	1
hasNight	Night.ttl	1
hasStar	Night.ttl	1
hasStarVisibility	Night.ttl	1
hasStarsVisible	Night.ttl	1
hasStart	Night.ttl	1
hasStartHour	Night.ttl	1
hasStartTime	Night.ttl	1
hasTemperature	Night.ttl	1
hasWeather	Night.ttl	1
isAstronomicalNight	Night.ttl	1
isDark	Night.ttl	1
isFollowedBy	Night.ttl	1
isIlluminatedBy	Night.ttl	1
isNightOf	Night.ttl	1
isPartOf	Night.ttl	1
isPartOfDay	Night.ttl	1
isPresentDuring	Night.ttl	1
isQuiet	Night.ttl	1
moonPhase	Night.ttl	1
nightSky	Night.ttl	1
observe	Night.ttl	1
observing	Night.ttl	1
sleeping	Night.ttl	1
start	Night.ttl	1
startTime	Night.ttl	1
startsAt	Night.ttl	1
visibleDuring	Night.ttl	1
weather	Night.ttl	1
kastlecswrighteducsmodl	Part.ttl	1
belongsTo	Part.ttl	1
belongsToAssembly	Part.ttl	1
belongsin	Part.ttl	1
categoryName	Part.ttl	1
description	Part.ttl	1
hasDescription	Part.ttl	1
hasManufacturer	Part.ttl	1
hasManufacturerName	Part.ttl	1
hasPart	Part.ttl	1
hasPartNumber	Part.ttl	1
hasSize	Part.ttl	1
hasWeight	Part.ttl	1
hasmaterial	Part.ttl	1
haspart	Part.ttl	1
id	Part.ttl	1
isPartOf	Part.ttl	1
madeOf	Part.ttl	1
manufacturedBy	Part.ttl	1
manufacturer	Part.ttl	1
manufacturerName	Part.ttl	1
manufacturerWebsite	Part.ttl	1
manufacturingDate	Part.ttl	1
name	Part.ttl	1
objectID	Part.ttl	1
partCategory	Part.ttl	1
partDescription	Part.ttl	1
partID	Part.ttl	1
partId	Part.ttl	1
partManufactureDate	Part.ttl	1
partManufacturer	Part.ttl	1
partModel	Part.ttl	1
partName	Part.ttl	1
partNumber	Part.ttl	1
partOf	Part.ttl	1
processID	Part.ttl	1
provides	Part.ttl	1
serialNumber	Part.ttl	1
subPart	Part.ttl	1
usedIn	Part.ttl	1
usesPart	Part.ttl	1
weight	Part.ttl	1
appliesPageLayout	Word.ttl	1
author	Word.ttl	1
documentTitle	Word.ttl	1
hasAntonym	Word.ttl	1
hasContent	Word.ttl	1
hasDefinition	Word.ttl	1
hasLanguage	Word.ttl	1
hasLemma	Word.ttl	1
hasLength	Word.ttl	1
hasMeaning	Word.ttl	1
hasOrigin	Word.ttl	1
hasPartOfSpeech	Word.ttl	1
hasSpelling	Word.ttl	1
hasSpellingCorrector	Word.ttl	1
hasSynonym	Word.ttl	1
hasSynonyms	Word.ttl	1
hasThesaurus	Word.ttl	1
hasWordProperty	Word.ttl	1
isInLanguage	Word.ttl	1
isPartOfSpeech	Word.ttl	1
isSynonymOf	Word.ttl	1
language	Word.ttl	1
length	Word.ttl	1
partOfSpeech	Word.ttl	1
sentence	Word.ttl	1
spelling	Word.ttl	1
upos	Word.ttl	1
usedIn	Word.ttl	1
usedInSentence	Word.ttl	1
usesMailMerge	Word.ttl	1
wordVersion	Word.ttl	1
author	Story.ttl	1
character	Story.ttl	1
characterName	Story.ttl	1
genre	Story.ttl	1
hasAuthor	Story.ttl	1
hasCharacter	Story.ttl	1
hasCharacterName	Story.ttl	1
hasCharacters	Story.ttl	1
hasDescription	Story.ttl	1
hasGenre	Story.ttl	1
hasLocation	Story.ttl	1
hasName	Story.ttl	1
hasPlot	Story.ttl	1
hasSetting	Story.ttl	1
hasTheme	Story.ttl	1
hasTitle	Story.ttl	1
name	Story.ttl	1
plot	Story.ttl	1
publicationDate	Story.ttl	1
publicationYear	Story.ttl	1
role	Story.ttl	1
title	Story.ttl	1
writtenBy	Story.ttl	1
affects	Back.ttl	1
associatedCondition	Back.ttl	1
hasBack	Back.ttl	1
hasCondition	Back.ttl	1
hasInjury	Back.ttl	1
hasLocation	Back.ttl	1
hasMuscle	Back.ttl	1
hasPain	Back.ttl	1
hasPart	Back.ttl	1
hasSpine	Back.ttl	1
hasSymptom	Back.ttl	1
isLocationOf	Back.ttl	1
isOppositeOf	Back.ttl	1
painLevel	Back.ttl	1
partOfBack	Back.ttl	1
suffersFrom	Back.ttl	1
treatmentPlan	Back.ttl	1
belongsCountry	President.ttl	1
belongsTo	President.ttl	1
bornOn	President.ttl	1
countryLead	President.ttl	1
countryServed	President.ttl	1
endDate	President.ttl	1
endOfPresidency	President.ttl	1
firstLady	President.ttl	1
hasAfter	President.ttl	1
hasBeenPresident	President.ttl	1
hasBefore	President.ttl	1
hasContinent	President.ttl	1
hasCountry	President.ttl	1
hasEndTerm	President.ttl	1
hasFirstName	President.ttl	1
hasLastName	President.ttl	1
hasName	President.ttl	1
hasNationality	President.ttl	1
hasPopulation	President.ttl	1
hasPresidency	President.ttl	1
hasPresident	President.ttl	1
hasStartTerm	President.ttl	1
hasTerm	President.ttl	1
hasTermEnd	President.ttl	1
hasTermPeriod	President.ttl	1
hasTermStart	President.ttl	1
inOfficeSince	President.ttl	1
inaugurationDate	President.ttl	1
isPresidentOf	President.ttl	1
predecessor	President.ttl	1
presidencyTerm	President.ttl	1
presidentOf	President.ttl	1
presidesOver	President.ttl	1
servedAs	President.ttl	1
servedAsPresident	President.ttl	1
servedFrom	President.ttl	1
servedUntil	President.ttl	1
servesAs	President.ttl	1
servesAsPresident	President.ttl	1
servesIn	President.ttl	1
startDate	President.ttl	1
startOfPresidency	President.ttl	1
successor	President.ttl	1
termEnd	President.ttl	1
termStart	President.ttl	1
wasAffiliatedTo	President.ttl	1
wasBornIn	President.ttl	1
wasBornOn	President.ttl	1
address	Company.ttl	1
birthDate	Company.ttl	1
cEO	Company.ttl	1
city	Company.ttl	1
companyType	Company.ttl	1
country	Company.ttl	1
employeeCount	Company.ttl	1
employeeName	Company.ttl	1
employsPerson	Company.ttl	1
firstName	Company.ttl	1
foundedDate	Company.ttl	1
foundedIn	Company.ttl	1
hasAddress	Company.ttl	1
hasAge	Company.ttl	1
hasCEO	Company.ttl	1
hasCompanyName	Company.ttl	1
hasCountry	Company.ttl	1
hasDepartment	Company.ttl	1
hasDirector	Company.ttl	1
hasEmployee	Company.ttl	1
hasEmployeeCount	Company.ttl	1
hasFirstName	Company.ttl	1
hasFoundingDate	Company.ttl	1
hasFullName	Company.ttl	1
hasIndustry	Company.ttl	1
hasJobTitle	Company.ttl	1
hasLastName	Company.ttl	1
hasLocation	Company.ttl	1
hasName	Company.ttl	1
hasPrice	Company.ttl	1
hasRevenue	Company.ttl	1
hasRole	Company.ttl	1
hasSalary	Company.ttl	1
headquarterLocation	Company.ttl	1
industry	Company.ttl	1
isLocatedIn	Company.ttl	1
lastName	Company.ttl	1
locatedIn	Company.ttl	1
location	Company.ttl	1
name	Company.ttl	1
numberOfEmployees	Company.ttl	1
offersService	Company.ttl	1
operatesInIndustry	Company.ttl	1
personAge	Company.ttl	1
personName	Company.ttl	1
personNationality	Company.ttl	1
produces	Company.ttl	1
roleName	Company.ttl	1
state	Company.ttl	1
street	Company.ttl	1
yearEstablished	Company.ttl	1
zipCode	Company.ttl	1
associatedWith	Level.ttl	1
hasDescription	Level.ttl	1
hasDifficulty	Level.ttl	1
hasLevel	Level.ttl	1
hasLevelName	Level.ttl	1
hasLevelNumber	Level.ttl	1
hasNextLevel	Level.ttl	1
hasNumber	Level.ttl	1
hasReward	Level.ttl	1
hasSkill	Level.ttl	1
inGame	Level.ttl	1
isLevelOf	Level.ttl	1
levelDescription	Level.ttl	1
levelIndicator	Level.ttl	1
levelName	Level.ttl	1
levelNumber	Level.ttl	1
levelOf	Level.ttl	1
levelValue	Level.ttl	1
nextLevel	Level.ttl	1
previousLevel	Level.ttl	1
understanding	Level.ttl	1
address	Office.ttl	1
belongsToOffice	Office.ttl	1
computerOn	Office.ttl	1
departmentName	Office.ttl	1
departmentResponsibility	Office.ttl	1
deskIn	Office.ttl	1
email	Office.ttl	1
employeeName	Office.ttl	1
employeeRole	Office.ttl	1
employees	Office.ttl	1
hasChair	Office.ttl	1
hasComputer	Office.ttl	1
hasDepartment	Office.ttl	1
hasDesk	Office.ttl	1
hasEmployee	Office.ttl	1
hasEquipment	Office.ttl	1
hasFurniture	Office.ttl	1
hasLocation	Office.ttl	1
hasName	Office.ttl	1
hasOffice	Office.ttl	1
hasOfficeEquipment	Office.ttl	1
hasOfficeNumber	Office.ttl	1
hasRole	Office.ttl	1
hasRoom	Office.ttl	1
hasStaffMember	Office.ttl	1
hasWorkstation	Office.ttl	1
inCharge	Office.ttl	1
includes	Office.ttl	1
isOccupiedBy	Office.ttl	1
isPartOf	Office.ttl	1
leadsDepartment	Office.ttl	1
locatedIn	Office.ttl	1
location	Office.ttl	1
manages	Office.ttl	1
name	Office.ttl	1
numberOfEmployees	Office.ttl	1
officeID	Office.ttl	1
officeManager	Office.ttl	1
officeNumber	Office.ttl	1
officeSize	Office.ttl	1
partOf	Office.ttl	1
performTask	Office.ttl	1
phoneNumber	Office.ttl	1
staffName	Office.ttl	1
staffRole	Office.ttl	1
useFurniture	Office.ttl	1
uses	Office.ttl	1
usesChair	Office.ttl	1
usesDesk	Office.ttl	1
usesEquipment	Office.ttl	1
worksAt	Office.ttl	1
worksIn	Office.ttl	1
worksInDepartment	Office.ttl	1
hasColor	Chair.ttl	1
hasColour	Chair.ttl	1
hasDepth	Chair.ttl	1
hasHeight	Chair.ttl	1
hasMaterial	Chair.ttl	1
hasPrice	Chair.ttl	1
hasStyle	Chair.ttl	1
hasWeightCapacity	Chair.ttl	1
hasWidth	Chair.ttl	1
manufacturer	Chair.ttl	1
material	Chair.ttl	1
brand	Sofa.ttl	1
color	Sofa.ttl	1
dimensions	Sofa.ttl	1
hasBrand	Sofa.ttl	1
hasColor	Sofa.ttl	1
hasCushion	Sofa.ttl	1
hasDimension	Sofa.ttl	1
hasFabric	Sofa.ttl	1
hasHeight	Sofa.ttl	1
hasLength	Sofa.ttl	1
hasManufacturer	Sofa.ttl	1
hasMaterial	Sofa.ttl	1
hasPrice	Sofa.ttl	1
hasSeats	Sofa.ttl	1
hasSize	Sofa.ttl	1
hasStyle	Sofa.ttl	1
hasWidth	Sofa.ttl	1
isUsedIn	Sofa.ttl	1
manufacturedBy	Sofa.ttl	1
material	Sofa.ttl	1
numSeats	Sofa.ttl	1
price	Sofa.ttl	1
seatsNumber	Sofa.ttl	1
size	Sofa.ttl	1
style	Sofa.ttl	1
typeOfMaterial	Sofa.ttl	1
weight	Sofa.ttl	1
belongsCountry	State.ttl	1
belongsTo	State.ttl	1
capital	State.ttl	1
cityName	State.ttl	1
containsState	State.ttl	1
hasArea	State.ttl	1
hasCapital	State.ttl	1
hasName	State.ttl	1
hasPopulation	State.ttl	1
hasState	State.ttl	1
hasStateCapital	State.ttl	1
isLocatedIn	State.ttl	1
isPartOf	State.ttl	1
isPartOfCountry	State.ttl	1
locatedIn	State.ttl	1
locatedInCountry	State.ttl	1
name	State.ttl	1
partOf	State.ttl	1
population	State.ttl	1
stateName	State.ttl	1
age	Student.ttl	1
attendance	Student.ttl	1
attends	Student.ttl	1
attendsCourse	Student.ttl	1
attendsUniversity	Student.ttl	1
course	Student.ttl	1
courseCode	Student.ttl	1
courseCredit	Student.ttl	1
courseName	Student.ttl	1
courseNumber	Student.ttl	1
courseTitle	Student.ttl	1
enrolledAt	Student.ttl	1
enrolledIn	Student.ttl	1
enrollmentYear	Student.ttl	1
enrollsIn	Student.ttl	1
firstName	Student.ttl	1
gender	Student.ttl	1
grades	Student.ttl	1
hasAge	Student.ttl	1
hasCourseCode	Student.ttl	1
hasCourseTitle	Student.ttl	1
hasGrade	Student.ttl	1
hasID	Student.ttl	1
hasLocation	Student.ttl	1
hasMajor	Student.ttl	1
hasMatriculationID	Student.ttl	1
hasMinor	Student.ttl	1
hasName	Student.ttl	1
hasStudentID	Student.ttl	1
hasUniversityName	Student.ttl	1
id	Student.ttl	1
isEnrolledIn	Student.ttl	1
isEnrolledInCourse	Student.ttl	1
isFullTime	Student.ttl	1
isGraduateStudent	Student.ttl	1
lastName	Student.ttl	1
major	Student.ttl	1
name	Student.ttl	1
studid	Student.ttl	1
studies	Student.ttl	1
studiesAt	Student.ttl	1
studiesCourse	Student.ttl	1
studiesIn	Student.ttl	1
studiesSubject	Student.ttl	1
takes	Student.ttl	1
takesCourseFrom	Student.ttl	1
teaches	Student.ttl	1
yearOfStudy	Student.ttl	1
belongsTo	History.ttl	1
belongsToEra	History.ttl	1
belongsToPeriod	History.ttl	1
birthDate	History.ttl	1
content	History.ttl	1
date	History.ttl	1
deathDate	History.ttl	1
discovered	History.ttl	1
hadParticipant	History.ttl	1
hasCharacter	History.ttl	1
hasDate	History.ttl	1
hasDescription	History.ttl	1
hasEndDate	History.ttl	1
hasEvent	History.ttl	1
hasHappenedIn	History.ttl	1
hasLocation	History.ttl	1
hasName	History.ttl	1
hasPeriod	History.ttl	1
hasStartDate	History.ttl	1
heldIn	History.ttl	1
influentialPerson	History.ttl	1
involvedIn	History.ttl	1
isPartOf	History.ttl	1
livedDuring	History.ttl	1
location	History.ttl	1
name	History.ttl	1
occurredAt	History.ttl	1
occurredDuring	History.ttl	1
occurredIn	History.ttl	1
occursIn	History.ttl	1
participatedIn	History.ttl	1
tookPlaceDuring	History.ttl	1
age	Man.ttl	1
career	Man.ttl	1
ethnicity	Man.ttl	1
fatherOf	Man.ttl	1
hairColor	Man.ttl	1
hasAge	Man.ttl	1
hasChild	Man.ttl	1
hasChildren	Man.ttl	1
hasConcept	Man.ttl	1
hasFather	Man.ttl	1
hasGender	Man.ttl	1
hasJob	Man.ttl	1
hasMother	Man.ttl	1
hasName	Man.ttl	1
hasNationality	Man.ttl	1
hasOccupation	Man.ttl	1
hasParent	Man.ttl	1
hasSibling	Man.ttl	1
hasSpouse	Man.ttl	1
height	Man.ttl	1
isA	Man.ttl	1
isMarried	Man.ttl	1
isMarriedTo	Man.ttl	1
manhasAge	Man.ttl	1
manhasName	Man.ttl	1
manhasOccupation	Man.ttl	1
manisMarried	Man.ttl	1
name	Man.ttl	1
nationality	Man.ttl	1
profession	Man.ttl	1
provides	Man.ttl	1
surname	Man.ttl	1
weight	Man.ttl	1
bodyType	Car.ttl	1
color	Car.ttl	1
engineType	Car.ttl	1
fuelType	Car.ttl	1
hasBrand	Car.ttl	1
hasColor	Car.ttl	1
hasEngine	Car.ttl	1
hasEngineSize	Car.ttl	1
hasMake	Car.ttl	1
hasManufacturer	Car.ttl	1
hasModel	Car.ttl	1
hasPrice	Car.ttl	1
hasProductionYear	Car.ttl	1
hasRegistrationYear	Car.ttl	1
hasVIN	Car.ttl	1
hasYear	Car.ttl	1
horsePower	Car.ttl	1
make	Car.ttl	1
manufacturer	Car.ttl	1
model	Car.ttl	1
year	Car.ttl	1
belongsTo	Eye.ttl	1
canSee	Eye.ttl	1
color	Eye.ttl	1
cornea	Eye.ttl	1
disease	Eye.ttl	1
eyeCondition	Eye.ttl	1
eyeShape	Eye.ttl	1
eyeVision	Eye.ttl	1
function	Eye.ttl	1
hasAnatomy	Eye.ttl	1
hasCiliaryMuscle	Eye.ttl	1
hasColor	Eye.ttl	1
hasCornea	Eye.ttl	1
hasDisease	Eye.ttl	1
hasDisorder	Eye.ttl	1
hasEye	Eye.ttl	1
hasFunction	Eye.ttl	1
hasIris	Eye.ttl	1
hasKinesthesia	Eye.ttl	1
hasLens	Eye.ttl	1
hasLensType	Eye.ttl	1
hasPart	Eye.ttl	1
hasRetina	Eye.ttl	1
hasShape	Eye.ttl	1
hasSize	Eye.ttl	1
hasTreatment	Eye.ttl	1
hasVision	Eye.ttl	1
hasVisualAcuity	Eye.ttl	1
iris	Eye.ttl	1
isPartOf	Eye.ttl	1
lens	Eye.ttl	1
lensMaterial	Eye.ttl	1
lensShape	Eye.ttl	1
lensThickness	Eye.ttl	1
retina	Eye.ttl	1
shape	Eye.ttl	1
sight	Eye.ttl	1
size	Eye.ttl	1
vision	Eye.ttl	1
vission	Eye.ttl	1
eyeCount	Head.ttl	1
hasEar	Head.ttl	1
hasEars	Head.ttl	1
hasEye	Head.ttl	1
hasEyeColor	Head.ttl	1
hasEyes	Head.ttl	1
hasFace	Head.ttl	1
hasForehead	Head.ttl	1
hasHair	Head.ttl	1
hasHairColor	Head.ttl	1
hasHead	Head.ttl	1
hasMouth	Head.ttl	1
hasNose	Head.ttl	1
hasPart	Head.ttl	1
hasSensoryOrgan	Head.ttl	1
hasSkin	Head.ttl	1
provides	Head.ttl	1
boilingPoint	Water.ttl	1
containMinerals	Water.ttl	1
containsSalt	Water.ttl	1
depth	Water.ttl	1
freezingPoint	Water.ttl	1
hardness	Water.ttl	1
hasForm	Water.ttl	1
hasPH	Water.ttl	1
hasPHValue	Water.ttl	1
hasPh	Water.ttl	1
hasPhysicalState	Water.ttl	1
hasSalinity	Water.ttl	1
hasSaltContent	Water.ttl	1
hasSource	Water.ttl	1
hasState	Water.ttl	1
hasTemperature	Water.ttl	1
hasType	Water.ttl	1
hasWaterProperty	Water.ttl	1
isComposedOf	Water.ttl	1
isDrinkingSource	Water.ttl	1
isEssentialFor	Water.ttl	1
isFreshWater	Water.ttl	1
isFrozen	Water.ttl	1
isHabitatFor	Water.ttl	1
isPolluted	Water.ttl	1
isPotable	Water.ttl	1
isSaltWater	Water.ttl	1
isSourceOf	Water.ttl	1
pH	Water.ttl	1
pollutants	Water.ttl	1
provides	Water.ttl	1
salinity	Water.ttl	1
source	Water.ttl	1
temperature	Water.ttl	1
usedIn	Water.ttl	1
water	Water.ttl	1
color	Door.ttl	1
dimension	Door.ttl	1
doorType	Door.ttl	1
hasColor	Door.ttl	1
hasDimension	Door.ttl	1
hasHandle	Door.ttl	1
hasHeight	Door.ttl	1
hasLock	Door.ttl	1
hasMaterial	Door.ttl	1
hasSecurityLevel	Door.ttl	1
hasWidth	Door.ttl	1
isAccessTo	Door.ttl	1
isBarrier	Door.ttl	1
isClosed	Door.ttl	1
isEntranceTo	Door.ttl	1
isLocked	Door.ttl	1
isMadeOf	Door.ttl	1
isOpen	Door.ttl	1
isOpenedBy	Door.ttl	1
locatedIn	Door.ttl	1
lockType	Door.ttl	1
madeOf	Door.ttl	1
manufacturer	Door.ttl	1
material	Door.ttl	1
amount	Money.ttl	1
code	Money.ttl	1
coinValue	Money.ttl	1
country	Money.ttl	1
currency	Money.ttl	1
dateIssued	Money.ttl	1
denomination	Money.ttl	1
hasAmount	Money.ttl	1
hasCurrency	Money.ttl	1
hasCurrencyCode	Money.ttl	1
hasDenomination	Money.ttl	1
hasMaterial	Money.ttl	1
hasValue	Money.ttl	1
isCurrencyOf	Money.ttl	1
isLegalTender	Money.ttl	1
isLegalTenderIn	Money.ttl	1
issuer	Money.ttl	1
material	Money.ttl	1
noteValue	Money.ttl	1
pays	Money.ttl	1
performsTransaction	Money.ttl	1
provides	Money.ttl	1
transfers	Money.ttl	1
value	Money.ttl	1
buys	Business.ttl	1
buysFrom	Business.ttl	1
empName	Business.ttl	1
employeeOf	Business.ttl	1
employs	Business.ttl	1
establishedDate	Business.ttl	1
generates	Business.ttl	1
hasBusinessLocation	Business.ttl	1
hasCEO	Business.ttl	1
hasDepartment	Business.ttl	1
hasEmployee	Business.ttl	1
hasEndTime	Business.ttl	1
hasHeadquarters	Business.ttl	1
hasLocation	Business.ttl	1
hasName	Business.ttl	1
hasOwner	Business.ttl	1
hasProduct	Business.ttl	1
hasRole	Business.ttl	1
hasSector	Business.ttl	1
hasStartTime	Business.ttl	1
hires	Business.ttl	1
industry	Business.ttl	1
isFundedBy	Business.ttl	1
locName	Business.ttl	1
name	Business.ttl	1
offers	Business.ttl	1
offersProduct	Business.ttl	1
offersService	Business.ttl	1
operatesIn	Business.ttl	1
operatesInIndustry	Business.ttl	1
owns	Business.ttl	1
price	Business.ttl	1
prodName	Business.ttl	1
produces	Business.ttl	1
producesProduct	Business.ttl	1
provides	Business.ttl	1
providesService	Business.ttl	1
revenue	Business.ttl	1
salary	Business.ttl	1
sectorName	Business.ttl	1
sells	Business.ttl	1
serves	Business.ttl	1
serviceName	Business.ttl	1
supplies	Business.ttl	1
